epoch_s,gpu_soc_mw,cpu_cv_mw,sys_5v0_mw,total_mw,vddq_mw
1786590135.975995,4767.4,4763.5,6420.5,15951.4,1602.6
1786590136.076406,4767.4,4763.5,6420.5,15951.4,1602.6
1786590136.176110,4767.4,4763.5,6420.5,15951.4,1602.6
1786590136.276541,4767.4,4763.5,6320.2,15851.0,1502.4
1786590136.376769,4767.4,4765.4,6320.2,15853.0,1502.4
1786590136.476645,4370.1,4765.4,6320.2,15455.7,1502.4
1786590136.576723,4370.1,4763.5,6320.2,15453.8,1502.4
1786590136.676837,4767.4,4763.5,6320.2,15851.0,1502.4
1786590136.776583,4767.4,4763.5,6320.2,15851.0,1502.4
1786590136.876372,4767.4,5162.6,6320.2,16250.1,1502.4
1786590136.976449,4767.4,5160.5,6320.2,16248.0,1602.6
1786590137.076460,4370.1,4763.5,6320.2,15453.8,1502.4
1786590137.176521,4370.1,4763.5,6320.2,15453.8,1502.4
1786590137.276557,4767.4,4763.5,6320.2,15851.0,1502.4
1786590137.376529,4767.4,4763.5,6320.2,15851.0,1602.6
1786590137.475970,4767.4,4763.5,6320.2,15851.0,1602.6
1786590137.576552,4767.4,4763.5,6320.2,15851.0,1502.4
1786590137.676321,4767.4,4763.5,6320.2,15851.0,1602.6
1786590137.776345,4767.4,4763.5,6320.2,15851.0,1602.6
1786590137.875750,4370.1,4765.4,6320.2,15455.7,1502.4
1786590137.976393,4370.1,4763.5,6219.8,15353.4,1502.4
1786590138.075601,4370.1,4368.3,6219.8,14958.2,1402.2
1786590138.175537,4370.1,4368.3,6119.5,14857.9,1402.2
1786590138.275462,4370.1,3971.2,5918.9,14260.2,1302.1
1786590138.376319,4370.1,3969.6,5809.3,14149.0,1201.9
1786590138.475545,4370.1,3969.6,5809.3,14149.0,1201.9
1786590138.575562,4370.1,3969.6,5809.3,14149.0,1201.9
1786590138.676119,4370.1,3969.6,5709.1,14048.8,1101.8
1786590138.776077,4368.3,3969.6,5818.6,14156.5,1201.9
1786590138.875957,4370.1,3969.6,5818.6,14158.2,1201.9
1786590138.975585,4370.1,3969.6,5818.6,14158.2,1201.9
1786590139.076427,4370.1,3969.6,5818.6,14158.2,1201.9
1786590139.176538,4368.3,3969.6,5918.9,14256.8,1302.1
1786590139.276556,4368.3,4366.6,6019.2,14754.1,1302.1
1786590139.376794,4368.3,4366.6,6119.5,14854.4,1402.2
1786590139.476426,4368.3,4366.6,6119.5,14854.4,1502.4
1786590139.575754,4368.3,4763.5,6219.8,15351.7,1502.4
1786590139.676512,4368.3,4763.5,6320.2,15452.0,1502.4
1786590139.776249,4368.3,4763.5,6320.2,15452.0,1502.4
1786590139.876657,4368.3,4763.5,6320.2,15452.0,1502.4
1786590139.976517,4765.4,4763.5,6320.2,15849.1,1602.6
1786590140.076159,4767.4,4763.5,6320.2,15851.0,1602.6
1786590140.176644,4767.4,4763.5,6320.2,15851.0,1602.6
1786590140.276595,4767.4,4763.5,6420.5,15951.4,1602.6
1786590140.376371,4767.4,4763.5,6420.5,15951.4,1602.6
1786590140.476092,4767.4,4763.5,6420.5,15951.4,1602.6
1786590140.576656,4767.4,4763.5,6420.5,15951.4,1602.6
1786590140.676580,4767.4,4763.5,6420.5,15951.4,1602.6
1786590140.776246,4767.4,4763.5,6420.5,15951.4,1602.6
1786590140.875885,4767.4,4763.5,6420.5,15951.4,1602.6
1786590140.976119,4767.4,4763.5,6420.5,15951.4,1602.6
1786590141.076133,4765.4,4763.5,6420.5,15949.4,1602.6
1786590141.176500,4765.4,4763.5,6420.5,15949.4,1602.6
1786590141.276609,4765.4,4763.5,6420.5,15949.4,1602.6
1786590141.376124,4765.4,4763.5,6420.5,15949.4,1602.6
1786590141.476185,4765.4,4763.5,6420.5,15949.4,1602.6
1786590141.576535,4765.4,4763.5,6420.5,15949.4,1502.4
1786590141.676332,4767.4,4763.5,6320.2,15851.0,1502.4
1786590141.776027,4370.1,4763.5,6320.2,15453.8,1502.4
1786590141.876156,4370.1,4366.6,6219.8,14956.5,1402.2
1786590141.976067,4370.1,4366.6,6219.8,14956.5,1402.2
1786590142.075790,4370.1,4366.6,6219.8,14956.5,1402.2
1786590142.176595,4370.1,4366.6,6219.8,14956.5,1402.2
1786590142.276474,4370.1,4366.6,6320.2,15056.8,1502.4
1786590142.376436,4767.4,4763.5,6320.2,15851.0,1502.4
1786590142.476185,4767.4,4763.5,6320.2,15851.0,1602.6
1786590142.576184,4370.1,4765.4,6320.2,15455.7,1502.4
1786590142.676332,4370.1,4763.5,6320.2,15453.8,1502.4
1786590142.776187,4767.4,4763.5,6320.2,15851.0,1602.6
1786590142.876173,4767.4,4763.5,6320.2,15851.0,1602.6
1786590142.977156,4767.4,4763.5,6420.5,15951.4,1602.6
1786590143.076851,4767.4,4763.5,6420.5,15951.4,1602.6
1786590143.176599,4767.4,4763.5,6420.5,15951.4,1602.6
1786590143.276571,4767.4,4763.5,6520.8,16051.7,1602.6
1786590143.376123,4767.4,4763.5,6520.8,16051.7,1602.6
1786590143.476500,4767.4,4763.5,6520.8,16051.7,1602.6
1786590143.576476,4767.4,4763.5,6520.8,16051.7,1702.7
1786590143.676324,4767.4,4763.5,6520.8,16051.7,1702.7
1786590143.776079,4767.4,4763.5,6520.8,16051.7,1702.7
1786590143.876343,4767.4,4763.5,6520.8,16051.7,1602.6
1786590143.976476,4767.4,4763.5,6520.8,16051.7,1702.7
1786590144.076684,4767.4,4763.5,6520.8,16051.7,1702.7
1786590144.176383,4767.4,4763.5,6520.8,16051.7,1702.7
1786590144.276408,4767.4,4763.5,6520.8,16051.7,1702.7
1786590144.376527,4767.4,4763.5,6520.8,16051.7,1602.6
1786590144.476490,4767.4,4763.5,6520.8,16051.7,1702.7
1786590144.576462,4767.4,4763.5,6520.8,16051.7,1602.6
1786590144.675965,4767.4,4763.5,6520.8,16051.7,1602.6
1786590144.776405,4767.4,4765.4,6420.5,15953.3,1502.4
1786590144.876594,4767.4,4763.5,6420.5,15951.4,1602.6
1786590144.976442,4767.4,4763.5,6420.5,15951.4,1602.6
1786590145.075742,4767.4,4763.5,6420.5,15951.4,1602.6
1786590145.175843,4767.4,4763.5,6420.5,15951.4,1602.6
1786590145.276047,4370.1,4765.4,6320.2,15455.7,1502.4
1786590145.375818,4370.1,4368.3,6119.5,14857.9,1402.2
1786590145.476492,4370.1,4763.5,6119.5,15253.1,1402.2
1786590145.576787,4370.1,4763.5,6219.8,15353.4,1502.4
1786590145.676642,4370.1,4763.5,6219.8,15353.4,1502.4
1786590145.776603,4767.4,4763.5,6320.2,15851.0,1602.6
1786590145.876931,4767.4,4763.5,6420.5,15951.4,1602.6
1786590145.976439,4767.4,4763.5,6420.5,15951.4,1602.6
1786590146.076669,4767.4,4765.4,6420.5,15953.3,1602.6
1786590146.176780,4767.4,4765.4,6420.5,15953.3,1602.6
1786590146.276667,4767.4,4765.4,6420.5,15953.3,1602.6
1786590146.376861,4767.4,4765.4,6520.8,16053.6,1602.6
1786590146.476141,4767.4,4765.4,6520.8,16053.6,1702.7
1786590146.576423,4767.4,4765.4,6520.8,16053.6,1602.6
1786590146.676272,4767.4,4765.4,6420.5,15953.3,1602.6
1786590146.776477,4767.4,4765.4,6420.5,15953.3,1602.6
1786590146.876407,4767.4,4765.4,6420.5,15953.3,1602.6
1786590146.976454,4767.4,4765.4,6420.5,15953.3,1602.6
1786590147.076735,4767.4,4765.4,6320.2,15853.0,1502.4
1786590147.176545,4767.4,4765.4,6320.2,15853.0,1602.6
1786590147.276527,4767.4,4765.4,6420.5,15953.3,1602.6
1786590147.376417,4370.1,4765.4,6320.2,15455.7,1502.4
1786590147.476335,4370.1,4763.5,6320.2,15453.8,1502.4
1786590147.576485,4370.1,4368.3,6219.8,14958.2,1502.4
1786590147.675642,4370.1,4368.3,6119.5,14857.9,1402.2
1786590147.775338,4370.1,3971.2,5918.9,14260.2,1201.9
1786590147.875335,4370.1,3971.2,5809.3,14150.6,1101.8
1786590147.976594,4370.1,3969.6,5709.1,14048.8,1101.8
1786590148.075679,4370.1,3969.6,5818.6,14158.2,1201.9
1786590148.175858,4370.1,3971.2,5709.1,14050.4,1101.8
1786590148.275330,4370.1,3574.1,5609.0,13553.1,1101.8
1786590148.375343,4370.1,3574.1,5508.8,13453.0,1001.6
1786590148.475307,3972.8,3177.0,5408.6,12558.4,1001.6
1786590148.575727,3972.8,3177.0,5408.6,12558.4,901.4
1786590148.675367,3972.8,3177.0,5408.6,12558.4,901.4
1786590148.775594,3972.8,2779.8,5308.5,12061.1,901.4
1786590148.876037,3972.8,3177.0,5408.6,12558.4,901.4
1786590148.975380,3972.8,3177.0,5408.6,12558.4,1001.6
1786590149.075754,3972.8,3177.0,5408.6,12558.4,1001.6
1786590149.175583,3972.8,3572.6,5508.8,13054.2,1001.6
1786590149.275775,4370.1,3572.6,5609.0,13551.7,1101.8
1786590149.376148,4370.1,3969.6,5609.0,13948.6,1101.8
1786590149.475723,4370.1,3971.2,5609.0,13950.2,1101.8
1786590149.575837,4370.1,3971.2,5718.2,14059.5,1201.9
1786590149.675542,4370.1,3971.2,5609.0,13950.2,1101.8
1786590149.775374,4370.1,3971.2,5609.0,13950.2,1101.8
1786590149.875742,4370.1,3574.1,5508.8,13453.0,1001.6
1786590149.975740,4370.1,3574.1,5609.0,13553.1,1101.8
1786590150.075786,4370.1,3969.6,5609.0,13948.6,1101.8
1786590150.175445,4370.1,3572.6,5609.0,13551.7,1101.8
1786590150.276082,4370.1,3572.6,5609.0,13551.7,1101.8
1786590150.376364,4370.1,3969.6,5609.0,13948.6,1101.8
1786590150.476383,4370.1,3969.6,5818.6,14158.2,1201.9
1786590150.575420,4370.1,3971.2,5818.6,14159.8,1302.1
1786590150.675873,4370.1,3971.2,5818.6,14159.8,1302.1
1786590150.776426,4370.1,4368.3,5918.9,14657.3,1302.1
1786590150.876364,4370.1,4368.3,5918.9,14657.3,1302.1
1786590150.975672,4370.1,4368.3,5918.9,14657.3,1302.1
1786590151.076040,4370.1,4368.3,6019.2,14757.6,1302.1
1786590151.176362,4370.1,4368.3,6019.2,14757.6,1402.2
1786590151.276008,4370.1,4368.3,6019.2,14757.6,1402.2
1786590151.375724,4370.1,4368.3,6019.2,14757.6,1402.2
1786590151.475841,4370.1,4368.3,6119.5,14857.9,1402.2
1786590151.576371,4370.1,4368.3,6019.2,14757.6,1402.2
1786590151.676223,4370.1,4368.3,6019.2,14757.6,1402.2
1786590151.776321,4370.1,4368.3,6119.5,14857.9,1402.2
1786590151.875957,4370.1,4765.4,6119.5,15255.0,1402.2
1786590151.975946,4370.1,4368.3,6119.5,14857.9,1402.2
1786590152.075799,4370.1,4368.3,6119.5,14857.9,1402.2
1786590152.175325,4370.1,4368.3,5918.9,14657.3,1302.1
1786590152.275486,4370.1,3971.2,5918.9,14260.2,1201.9
1786590152.375229,4370.1,3971.2,5709.1,14050.4,1101.8
1786590152.475227,4370.1,3574.1,5609.0,13553.1,1101.8
1786590152.575253,4370.1,3177.0,5508.8,13055.8,1001.6
1786590152.675345,3972.8,3177.0,5408.6,12558.4,901.4
1786590152.775794,4370.1,3177.0,5508.8,13055.8,1001.6
1786590152.875704,4370.1,3574.1,5508.8,13453.0,1001.6
1786590152.975492,4370.1,3574.1,5508.8,13453.0,1001.6
1786590153.075346,4370.1,3177.0,5408.6,12955.7,1001.6
1786590153.175518,3972.8,2779.8,5408.6,12161.3,901.4
1786590153.275248,3972.8,2779.8,5308.5,12061.1,901.4
1786590153.375474,3972.8,2779.8,5308.5,12061.1,901.4
1786590153.475535,3972.8,2778.7,5308.5,12060.0,901.4
1786590153.575656,3972.8,2778.7,5308.5,12060.0,901.4
1786590153.675972,3972.8,2778.7,5308.5,12060.0,901.4
1786590153.775637,4368.3,2778.7,5408.6,12555.7,1001.6
1786590153.875514,4368.3,3175.7,5508.8,13052.8,1101.8
1786590153.976089,4368.3,3572.6,5609.0,13549.9,1201.9
1786590154.076013,4368.3,3572.6,5709.1,13650.1,1201.9
1786590154.176395,4368.3,3572.6,5818.6,13759.5,1201.9
1786590154.275646,4368.3,3969.6,5818.6,14156.5,1302.1
1786590154.375506,4370.1,3969.6,5818.6,14158.2,1201.9
1786590154.475578,4370.1,3574.1,5709.1,13653.3,1201.9
1786590154.575572,4370.1,3175.7,5609.0,13154.7,1101.8
1786590154.675578,4370.1,3175.7,5609.0,13154.7,1101.8
1786590154.775265,4370.1,3177.0,5508.8,13055.8,1001.6
1786590154.875725,4370.1,3175.7,5508.8,13054.6,1001.6
1786590154.975671,4370.1,3175.7,5508.8,13054.6,1101.8
1786590155.075567,4370.1,3175.7,5508.8,13054.6,1001.6
1786590155.175251,4370.1,3177.0,5508.8,13055.8,1001.6
1786590155.275463,3972.8,3175.7,5508.8,12657.3,1001.6
1786590155.375399,3972.8,2778.7,5508.8,12260.3,1001.6
1786590155.475666,4370.1,2778.7,5508.8,12657.6,1001.6
1786590155.575233,3972.8,2779.8,5408.6,12161.3,1001.6
1786590155.675242,3972.8,2382.7,5408.6,11764.2,1001.6
1786590155.775316,3972.8,2382.7,5308.5,11664.0,901.4
1786590155.875551,3972.8,2779.8,5408.6,12161.3,901.4
1786590155.975247,3972.8,2382.7,5308.5,11664.0,901.4
1786590156.075273,3972.8,2382.7,5308.5,11664.0,901.4
1786590156.175218,3972.8,1985.6,5208.3,11166.7,901.4
1786590156.275301,3972.8,1985.6,5208.3,11166.7,801.3
1786590156.375038,3972.8,1985.6,5208.3,11166.7,801.3
1786590156.475270,3972.8,1985.6,5208.3,11166.7,801.3
1786590156.575250,3972.8,1985.6,5208.3,11166.7,801.3
1786590156.675227,3972.8,1985.6,5208.3,11166.7,801.3
1786590156.775356,3972.8,1985.6,5208.3,11166.7,801.3
1786590156.875266,3972.8,1985.6,5208.3,11166.7,901.4
1786590156.975664,3972.8,1985.6,5208.3,11166.7,901.4
1786590157.075598,3972.8,2382.7,5308.5,11664.0,901.4
1786590157.175614,3972.8,2779.8,5308.5,12061.1,901.4
1786590157.275654,3972.8,2779.8,5308.5,12061.1,1001.6
1786590157.375408,3972.8,2779.8,5308.5,12061.1,1001.6
1786590157.475717,3972.8,3175.7,5408.6,12557.1,1001.6
1786590157.575521,3972.8,3175.7,5408.6,12557.1,1001.6
1786590157.675364,3972.8,3175.7,5408.6,12557.1,1001.6
1786590157.775756,3972.8,2778.7,5408.6,12160.2,1001.6
1786590157.875402,3972.8,2778.7,5408.6,12160.2,1001.6
1786590157.975508,3972.8,2778.7,5408.6,12160.2,1001.6
1786590158.075473,3972.8,2778.7,5408.6,12160.2,1001.6
1786590158.175957,3971.2,2778.7,5408.6,12158.6,1001.6
1786590158.275638,4368.3,3175.7,5508.8,13052.8,1101.8
1786590158.375698,4368.3,3175.7,5609.0,13153.0,1101.8
1786590158.475567,4368.3,3572.6,5609.0,13549.9,1101.8
1786590158.575762,4368.3,3572.6,5609.0,13549.9,1201.9
1786590158.675837,4368.3,3572.6,5718.2,13659.2,1201.9
1786590158.775673,4368.3,3572.6,5718.2,13659.2,1201.9
1786590158.875682,4368.3,3969.6,5818.6,14156.5,1201.9
1786590158.975981,4370.1,3572.6,5709.1,13651.8,1201.9
1786590159.075857,4370.1,3572.6,5718.2,13661.0,1201.9
1786590159.175843,4370.1,3969.6,5818.6,14158.2,1201.9
1786590159.275596,4370.1,3969.6,5818.6,14158.2,1201.9
1786590159.375501,4370.1,3969.6,5818.6,14158.2,1201.9
1786590159.475584,4370.1,3969.6,5818.6,14158.2,1302.1
1786590159.575550,4370.1,3969.6,5818.6,14158.2,1302.1
1786590159.675575,4370.1,3969.6,5818.6,14158.2,1302.1
1786590159.775574,4370.1,3969.6,5818.6,14158.2,1302.1
1786590159.875585,4370.1,3969.6,5818.6,14158.2,1201.9
1786590159.975509,4370.1,3969.6,5718.2,14057.9,1201.9
1786590160.075571,4370.1,3969.6,5718.2,14057.9,1201.9
1786590160.175670,4370.1,3969.6,5709.1,14048.8,1201.9
1786590160.275548,4370.1,3969.6,5718.2,14057.9,1201.9
1786590160.375493,4370.1,3969.6,5818.6,14158.2,1201.9
1786590160.475710,4368.3,3969.6,5818.6,14156.5,1201.9
1786590160.575315,4368.3,3969.6,5818.6,14156.5,1201.9
1786590160.675536,4370.1,3969.6,5818.6,14158.2,1201.9
1786590160.775292,4370.1,3969.6,5709.1,14048.8,1201.9
1786590160.875484,4370.1,3177.0,5609.0,13156.0,1101.8
1786590160.976457,4370.1,3572.6,5709.1,13651.8,1101.8
1786590161.075684,4368.3,3572.6,5709.1,13650.1,1201.9
1786590161.175536,4368.3,3572.6,5718.2,13659.2,1201.9
1786590161.275784,4370.1,3969.6,5718.2,14057.9,1201.9
1786590161.375970,4370.1,3969.6,5818.6,14158.2,1201.9
1786590161.475929,4368.3,3969.6,5818.6,14156.5,1302.1
1786590161.575869,4368.3,3969.6,5818.6,14156.5,1201.9
1786590161.675693,4370.1,3969.6,5818.6,14158.2,1201.9
1786590161.775703,4370.1,3969.6,5818.6,14158.2,1201.9
1786590161.875599,4370.1,3969.6,5818.6,14158.2,1201.9
1786590161.976011,4370.1,3969.6,5818.6,14158.2,1201.9
1786590162.076225,4370.1,3969.6,5918.9,14258.6,1302.1
1786590162.175642,4370.1,3969.6,5918.9,14258.6,1302.1
1786590162.275717,4370.1,3969.6,5918.9,14258.6,1302.1
1786590162.375680,4370.1,3969.6,5918.9,14258.6,1201.9
1786590162.475399,4370.1,3971.2,5818.6,14159.8,1201.9
1786590162.575637,4370.1,3971.2,5918.9,14260.2,1302.1
1786590162.675807,4370.1,3969.6,5818.6,14158.2,1201.9
1786590162.775532,4370.1,3969.6,5918.9,14258.6,1302.1
1786590162.876151,4370.1,3969.6,5918.9,14258.6,1302.1
1786590162.975574,4370.1,3969.6,6019.2,14358.9,1402.2
1786590163.075628,4370.1,3969.6,6019.2,14358.9,1402.2
1786590163.175762,4370.1,3969.6,6119.5,14459.2,1402.2
1786590163.276268,4370.1,4366.6,6119.5,14856.2,1402.2
1786590163.375606,4370.1,4366.6,6119.5,14856.2,1402.2
1786590163.475635,4370.1,4368.3,6119.5,14857.9,1402.2
1786590163.575639,4370.1,3971.2,6019.2,14360.5,1402.2
1786590163.675864,4370.1,3971.2,6019.2,14360.5,1402.2
1786590163.775842,4370.1,3971.2,6019.2,14360.5,1302.1
1786590163.875677,4370.1,3971.2,6019.2,14360.5,1302.1
1786590163.975455,4370.1,3971.2,5918.9,14260.2,1302.1
1786590164.075371,4370.1,3971.2,5818.6,14159.8,1201.9
1786590164.175386,4370.1,3969.6,5818.6,14158.2,1201.9
1786590164.275223,4370.1,3177.0,5609.0,13156.0,1101.8
1786590164.375079,4370.1,2779.8,5508.8,12658.7,1001.6
1786590164.475118,3972.8,2382.7,5308.5,11664.0,901.4
1786590164.575068,3972.8,1985.6,5208.3,11166.7,801.3
1786590164.675053,3972.8,1588.5,5208.3,10769.6,801.3
1786590164.775002,3972.8,1588.5,5108.2,10669.4,701.1
1786590164.874895,3972.8,1191.4,5008.0,10172.2,701.1
1786590164.975004,3972.8,1191.4,5008.0,10172.2,701.1
1786590165.074965,3972.8,793.9,5008.0,9774.7,701.1
1786590165.175036,3972.8,793.9,4907.8,9674.6,601.0
1786590165.275208,3972.8,793.9,4907.8,9674.6,601.0
1786590165.374978,3972.8,793.9,4907.8,9674.6,601.0
1786590165.475169,3972.8,794.2,4907.8,9674.9,601.0
1786590165.574979,3972.8,794.2,4907.8,9674.9,601.0
1786590165.674953,3972.8,794.2,4907.8,9674.9,601.0
1786590165.774973,3972.8,793.9,4907.8,9674.6,601.0
1786590165.875014,3972.8,793.9,4807.7,9574.4,601.0
1786590165.975070,3972.8,397.0,4807.7,9177.4,601.0
1786590166.075015,3972.8,397.0,4807.7,9177.4,601.0
1786590166.175081,3972.8,397.0,4807.7,9177.4,601.0
1786590166.275318,3971.2,793.9,4907.8,9673.0,601.0
1786590166.374981,3971.2,793.9,4807.7,9572.8,601.0
1786590166.474936,3971.2,397.0,4807.7,9175.8,601.0
1786590166.575059,3971.2,397.0,4807.7,9175.8,601.0
1786590166.674930,3971.2,397.0,4807.7,9175.8,601.0
1786590166.774991,3971.2,397.0,4807.7,9175.8,601.0
1786590166.874942,3971.2,397.0,4807.7,9175.8,601.0
1786590166.974978,3971.2,397.0,4807.7,9175.8,601.0
1786590167.075120,3971.2,793.9,4807.7,9572.8,601.0
1786590167.175069,3971.2,793.9,4907.8,9673.0,601.0
1786590167.275240,3971.2,793.9,4907.8,9673.0,601.0
1786590167.375123,3971.2,793.9,4907.8,9673.0,601.0
1786590167.475298,3971.2,793.9,4907.8,9673.0,701.1
1786590167.575310,3971.2,1190.9,5008.0,10170.1,701.1
1786590167.675000,3971.2,1190.9,5008.0,10170.1,701.1
1786590167.774934,3971.2,1190.9,5008.0,10170.1,701.1
1786590167.874969,3971.2,1190.9,5008.0,10170.1,701.1
1786590167.975001,3971.2,793.9,4907.8,9673.0,701.1
1786590168.075014,3971.2,793.9,4907.8,9673.0,701.1
1786590168.174982,3971.2,793.9,4907.8,9673.0,601.0
1786590168.275001,3971.2,793.9,4907.8,9673.0,601.0
1786590168.374991,3971.2,793.9,4907.8,9673.0,601.0
1786590168.475171,3971.2,793.9,4907.8,9673.0,601.0
1786590168.575235,3971.2,793.9,4907.8,9673.0,701.1
1786590168.675221,3971.2,1190.9,4907.8,10069.9,701.1
1786590168.775269,3971.2,1190.9,5008.0,10170.1,701.1
1786590168.875108,3971.2,1190.9,5008.0,10170.1,701.1
1786590168.974977,3971.2,793.9,4907.8,9673.0,701.1
1786590169.074919,3971.2,793.9,4907.8,9673.0,701.1
1786590169.174957,3971.2,793.9,4907.8,9673.0,601.0
1786590169.275196,3971.2,793.9,4907.8,9673.0,601.0
1786590169.374928,3971.2,793.9,4907.8,9673.0,601.0
1786590169.475549,3971.2,793.9,4907.8,9673.0,601.0
1786590169.575410,3971.2,1190.9,5008.0,10170.1,701.1
1786590169.675194,3971.2,1190.9,4907.8,10069.9,701.1
1786590169.775012,3972.8,793.9,4907.8,9674.6,701.1
1786590169.874970,3972.8,793.9,4907.8,9674.6,601.0
1786590169.975064,3972.8,793.9,4907.8,9674.6,601.0
1786590170.075016,3972.8,793.9,4907.8,9674.6,601.0
1786590170.174981,3972.8,793.9,4907.8,9674.6,601.0
1786590170.275002,3972.8,793.9,4907.8,9674.6,601.0
1786590170.375007,3972.8,793.9,4807.7,9574.4,601.0
1786590170.475220,3971.2,793.9,4907.8,9673.0,601.0
1786590170.575219,3971.2,793.9,4907.8,9673.0,601.0
1786590170.675286,3971.2,1190.9,4907.8,10069.9,701.1
1786590170.775309,3971.2,1190.9,5008.0,10170.1,701.1
1786590170.875148,3971.2,1190.9,5008.0,10170.1,701.1
1786590170.975147,3971.2,1190.9,5008.0,10170.1,701.1
1786590171.075003,3971.2,1190.9,5008.0,10170.1,701.1
1786590171.175132,3971.2,1190.9,5008.0,10170.1,801.3
1786590171.275331,3971.2,1190.9,5108.2,10270.2,801.3
1786590171.375324,3971.2,1190.9,5108.2,10270.2,801.3
1786590171.475316,3971.2,1190.9,5108.2,10270.2,801.3
1786590171.575278,3971.2,1190.9,5108.2,10270.2,801.3
1786590171.675281,3971.2,1190.9,5108.2,10270.2,801.3
1786590171.775379,3971.2,1190.9,5108.2,10270.2,801.3
1786590171.875395,3971.2,1190.9,5108.2,10270.2,801.3
1786590171.975267,3971.2,1190.9,5108.2,10270.2,801.3
1786590172.075341,3972.8,1190.9,5108.2,10271.8,801.3
1786590172.175328,3972.8,1190.9,5108.2,10271.8,801.3
1786590172.275272,3972.8,1190.9,5108.2,10271.8,801.3
1786590172.375335,3972.8,1190.9,5108.2,10271.8,801.3
1786590172.475384,3972.8,1190.9,5108.2,10271.8,801.3
1786590172.575337,3972.8,1190.9,5108.2,10271.8,801.3
1786590172.675303,3972.8,1190.9,5108.2,10271.8,801.3
1786590172.775278,3972.8,1190.9,5108.2,10271.8,801.3
1786590172.875268,3972.8,1190.9,5108.2,10271.8,801.3
1786590172.975250,3972.8,1191.4,5108.2,10272.3,801.3
1786590173.075100,3972.8,1191.4,5108.2,10272.3,801.3
1786590173.175226,3972.8,1191.4,5108.2,10272.3,801.3
1786590173.275233,3972.8,1588.5,5008.0,10569.3,701.1
1786590173.375152,3972.8,1588.5,5008.0,10569.3,701.1
1786590173.475607,3972.8,1587.8,5108.2,10668.8,801.3
1786590173.575279,3972.8,1588.5,5108.2,10669.4,801.3
1786590173.675135,3972.8,1588.5,5108.2,10669.4,801.3
1786590173.775187,3972.8,1588.5,5008.0,10569.3,701.1
1786590173.875346,3972.8,1587.8,5008.0,10568.6,701.1
1786590173.975441,3972.8,1587.8,5108.2,10668.8,801.3
1786590174.075282,3972.8,1587.8,5108.2,10668.8,801.3
1786590174.175488,3972.8,1587.8,5108.2,10668.8,801.3
1786590174.275177,3972.8,1587.8,5108.2,10668.8,801.3
1786590174.374939,3972.8,1190.9,5008.0,10171.7,701.1
1786590174.474909,3972.8,1190.9,5008.0,10171.7,701.1
1786590174.575023,3972.8,1190.9,5008.0,10171.7,701.1
1786590174.674957,3972.8,793.9,4907.8,9674.6,701.1
1786590174.774989,3972.8,793.9,4907.8,9674.6,601.0
1786590174.874952,3972.8,793.9,4907.8,9674.6,601.0
1786590174.974981,3972.8,793.9,4907.8,9674.6,601.0
1786590175.074914,3972.8,793.9,4907.8,9674.6,601.0
1786590175.174954,3971.2,793.9,4907.8,9673.0,601.0
1786590175.275614,3971.2,793.9,4907.8,9673.0,601.0
1786590175.375129,3971.2,793.9,4907.8,9673.0,701.1
1786590175.475164,3971.2,793.9,4907.8,9673.0,601.0
1786590175.574973,3971.2,793.9,4907.8,9673.0,601.0
1786590175.674967,3971.2,793.9,4907.8,9673.0,601.0
1786590175.774962,3971.2,793.9,4907.8,9673.0,601.0
1786590175.874996,3971.2,793.9,4807.7,9572.8,601.0
1786590175.975055,3971.2,793.9,4807.7,9572.8,601.0
1786590176.075059,3971.2,793.9,4807.7,9572.8,601.0
1786590176.175003,3971.2,397.0,4807.7,9175.8,601.0
1786590176.275002,3971.2,397.0,4807.7,9175.8,601.0
1786590176.374919,3971.2,397.0,4807.7,9175.8,601.0
1786590176.474956,3971.2,397.0,4807.7,9175.8,601.0
1786590176.574918,3971.2,397.0,4807.7,9175.8,601.0
1786590176.674931,3971.2,397.0,4807.7,9175.8,601.0
1786590176.774940,3971.2,397.0,4807.7,9175.8,601.0
1786590176.874958,3971.2,397.0,4807.7,9175.8,601.0
1786590176.974995,3971.2,397.0,4807.7,9175.8,601.0
1786590177.074951,3971.2,397.0,4807.7,9175.8,601.0
1786590177.175002,3971.2,397.0,4807.7,9175.8,601.0
1786590177.275069,3971.2,397.0,4807.7,9175.8,601.0
1786590177.375272,3971.2,397.0,4907.8,9276.0,601.0
1786590177.475280,3971.2,793.9,4907.8,9673.0,601.0
1786590177.575039,3971.2,793.9,4907.8,9673.0,601.0
1786590177.674919,3971.2,793.9,4907.8,9673.0,601.0
1786590177.774925,3971.2,793.9,4907.8,9673.0,601.0
1786590177.874954,3971.2,397.0,4807.7,9175.8,601.0
1786590177.974988,3971.2,397.0,4807.7,9175.8,601.0
1786590178.074961,3971.2,397.0,4807.7,9175.8,601.0
1786590178.175027,3971.2,397.0,4807.7,9175.8,601.0
1786590178.275074,3971.2,397.0,4807.7,9175.8,601.0
1786590178.374938,3971.2,397.0,4807.7,9175.8,601.0
1786590178.474948,3971.2,397.0,4807.7,9175.8,601.0
1786590178.574979,3971.2,397.0,4807.7,9175.8,601.0
1786590178.674956,3971.2,397.0,4807.7,9175.8,601.0
1786590178.775348,3971.2,793.9,4907.8,9673.0,601.0
1786590178.874990,3972.8,793.9,4907.8,9674.6,601.0
1786590178.975170,3972.8,793.9,4907.8,9674.6,601.0
1786590179.074985,3972.8,793.9,4907.8,9674.6,601.0
1786590179.175060,3972.8,794.2,4807.7,9574.7,601.0
1786590179.274980,3972.8,397.1,4807.7,9177.6,601.0
1786590179.375312,3972.8,794.2,4807.7,9574.7,601.0
1786590179.475246,3972.8,794.2,4907.8,9674.9,601.0
1786590179.575230,3972.8,794.2,4907.8,9674.9,701.1
1786590179.675481,3972.8,1191.4,4907.8,10072.0,701.1
1786590179.775373,3972.8,1191.4,5008.0,10172.2,701.1
1786590179.875062,3972.8,1191.4,5008.0,10172.2,701.1
1786590179.974933,3972.8,794.2,4907.8,9674.9,701.1
1786590180.074921,3972.8,794.2,4907.8,9674.9,701.1
1786590180.175009,3972.8,794.2,4907.8,9674.9,601.0
1786590180.274993,3972.8,794.2,4907.8,9674.9,601.0
1786590180.374971,3972.8,794.2,4907.8,9674.9,601.0
1786590180.475026,3972.8,794.2,4907.8,9674.9,601.0
1786590180.575018,3972.8,794.2,4907.8,9674.9,601.0
1786590180.674987,3972.8,794.2,4807.7,9574.7,601.0
1786590180.775105,3972.8,793.9,4807.7,9574.4,601.0
1786590180.875006,3972.8,397.0,4807.7,9177.4,601.0
1786590180.975060,3971.2,397.0,4807.7,9175.8,601.0
1786590181.074938,3971.2,397.0,4807.7,9175.8,601.0
1786590181.174911,3971.2,397.0,4807.7,9175.8,601.0
1786590181.274969,3971.2,397.0,4807.7,9175.8,601.0
1786590181.375286,3971.2,793.9,4807.7,9572.8,601.0
1786590181.475235,3971.2,793.9,4807.7,9572.8,601.0
1786590181.575011,3971.2,793.9,4807.7,9572.8,601.0
1786590181.674901,3971.2,397.0,4807.7,9175.8,601.0
1786590181.774967,3971.2,397.0,4807.7,9175.8,601.0
1786590181.874898,3971.2,397.0,4807.7,9175.8,601.0
1786590181.975259,3971.2,793.9,4807.7,9572.8,601.0
1786590182.075041,3971.2,793.9,4807.7,9572.8,601.0
1786590182.175080,3971.2,793.9,4807.7,9572.8,601.0
1786590182.275048,3971.2,793.9,4807.7,9572.8,601.0
1786590182.374923,3971.2,397.0,4807.7,9175.8,601.0
1786590182.475053,3971.2,397.0,4907.8,9276.0,601.0
1786590182.575007,3971.2,397.0,4807.7,9175.8,601.0
1786590182.675046,3971.2,397.0,4807.7,9175.8,601.0
1786590182.775048,3971.2,397.0,4807.7,9175.8,601.0
1786590182.874935,3971.2,397.0,4807.7,9175.8,601.0
1786590182.975304,3971.2,397.0,4807.7,9175.8,601.0
1786590183.075254,3971.2,793.9,4907.8,9673.0,601.0
1786590183.175005,3971.2,793.9,4907.8,9673.0,601.0
1786590183.275094,3971.2,793.9,4907.8,9673.0,601.0
1786590183.375174,3971.2,793.9,4907.8,9673.0,601.0
1786590183.475229,3971.2,793.9,4907.8,9673.0,601.0
1786590183.575008,3971.2,793.9,4807.7,9572.8,601.0
1786590183.674970,3971.2,397.0,4807.7,9175.8,601.0
1786590183.774913,3971.2,397.0,4807.7,9175.8,601.0
1786590183.874972,3971.2,397.0,4807.7,9175.8,601.0
1786590183.974994,3971.2,397.0,4807.7,9175.8,601.0
1786590184.074913,3971.2,397.0,4807.7,9175.8,601.0
1786590184.175249,3971.2,793.9,4907.8,9673.0,601.0
1786590184.275237,3971.2,793.9,4907.8,9673.0,601.0
1786590184.374967,3971.2,793.9,4907.8,9673.0,601.0
1786590184.474903,3972.8,793.9,4907.8,9674.6,601.0
1786590184.574935,3972.8,793.9,4807.7,9574.4,601.0
1786590184.674972,3972.8,397.0,4807.7,9177.4,601.0
1786590184.774972,3971.2,793.9,4907.8,9673.0,601.0
1786590184.874958,3972.8,793.9,4807.7,9574.4,601.0
1786590184.975222,3971.2,793.9,4907.8,9673.0,601.0
1786590185.075250,3971.2,793.9,4907.8,9673.0,701.1
1786590185.175309,3971.2,1190.9,4907.8,10069.9,701.1
1786590185.275505,3971.2,1190.9,5008.0,10170.1,701.1
1786590185.375234,3971.2,1190.9,5008.0,10170.1,701.1
1786590185.475179,3971.2,1190.9,4907.8,10069.9,701.1
1786590185.574957,3971.2,793.9,4907.8,9673.0,701.1
1786590185.674964,3971.2,793.9,4907.8,9673.0,601.0
1786590185.774905,3971.2,793.9,4907.8,9673.0,601.0
1786590185.874930,3971.2,793.9,4907.8,9673.0,601.0
1786590185.975029,3972.8,793.9,4907.8,9674.6,601.0
1786590186.074934,3972.8,793.9,4807.7,9574.4,601.0
1786590186.174930,3972.8,793.9,4807.7,9574.4,601.0
1786590186.274957,3972.8,793.9,4807.7,9574.4,601.0
1786590186.374908,3972.8,397.0,4807.7,9177.4,601.0
1786590186.475216,3971.2,793.9,4807.7,9572.8,601.0
1786590186.574932,3971.2,793.9,4807.7,9572.8,601.0
1786590186.674922,3971.2,397.0,4807.7,9175.8,601.0
1786590186.775134,3971.2,793.9,4807.7,9572.8,601.0
1786590186.874942,3971.2,397.0,4807.7,9175.8,601.0
1786590186.974967,3971.2,397.0,4807.7,9175.8,601.0
1786590187.074990,3971.2,397.0,4807.7,9175.8,601.0
1786590187.174996,3971.2,397.0,4807.7,9175.8,601.0
1786590187.274960,3971.2,397.0,4807.7,9175.8,601.0
1786590187.375230,3971.2,397.0,4807.7,9175.8,601.0
1786590187.475214,3971.2,397.0,4807.7,9175.8,601.0
1786590187.575006,3971.2,397.0,4807.7,9175.8,601.0
1786590187.675473,3971.2,793.9,4907.8,9673.0,601.0
1786590187.775128,3971.2,793.9,4907.8,9673.0,601.0
1786590187.874941,3971.2,793.9,4807.7,9572.8,601.0
1786590187.975077,3971.2,793.9,4807.7,9572.8,601.0
1786590188.074905,3971.2,793.9,4807.7,9572.8,601.0
1786590188.174909,3971.2,397.0,4807.7,9175.8,601.0
1786590188.274939,3971.2,397.0,4807.7,9175.8,601.0
1786590188.375007,3971.2,397.0,4807.7,9175.8,601.0
1786590188.474956,3971.2,397.0,4807.7,9175.8,601.0
1786590188.574972,3971.2,397.0,4807.7,9175.8,601.0
1786590188.675077,3971.2,397.0,4807.7,9175.8,601.0
1786590188.775242,3971.2,793.9,4807.7,9572.8,601.0
1786590188.874912,3972.8,397.0,4807.7,9177.4,601.0
1786590188.974933,3972.8,397.0,4807.7,9177.4,601.0
1786590189.074931,3972.8,397.0,4807.7,9177.4,601.0
1786590189.174937,3972.8,397.0,4807.7,9177.4,601.0
1786590189.274951,3972.8,397.0,4807.7,9177.4,601.0
1786590189.375246,3972.8,793.9,4807.7,9574.4,601.0
1786590189.475276,3972.8,793.9,4807.7,9574.4,601.0
1786590189.574974,3972.8,793.9,4807.7,9574.4,601.0
1786590189.674898,3972.8,397.1,4807.7,9177.6,601.0
1786590189.774876,3972.8,397.1,4807.7,9177.6,601.0
1786590189.874909,3972.8,397.1,4807.7,9177.6,601.0
1786590189.974978,3972.8,397.1,4807.7,9177.6,601.0
1786590190.075056,3972.8,397.1,4807.7,9177.6,601.0
1786590190.174975,3972.8,397.1,4807.7,9177.6,601.0
1786590190.275006,3972.8,397.1,4807.7,9177.6,601.0
1786590190.374965,3972.8,397.1,4807.7,9177.6,601.0
1786590190.475217,3972.8,794.2,4807.7,9574.7,601.0
1786590190.575197,3972.8,794.2,4907.8,9674.9,701.1
1786590190.675124,3972.8,1191.4,4907.8,10072.0,701.1
1786590190.775418,3972.8,1191.4,5008.0,10172.2,701.1
1786590190.875128,3972.8,1191.4,5008.0,10172.2,701.1
1786590190.974983,3972.8,1191.4,4907.8,10072.0,701.1
1786590191.074931,3972.8,794.2,4907.8,9674.9,701.1
1786590191.174915,3972.8,794.2,4907.8,9674.9,601.0
1786590191.274980,3972.8,794.2,4907.8,9674.9,601.0
1786590191.375294,3972.8,794.2,4907.8,9674.9,601.0
1786590191.475361,3972.8,794.2,4907.8,9674.9,601.0
1786590191.575121,3972.8,794.2,4907.8,9674.9,601.0
1786590191.675033,3972.8,794.2,4907.8,9674.9,601.0
1786590191.775065,3972.8,794.2,4807.7,9574.7,601.0
1786590191.874960,3972.8,794.2,4807.7,9574.7,601.0
1786590191.975056,3972.8,794.2,4807.7,9574.7,601.0
1786590192.075221,3972.8,794.2,4807.7,9574.7,601.0
1786590192.174977,3972.8,794.2,4807.7,9574.7,601.0
1786590192.275020,3972.8,794.2,4807.7,9574.7,601.0
1786590192.375110,3972.8,794.2,4807.7,9574.7,601.0
1786590192.475110,3972.8,793.9,4907.8,9674.6,601.0
1786590192.574922,3972.8,794.2,4907.8,9674.9,601.0
1786590192.674940,3972.8,794.2,4807.7,9574.7,601.0
1786590192.774995,3972.8,397.1,4807.7,9177.6,601.0
1786590192.874944,3972.8,397.1,4807.7,9177.6,601.0
1786590192.975171,3972.8,793.9,4907.8,9674.6,601.0
1786590193.074994,3972.8,794.2,4807.7,9574.7,601.0
1786590193.174905,3972.8,794.2,4807.7,9574.7,601.0
1786590193.274903,3972.8,397.1,4807.7,9177.6,601.0
1786590193.375208,3972.8,397.1,4807.7,9177.6,601.0
1786590193.475181,3972.8,397.1,4807.7,9177.6,601.0
1786590193.574943,3972.8,397.1,4807.7,9177.6,601.0
1786590193.674944,3972.8,397.1,4807.7,9177.6,601.0
1786590193.774962,3972.8,397.1,4807.7,9177.6,601.0
1786590193.874914,3972.8,397.1,4807.7,9177.6,601.0
1786590193.974950,3972.8,397.1,4807.7,9177.6,601.0
1786590194.074990,3972.8,397.1,4807.7,9177.6,601.0
1786590194.175376,3972.8,794.2,4807.7,9574.7,601.0
1786590194.274934,3972.8,794.2,4807.7,9574.7,601.0
1786590194.374931,3972.8,794.2,4807.7,9574.7,601.0
1786590194.474928,3972.8,397.1,4807.7,9177.6,601.0
1786590194.574927,3972.8,397.1,4807.7,9177.6,601.0
1786590194.674959,3972.8,397.1,4807.7,9177.6,601.0
1786590194.774982,3972.8,397.1,4807.7,9177.6,601.0
1786590194.874942,3972.8,397.1,4807.7,9177.6,601.0
1786590194.974953,3972.8,397.1,4807.7,9177.6,601.0
1786590195.074951,3972.8,397.1,4807.7,9177.6,601.0
1786590195.174955,3972.8,397.1,4807.7,9177.6,601.0
1786590195.275248,3972.8,397.1,4807.7,9177.6,601.0
1786590195.375295,3972.8,794.2,4807.7,9574.7,601.0
1786590195.475379,3972.8,794.2,4907.8,9674.9,601.0
1786590195.574963,3972.8,794.2,4907.8,9674.9,601.0
1786590195.674960,3972.8,794.2,4807.7,9574.7,601.0
1786590195.774940,3972.8,794.2,4807.7,9574.7,601.0
1786590195.874964,3972.8,794.2,4807.7,9574.7,601.0
1786590195.975142,3972.8,794.2,4807.7,9574.7,601.0
1786590196.075652,3972.8,793.9,4907.8,9674.6,701.1
1786590196.175318,3972.8,1191.4,4907.8,10072.0,701.1
1786590196.275386,3972.8,1190.9,5008.0,10171.7,701.1
1786590196.375190,3972.8,1191.4,4907.8,10072.0,701.1
1786590196.474980,3972.8,794.2,4907.8,9674.9,701.1
1786590196.574941,3972.8,794.2,4907.8,9674.9,701.1
1786590196.674910,3972.8,794.2,4907.8,9674.9,601.0
1786590196.774911,3972.8,794.2,4907.8,9674.9,601.0
1786590196.874978,3972.8,793.9,4907.8,9674.6,601.0
1786590196.974991,3972.8,793.9,4807.7,9574.4,601.0
1786590197.075110,3972.8,793.9,4807.7,9574.4,601.0
1786590197.175096,3972.8,397.1,4807.7,9177.6,601.0
1786590197.275258,3972.8,793.9,4907.8,9674.6,601.0
1786590197.375176,3972.8,794.2,4907.8,9674.9,701.1
1786590197.475729,3972.8,1190.9,5008.0,10171.7,701.1
1786590197.575264,3972.8,1588.5,5108.2,10669.4,801.3
1786590197.675646,3972.8,1588.5,5008.0,10569.3,801.3
1786590197.775315,3972.8,1588.5,5108.2,10669.4,801.3
1786590197.875082,3972.8,1191.4,5008.0,10172.2,701.1
1786590197.975180,3972.8,1191.4,5008.0,10172.2,701.1
1786590198.075272,3972.8,1191.4,5008.0,10172.2,701.1
1786590198.175162,3972.8,1191.4,5008.0,10172.2,701.1
1786590198.274936,3972.8,1191.4,5008.0,10172.2,701.1
1786590198.375470,3972.8,1191.4,5008.0,10172.2,701.1
1786590198.475175,3972.8,1191.4,5008.0,10172.2,701.1
1786590198.575125,3972.8,1191.4,5108.2,10272.3,701.1
1786590198.674966,3972.8,1191.4,5208.3,10372.5,701.1
1786590198.775018,3972.8,794.2,5308.5,10075.5,701.1
1786590198.875210,3972.8,794.2,5308.5,10075.5,701.1
1786590198.975013,3972.8,794.2,5408.6,10175.7,701.1
1786590199.075050,3972.8,1191.4,5408.6,10572.8,701.1
1786590199.175054,3972.8,1191.4,5308.5,10472.6,701.1
1786590199.274976,3972.8,1191.4,5208.3,10372.5,701.1
1786590199.375360,3972.8,1191.4,5208.3,10372.5,801.3
1786590199.475302,3972.8,1191.4,5208.3,10372.5,801.3
1786590199.575172,3972.8,1191.4,5108.2,10272.3,801.3
1786590199.675088,3972.8,1191.4,5108.2,10272.3,701.1
1786590199.775270,3972.8,1191.4,5108.2,10272.3,801.3
1786590199.875184,3972.8,1191.4,5208.3,10372.5,801.3
1786590199.974917,3972.8,1191.4,5108.2,10272.3,801.3
1786590200.075036,3972.8,1191.4,5108.2,10272.3,801.3
1786590200.175029,3972.8,1191.4,5108.2,10272.3,801.3
1786590200.274948,3972.8,1191.4,5108.2,10272.3,801.3
1786590200.374965,3972.8,1191.4,5108.2,10272.3,801.3
1786590200.475005,3972.8,1190.9,5008.0,10171.7,701.1
1786590200.575120,3972.8,1190.9,5008.0,10171.7,701.1
1786590200.675088,3972.8,1190.9,5008.0,10171.7,701.1
1786590200.775100,3972.8,1190.9,5008.0,10171.7,701.1
1786590200.875121,3972.8,1190.9,5008.0,10171.7,701.1
1786590200.975183,3972.8,1190.9,5008.0,10171.7,701.1
1786590201.075146,3972.8,1190.9,5008.0,10171.7,701.1
1786590201.175001,3971.2,1190.9,5008.0,10170.1,701.1
1786590201.275105,3971.2,1190.9,5008.0,10170.1,701.1
1786590201.375369,3971.2,1190.9,5008.0,10170.1,701.1
1786590201.475345,3971.2,1190.9,5008.0,10170.1,701.1
1786590201.575355,3971.2,1587.8,5008.0,10567.0,801.3
1786590201.675474,3971.2,1587.8,5108.2,10667.2,801.3
1786590201.775700,3971.2,1587.8,5108.2,10667.2,801.3
1786590201.875358,3971.2,1587.8,5108.2,10667.2,801.3
1786590201.975041,3971.2,1587.8,5108.2,10667.2,801.3
1786590202.075212,3971.2,1587.8,5008.0,10567.0,801.3
1786590202.175171,3971.2,1190.9,5008.0,10170.1,801.3
1786590202.275107,3971.2,1190.9,5008.0,10170.1,701.1
1786590202.375259,3972.8,1190.9,5008.0,10171.7,701.1
1786590202.475130,3972.8,1190.9,5008.0,10171.7,701.1
1786590202.575129,3972.8,1190.9,5008.0,10171.7,701.1
1786590202.675137,3972.8,1190.9,5008.0,10171.7,701.1
1786590202.775305,3972.8,1190.9,5008.0,10171.7,701.1
1786590202.875087,3972.8,1190.9,5008.0,10171.7,701.1
1786590202.974964,3972.8,1190.9,5008.0,10171.7,701.1
1786590203.075430,3972.8,1190.9,5008.0,10171.7,701.1
1786590203.175283,3972.8,1190.9,5008.0,10171.7,801.3
1786590203.274923,3972.8,1190.9,5008.0,10171.7,701.1
1786590203.375517,3972.8,1190.9,5008.0,10171.7,701.1
1786590203.475276,3972.8,1190.9,5008.0,10171.7,701.1
1786590203.575054,3972.8,1190.9,5008.0,10171.7,701.1
1786590203.675132,3972.8,1190.9,5008.0,10171.7,701.1
1786590203.774998,3972.8,1190.9,5008.0,10171.7,701.1
1786590203.875046,3972.8,1190.9,5008.0,10171.7,701.1
1786590203.975354,3972.8,1190.9,5008.0,10171.7,701.1
1786590204.075000,3972.8,1191.4,5008.0,10172.2,701.1
1786590204.175355,3972.8,1191.4,5008.0,10172.2,701.1
1786590204.275262,3972.8,1191.4,5108.2,10272.3,801.3
1786590204.375240,3972.8,1191.4,5108.2,10272.3,801.3
1786590204.475049,3972.8,1191.4,5208.3,10372.5,901.4
1786590204.575236,3972.8,1191.4,5208.3,10372.5,901.4
1786590204.675066,3972.8,1191.4,5208.3,10372.5,901.4
1786590204.775255,4370.1,1191.4,5208.3,10769.8,901.4
1786590204.875112,4370.1,1191.4,5308.5,10869.9,1001.6
1786590204.974979,4370.1,1191.4,5308.5,10869.9,1001.6
1786590205.075020,4370.1,1191.4,5308.5,10869.9,1001.6
1786590205.174965,3972.8,1191.4,5208.3,10372.5,901.4
1786590205.275013,4370.1,1190.9,5408.6,10969.6,1101.8
1786590205.375338,4767.4,1588.5,5709.1,12065.0,1302.1
1786590205.475260,4767.4,1588.5,6009.6,12365.4,1502.4
1786590205.575218,5164.6,1588.5,6209.9,12963.0,1602.6
1786590205.675046,5164.6,1588.5,6310.1,13063.2,1702.7
1786590205.775033,5164.6,1588.5,6410.2,13163.4,1802.9
1786590205.875087,5164.6,1588.5,6209.9,12963.0,1602.6
1786590205.974948,4767.4,1588.5,5909.4,12265.3,1302.1
1786590206.074989,4767.4,1588.5,5709.1,12065.0,1201.9
1786590206.175077,4370.1,1588.5,5609.0,11567.5,1001.6
1786590206.275229,4370.1,1588.5,5508.8,11467.4,1001.6
1786590206.374971,4370.1,1588.5,5408.6,11367.2,1001.6
1786590206.475042,4370.1,1588.5,5408.6,11367.2,1001.6
1786590206.575224,4370.1,1190.9,5408.6,10969.6,1001.6
1786590206.675123,4370.1,1190.9,5408.6,10969.6,1001.6
1786590206.775282,4370.1,1190.9,5308.5,10869.4,1001.6
1786590206.875123,4765.4,1190.9,5609.0,11565.3,1201.9
1786590206.975311,4370.1,1190.9,5508.8,11069.8,1101.8
1786590207.075109,5559.7,1587.8,5909.4,13057.0,1402.2
1786590207.175186,6353.9,1587.8,6410.2,14352.0,1802.9
1786590207.275264,5959.2,1588.5,6209.9,13757.6,1602.6
1786590207.375304,5561.9,1588.5,6009.6,13160.0,1402.2
1786590207.475187,5164.6,1588.5,5809.3,12562.4,1302.1
1786590207.575210,4767.4,1588.5,5709.1,12065.0,1101.8
1786590207.675041,4767.4,1588.5,5508.8,11864.6,1001.6
1786590207.775006,4370.1,1588.5,5408.6,11367.2,901.4
1786590207.875124,4370.1,1588.5,5308.5,11267.0,901.4
1786590207.974952,4370.1,1588.5,5308.5,11267.0,901.4
1786590208.074970,4370.1,1588.5,5308.5,11267.0,901.4
1786590208.175142,4370.1,1588.5,5208.3,11166.9,801.3
1786590208.274954,3972.8,1588.5,5208.3,10769.6,801.3
1786590208.375002,3972.8,1587.8,5208.3,10769.0,801.3
1786590208.475244,3972.8,1587.8,5108.2,10668.8,801.3
1786590208.575134,3972.8,1587.8,5108.2,10668.8,801.3
1786590208.675078,3971.2,1190.9,5108.2,10270.2,801.3
1786590208.775129,3972.8,1190.9,5108.2,10271.8,801.3
1786590208.875096,3972.8,1190.9,5008.0,10171.7,701.1
1786590208.975081,3972.8,1190.9,5008.0,10171.7,701.1
1786590209.075041,3972.8,1190.9,5008.0,10171.7,701.1
1786590209.174978,3972.8,1190.9,5008.0,10171.7,801.3
1786590209.274954,3972.8,1190.9,5108.2,10271.8,801.3
1786590209.375321,4368.3,1190.9,5308.5,10867.7,1001.6
1786590209.475246,4368.3,1190.9,5408.6,10967.8,1101.8
1786590209.575195,4370.1,1190.9,5408.6,10969.6,1001.6
1786590209.674981,4368.3,1190.9,5408.6,10967.8,1101.8
1786590209.775003,4765.4,1190.9,5609.0,11565.3,1201.9
1786590209.875218,5162.6,1190.9,5508.8,11862.2,1101.8
1786590209.974949,5559.7,1190.9,5609.0,12359.5,1101.8
1786590210.074924,5956.8,793.9,5609.0,12359.7,1101.8
1786590210.174949,6353.9,793.9,5609.0,12756.8,1101.8
1786590210.275015,6751.0,793.9,5609.0,13153.9,1101.8
1786590210.374975,7148.2,793.9,5609.0,13551.0,1201.9
1786590210.474936,7148.2,793.9,5609.0,13551.0,1201.9
1786590210.575020,7148.2,793.9,5709.1,13651.2,1201.9
1786590210.675065,7545.3,793.9,5709.1,14048.3,1201.9
1786590210.775265,7545.3,793.9,5709.1,14048.3,1201.9
1786590210.875040,7545.3,793.9,5709.1,14048.3,1201.9
1786590210.974997,7545.3,793.9,5709.1,14048.3,1201.9
1786590211.075009,7545.3,397.0,5709.1,13651.4,1201.9
1786590211.174908,7545.3,397.0,5709.1,13651.4,1101.8
1786590211.274961,7942.4,397.0,5709.1,14048.5,1201.9
1786590211.375256,7942.4,793.9,5709.1,14445.4,1201.9
1786590211.475224,7942.4,793.9,5709.1,14445.4,1201.9
1786590211.574985,7942.4,397.0,5709.1,14048.5,1201.9
1786590211.674954,7942.4,397.0,5709.1,14048.5,1201.9
1786590211.774946,7942.4,397.0,5709.1,14048.5,1201.9
1786590211.875123,7942.4,397.0,5709.1,14048.5,1201.9
1786590211.974941,7942.4,397.0,5709.1,14048.5,1201.9
1786590212.074978,7942.4,397.0,5709.1,14048.5,1201.9
1786590212.174966,7942.4,397.0,5709.1,14048.5,1201.9
1786590212.274966,7942.4,397.0,5709.1,14048.5,1201.9
1786590212.374964,7942.4,397.0,5709.1,14048.5,1101.8
1786590212.475189,7942.4,793.9,5709.1,14445.4,1201.9
1786590212.575249,7942.4,793.9,5709.1,14445.4,1201.9
1786590212.675315,7942.4,1190.9,5809.3,14942.6,1201.9
1786590212.775259,7942.4,1190.9,5809.3,14942.6,1201.9
1786590212.875316,7942.4,1190.9,5809.3,14942.6,1201.9
1786590212.974947,7945.6,1190.9,5809.3,14945.8,1201.9
1786590213.074975,7945.6,793.9,5709.1,14448.6,1201.9
1786590213.174913,7945.6,793.9,5709.1,14448.6,1201.9
1786590213.274906,7945.6,794.2,5709.1,14449.0,1201.9
1786590213.375266,7945.6,794.2,5709.1,14449.0,1201.9
1786590213.475254,7945.6,794.2,5709.1,14449.0,1201.9
1786590213.575011,7945.6,1191.4,5809.3,14946.2,1201.9
1786590213.674924,7945.6,794.2,5709.1,14449.0,1201.9
1786590213.774964,7945.6,794.2,5709.1,14449.0,1201.9
1786590213.874992,7945.6,794.2,5709.1,14449.0,1201.9
1786590213.974925,7945.6,794.2,5709.1,14449.0,1201.9
1786590214.074998,7945.6,794.2,5709.1,14449.0,1201.9
1786590214.174969,7945.6,794.2,5709.1,14449.0,1201.9
1786590214.275239,7945.6,793.9,5709.1,14448.6,1201.9
1786590214.374920,7945.6,793.9,5709.1,14448.6,1201.9
1786590214.474936,7945.6,793.9,5709.1,14448.6,1201.9
1786590214.574968,7945.6,793.9,5709.1,14448.6,1201.9
1786590214.674931,7942.4,793.9,5709.1,14445.4,1201.9
1786590214.775021,7942.4,397.0,5709.1,14048.5,1201.9
1786590214.875043,7942.4,397.0,5709.1,14048.5,1201.9
1786590214.975225,7942.4,793.9,5709.1,14445.4,1201.9
1786590215.074960,7942.4,793.9,5709.1,14445.4,1201.9
1786590215.174991,7942.4,397.0,5709.1,14048.5,1201.9
1786590215.274890,7942.4,397.0,5709.1,14048.5,1201.9
1786590215.375330,7942.4,397.0,5709.1,14048.5,1201.9
1786590215.475070,7942.4,793.9,5709.1,14445.4,1201.9
1786590215.574973,7942.4,397.0,5709.1,14048.5,1201.9
1786590215.674959,7942.4,397.0,5709.1,14048.5,1201.9
1786590215.774918,7945.6,397.0,5709.1,14051.7,1201.9
1786590215.874982,7945.6,397.0,5709.1,14051.7,1201.9
1786590215.974937,7945.6,397.0,5709.1,14051.7,1201.9
1786590216.074930,7945.6,397.0,5709.1,14051.7,1201.9
1786590216.175020,7945.6,397.0,5709.1,14051.7,1201.9
1786590216.275007,7945.6,397.0,5709.1,14051.7,1201.9
1786590216.374919,7945.6,397.1,5709.1,14051.8,1201.9
1786590216.474909,7945.6,397.0,5709.1,14051.7,1201.9
1786590216.575049,7945.6,397.0,5709.1,14051.7,1201.9
1786590216.674961,7945.6,397.0,5709.1,14051.7,1201.9
1786590216.775021,7945.6,397.0,5709.1,14051.7,1201.9
1786590216.875062,7945.6,397.0,5709.1,14051.7,1201.9
1786590216.974955,7945.6,397.0,5709.1,14051.7,1201.9
1786590217.074938,7945.6,397.0,5709.1,14051.7,1201.9
1786590217.175002,7945.6,397.0,5709.1,14051.7,1201.9
1786590217.275159,7945.6,397.0,5709.1,14051.7,1201.9
1786590217.375010,7945.6,397.0,5709.1,14051.7,1201.9
1786590217.475321,7945.6,793.9,5709.1,14448.6,1201.9
1786590217.575014,7945.6,794.2,5709.1,14449.0,1201.9
1786590217.674952,7945.6,794.2,5709.1,14449.0,1201.9
1786590217.774901,7945.6,794.2,5709.1,14449.0,1201.9
1786590217.874992,7945.6,794.2,5709.1,14449.0,1201.9
1786590217.975160,7945.6,794.2,5709.1,14449.0,1201.9
1786590218.075232,7945.6,794.2,5709.1,14449.0,1201.9
1786590218.175283,7945.6,1191.4,5809.3,14946.2,1201.9
1786590218.275469,7945.6,1191.4,5809.3,14946.2,1201.9
1786590218.375138,7945.6,1191.4,5809.3,14946.2,1201.9
1786590218.475028,7945.6,794.2,5809.3,14549.1,1201.9
1786590218.574996,7945.6,794.2,5709.1,14449.0,1201.9
1786590218.674990,7945.6,794.2,5709.1,14449.0,1201.9
1786590218.775100,7945.6,794.2,5709.1,14449.0,1201.9
1786590218.874975,7945.6,794.2,5709.1,14449.0,1201.9
1786590218.974931,7945.6,793.9,5709.1,14448.6,1201.9
1786590219.074976,7942.4,793.9,5709.1,14445.4,1201.9
1786590219.174957,7942.4,793.9,5709.1,14445.4,1201.9
1786590219.274951,7945.6,397.0,5709.1,14051.7,1201.9
1786590219.375007,7942.4,397.0,5709.1,14048.5,1201.9
1786590219.475270,7942.4,793.9,5709.1,14445.4,1201.9
1786590219.574996,7942.4,793.9,5709.1,14445.4,1201.9
1786590219.674963,7942.4,793.9,5709.1,14445.4,1201.9
1786590219.774906,7942.4,397.0,5709.1,14048.5,1201.9
1786590219.875033,7942.4,397.0,5709.1,14048.5,1201.9
1786590219.974962,7942.4,397.0,5709.1,14048.5,1201.9
1786590220.075015,7942.4,397.0,5709.1,14048.5,1201.9
1786590220.174952,7942.4,397.0,5709.1,14048.5,1201.9
1786590220.274981,7942.4,397.0,5709.1,14048.5,1201.9
1786590220.374943,7942.4,397.0,5709.1,14048.5,1201.9
1786590220.474947,7942.4,397.0,5709.1,14048.5,1201.9
1786590220.574992,7942.4,397.0,5709.1,14048.5,1201.9
1786590220.675004,7942.4,397.0,5709.1,14048.5,1201.9
1786590220.775043,7942.4,397.0,5709.1,14048.5,1201.9
1786590220.875019,7942.4,397.0,5709.1,14048.5,1201.9
1786590220.974944,7942.4,397.0,5709.1,14048.5,1201.9
1786590221.074975,7942.4,397.0,5709.1,14048.5,1201.9
1786590221.174925,7942.4,397.0,5709.1,14048.5,1201.9
1786590221.274931,7942.4,397.0,5709.1,14048.5,1201.9
1786590221.374973,7942.4,397.0,5709.1,14048.5,1201.9
1786590221.475243,7942.4,397.0,5709.1,14048.5,1201.9
1786590221.574964,7942.4,397.0,5709.1,14048.5,1201.9
1786590221.675027,7942.4,397.0,5709.1,14048.5,1201.9
1786590221.775172,7942.4,397.0,5709.1,14048.5,1201.9
1786590221.875003,7945.6,397.0,5709.1,14051.7,1201.9
1786590221.974975,7942.4,397.0,5709.1,14048.5,1201.9
1786590222.075052,7945.6,397.0,5709.1,14051.7,1201.9
1786590222.174998,7945.6,397.0,5709.1,14051.7,1201.9
1786590222.274925,7945.6,397.1,5709.1,14051.8,1201.9
1786590222.374929,7945.6,397.1,5709.1,14051.8,1201.9
1786590222.474946,7945.6,397.1,5709.1,14051.8,1201.9
1786590222.575028,7945.6,397.1,5709.1,14051.8,1201.9
1786590222.675020,7945.6,397.1,5709.1,14051.8,1201.9
1786590222.775045,7945.6,397.1,5709.1,14051.8,1201.9
1786590222.875041,7945.6,397.1,5709.1,14051.8,1201.9
1786590222.974958,7945.6,397.1,5709.1,14051.8,1201.9
1786590223.075089,7945.6,397.1,5709.1,14051.8,1201.9
1786590223.175250,7945.6,794.2,5709.1,14449.0,1201.9
1786590223.275244,7945.6,794.2,5709.1,14449.0,1201.9
1786590223.374902,7945.6,794.2,5709.1,14449.0,1201.9
1786590223.475164,7945.6,794.2,5709.1,14449.0,1201.9
1786590223.575301,7945.6,794.2,5709.1,14449.0,1201.9
1786590223.675412,7945.6,1191.4,5809.3,14946.2,1201.9
1786590223.775454,7945.6,1191.4,5809.3,14946.2,1201.9
1786590223.875269,7945.6,1191.4,5809.3,14946.2,1201.9
1786590223.974927,7945.6,1191.4,5809.3,14946.2,1201.9
1786590224.075013,7945.6,794.2,5809.3,14549.1,1201.9
1786590224.175026,7945.6,794.2,5709.1,14449.0,1201.9
1786590224.275391,7945.6,794.2,5709.1,14449.0,1201.9
1786590224.375223,7945.6,794.2,5709.1,14449.0,1201.9
1786590224.474910,7945.6,794.2,5709.1,14449.0,1201.9
1786590224.575062,7945.6,794.2,5709.1,14449.0,1201.9
1786590224.675004,7945.6,794.2,5709.1,14449.0,1201.9
1786590224.775050,7945.6,794.2,5709.1,14449.0,1201.9
1786590224.875006,7945.6,794.2,5709.1,14449.0,1201.9
1786590224.974985,7945.6,793.9,5709.1,14448.6,1201.9
1786590225.074938,7945.6,793.9,5709.1,14448.6,1201.9
1786590225.174893,7945.6,793.9,5709.1,14448.6,1201.9
1786590225.274902,7942.4,397.0,5709.1,14048.5,1201.9
1786590225.374933,7942.4,397.0,5709.1,14048.5,1201.9
1786590225.475219,7942.4,793.9,5709.1,14445.4,1201.9
1786590225.574960,7942.4,397.0,5709.1,14048.5,1201.9
1786590225.674963,7942.4,397.0,5709.1,14048.5,1201.9
1786590225.775249,7942.4,793.9,5709.1,14445.4,1201.9
1786590225.874992,7945.6,793.9,5709.1,14448.6,1201.9
1786590225.975245,7945.6,794.2,5709.1,14449.0,1201.9
1786590226.074930,7945.6,794.2,5709.1,14449.0,1201.9
1786590226.174935,7945.6,794.2,5709.1,14449.0,1201.9
1786590226.274917,7945.6,397.1,5709.1,14051.8,1201.9
1786590226.375040,7945.6,397.1,5709.1,14051.8,1201.9
1786590226.475027,7945.6,397.1,5709.1,14051.8,1201.9
1786590226.574949,7945.6,397.0,5709.1,14051.7,1201.9
1786590226.674963,7945.6,397.0,5709.1,14051.7,1201.9
1786590226.775069,7945.6,397.0,5709.1,14051.7,1201.9
1786590226.875062,7945.6,397.1,5709.1,14051.8,1201.9
1786590226.974951,7945.6,397.0,5709.1,14051.7,1201.9
1786590227.075016,7945.6,397.0,5709.1,14051.7,1201.9
1786590227.174883,7945.6,397.0,5709.1,14051.7,1201.9
1786590227.274946,7945.6,397.0,5709.1,14051.7,1201.9
1786590227.374956,7945.6,397.1,5709.1,14051.8,1201.9
1786590227.475248,7945.6,397.0,5709.1,14051.7,1201.9
1786590227.575116,7945.6,397.0,5709.1,14051.7,1201.9
1786590227.675028,7945.6,397.0,5709.1,14051.7,1201.9
1786590227.774976,7945.6,397.0,5709.1,14051.7,1201.9
1786590227.875059,7945.6,397.0,5709.1,14051.7,1201.9
1786590227.974963,7945.6,397.0,5709.1,14051.7,1201.9
1786590228.074965,7945.6,397.1,5709.1,14051.8,1201.9
1786590228.174994,7945.6,397.1,5709.1,14051.8,1201.9
1786590228.275187,7945.6,794.2,5709.1,14449.0,1201.9
1786590228.374961,7945.6,397.1,5709.1,14051.8,1201.9
1786590228.474915,7945.6,397.1,5709.1,14051.8,1201.9
1786590228.574917,7945.6,397.1,5709.1,14051.8,1201.9
1786590228.674966,7945.6,397.1,5709.1,14051.8,1201.9
1786590228.775242,7945.6,794.2,5709.1,14449.0,1201.9
1786590228.875010,7945.6,397.1,5709.1,14051.8,1201.9
1786590228.975229,7945.6,794.2,5709.1,14449.0,1201.9
1786590229.075305,7945.6,794.2,5809.3,14549.1,1201.9
1786590229.175443,8342.9,1191.4,5809.3,15343.5,1201.9
1786590229.275313,8342.9,1191.4,5809.3,15343.5,1201.9
1786590229.375290,8342.9,1191.4,5809.3,15343.5,1201.9
1786590229.475222,8342.9,794.2,5809.3,14946.4,1201.9
1786590229.575250,7945.6,794.2,5809.3,14549.1,1201.9
1786590229.674985,8342.9,794.2,5809.3,14946.4,1201.9
1786590229.774937,7945.6,794.2,5809.3,14549.1,1201.9
1786590229.875100,7945.6,794.2,5809.3,14549.1,1201.9
1786590229.974962,7945.6,794.2,5709.1,14449.0,1201.9
1786590230.074942,7945.6,794.2,5709.1,14449.0,1201.9
1786590230.174963,7945.6,794.2,5709.1,14449.0,1201.9
1786590230.275034,7945.6,794.2,5709.1,14449.0,1201.9
1786590230.374974,7945.6,397.1,5709.1,14051.8,1201.9
1786590230.475221,7945.6,794.2,5709.1,14449.0,1201.9
1786590230.575169,7945.6,794.2,5709.1,14449.0,1201.9
1786590230.674984,8342.9,794.2,5709.1,14846.2,1201.9
1786590230.775098,7945.6,397.1,5709.1,14051.8,1201.9
1786590230.875056,7945.6,397.1,5709.1,14051.8,1201.9
1786590230.975025,7945.6,397.1,5709.1,14051.8,1201.9
1786590231.075020,7945.6,397.1,5709.1,14051.8,1201.9
1786590231.174970,7945.6,397.1,5709.1,14051.8,1201.9
1786590231.274928,7945.6,397.1,5709.1,14051.8,1201.9
1786590231.374951,8342.9,397.1,5709.1,14449.1,1201.9
1786590231.475250,8342.9,794.2,5709.1,14846.2,1201.9
1786590231.574991,8342.9,794.2,5709.1,14846.2,1201.9
1786590231.675006,8342.9,794.2,5709.1,14846.2,1201.9
1786590231.775026,7945.6,794.2,5709.1,14449.0,1201.9
1786590231.875001,8342.9,794.2,5709.1,14846.2,1201.9
1786590231.974959,7945.6,397.1,5709.1,14051.8,1201.9
1786590232.074936,7945.6,397.1,5709.1,14051.8,1201.9
1786590232.174950,8342.9,397.1,5709.1,14449.1,1201.9
1786590232.274933,7945.6,397.1,5709.1,14051.8,1201.9
1786590232.374946,8342.9,397.1,5709.1,14449.1,1201.9
1786590232.474936,7945.6,397.1,5709.1,14051.8,1201.9
1786590232.574938,8342.9,397.1,5709.1,14449.1,1201.9
1786590232.675052,8342.9,397.1,5709.1,14449.1,1201.9
1786590232.775226,7945.6,794.2,5709.1,14449.0,1201.9
1786590232.875005,7945.6,397.1,5709.1,14051.8,1201.9
1786590232.974934,8342.9,397.1,5709.1,14449.1,1201.9
1786590233.074928,8342.9,397.1,5709.1,14449.1,1201.9
1786590233.174949,8342.9,397.1,5709.1,14449.1,1201.9
1786590233.274954,8342.9,397.1,5709.1,14449.1,1201.9
1786590233.374973,7945.6,397.1,5709.1,14051.8,1201.9
1786590233.475225,8342.9,397.1,5709.1,14449.1,1201.9
1786590233.575006,8342.9,397.1,5709.1,14449.1,1201.9
1786590233.675059,8342.9,793.9,5709.1,14845.9,1201.9
1786590233.774948,8342.9,397.1,5709.1,14449.1,1201.9
1786590233.874990,8342.9,397.0,5709.1,14449.0,1201.9
1786590233.974948,8342.9,397.0,5709.1,14449.0,1201.9
1786590234.074960,8342.9,397.0,5709.1,14449.0,1201.9
1786590234.174960,8342.9,397.0,5709.1,14449.0,1201.9
1786590234.274951,8342.9,397.0,5709.1,14449.0,1201.9
1786590234.375245,8342.9,793.9,5809.3,14946.1,1201.9
1786590234.475265,8339.5,793.9,5809.3,14942.7,1201.9
1786590234.575291,8339.5,793.9,5809.3,14942.7,1201.9
1786590234.675260,8339.5,1190.9,5809.3,15339.7,1201.9
1786590234.775250,8339.5,1190.9,5809.3,15339.7,1201.9
1786590234.875209,8342.9,1190.9,5809.3,15343.0,1201.9
1786590234.974967,8342.9,1191.4,5809.3,15343.5,1201.9
1786590235.074997,8342.9,794.2,5809.3,14946.4,1201.9
1786590235.174919,8342.9,793.9,5809.3,14946.1,1201.9
1786590235.274896,8342.9,793.9,5809.3,14946.1,1201.9
1786590235.375377,8342.9,793.9,5709.1,14845.9,1201.9
1786590235.475213,8342.9,793.9,5809.3,14946.1,1201.9
1786590235.574967,8342.9,793.9,5809.3,14946.1,1201.9
1786590235.674995,8342.9,793.9,5709.1,14845.9,1201.9
1786590235.774980,8342.9,794.2,5709.1,14846.2,1201.9
1786590235.874980,8342.9,794.2,5809.3,14946.4,1201.9
1786590235.975040,8342.9,794.2,5809.3,14946.4,1201.9
1786590236.074939,8342.9,794.2,5709.1,14846.2,1201.9
1786590236.174947,8342.9,397.1,5709.1,14449.1,1201.9
1786590236.274924,8342.9,397.1,5809.3,14549.3,1201.9
1786590236.374862,8342.9,397.1,5709.1,14449.1,1201.9
1786590236.475003,8342.9,397.0,5809.3,14549.1,1201.9
1786590236.574983,8342.9,397.0,5809.3,14549.1,1201.9
1786590236.675024,8342.9,397.0,5709.1,14449.0,1201.9
1786590236.775096,8342.9,397.0,5709.1,14449.0,1201.9
1786590236.875029,8339.5,397.0,5709.1,14445.6,1201.9
1786590236.975188,8339.5,793.9,5709.1,14842.6,1201.9
1786590237.074952,8342.9,397.0,5709.1,14449.0,1201.9
1786590237.174923,8339.5,397.0,5809.3,14545.8,1201.9
1786590237.274958,8342.9,397.0,5709.1,14449.0,1201.9
1786590237.374989,8342.9,397.0,5709.1,14449.0,1201.9
1786590237.475325,8342.9,397.0,5709.1,14449.0,1201.9
1786590237.574964,8342.9,397.0,5709.1,14449.0,1201.9
1786590237.675224,8342.9,397.1,5709.1,14449.1,1201.9
1786590237.775008,8342.9,397.1,5709.1,14449.1,1201.9
1786590237.875224,8342.9,397.1,5709.1,14449.1,1201.9
1786590237.974983,8342.9,397.1,5709.1,14449.1,1201.9
1786590238.074934,8342.9,397.1,5709.1,14449.1,1201.9
1786590238.174960,8342.9,397.1,5709.1,14449.1,1201.9
1786590238.274930,8342.9,397.1,5709.1,14449.1,1201.9
1786590238.374981,8342.9,397.1,5809.3,14549.3,1201.9
1786590238.474965,8342.9,397.1,5818.6,14558.6,1201.9
1786590238.575034,8342.9,397.1,5809.3,14549.3,1201.9
1786590238.675097,8342.9,397.1,5809.3,14549.3,1201.9
1786590238.775029,8342.9,397.1,5809.3,14549.3,1201.9
1786590238.875102,8342.9,397.1,5709.1,14449.1,1201.9
1786590238.974935,8342.9,397.1,5709.1,14449.1,1201.9
1786590239.074943,8342.9,397.1,5809.3,14549.3,1201.9
1786590239.175224,8342.9,794.2,5809.3,14946.4,1201.9
1786590239.274923,8342.9,794.2,5809.3,14946.4,1201.9
1786590239.375044,8342.9,397.1,5809.3,14549.3,1201.9
1786590239.475397,8342.9,793.9,5809.3,14946.1,1201.9
1786590239.574999,8342.9,794.2,5809.3,14946.4,1201.9
1786590239.674915,8342.9,794.2,5809.3,14946.4,1201.9
1786590239.774893,8342.9,794.2,5809.3,14946.4,1201.9
1786590239.874901,8342.9,794.2,5809.3,14946.4,1201.9
1786590239.975165,8342.9,794.2,5809.3,14946.4,1201.9
1786590240.075131,8342.9,794.2,5809.3,14946.4,1201.9
1786590240.175093,8342.9,1191.4,5809.3,15343.5,1201.9
1786590240.275329,8342.9,1191.4,5809.3,15343.5,1302.1
1786590240.375226,8342.9,1191.4,5809.3,15343.5,1201.9
1786590240.474926,8342.9,794.2,5809.3,14946.4,1201.9
1786590240.574932,8342.9,794.2,5809.3,14946.4,1201.9
1786590240.674955,8342.9,794.2,5809.3,14946.4,1201.9
1786590240.775044,8342.9,794.2,5809.3,14946.4,1201.9
1786590240.874948,8342.9,794.2,5809.3,14946.4,1201.9
1786590240.974963,8342.9,794.2,5809.3,14946.4,1201.9
1786590241.074948,8342.9,794.2,5809.3,14946.4,1201.9
1786590241.174980,8342.9,397.1,5809.3,14549.3,1201.9
1786590241.275203,8342.9,794.2,5809.3,14946.4,1201.9
1786590241.375392,8342.9,794.2,5809.3,14946.4,1302.1
1786590241.475211,8342.9,1191.4,5909.4,15443.7,1302.1
1786590241.574919,8342.9,794.2,5809.3,14946.4,1201.9
1786590241.674907,8342.9,794.2,5809.3,14946.4,1201.9
1786590241.774932,8342.9,794.2,5809.3,14946.4,1201.9
1786590241.874934,8342.9,794.2,5809.3,14946.4,1201.9
1786590241.975097,8342.9,794.2,5809.3,14946.4,1201.9
1786590242.074944,8342.9,794.2,5809.3,14946.4,1201.9
1786590242.175010,8342.9,794.2,5709.1,14846.2,1201.9
1786590242.275046,8342.9,397.1,5809.3,14549.3,1201.9
1786590242.374953,8342.9,397.1,5809.3,14549.3,1201.9
1786590242.474931,8342.9,397.1,5709.1,14449.1,1201.9
1786590242.574965,8342.9,397.1,5709.1,14449.1,1201.9
1786590242.674931,8342.9,397.1,5709.1,14449.1,1201.9
1786590242.775300,8342.9,794.2,5809.3,14946.4,1201.9
1786590242.875143,8342.9,794.2,5809.3,14946.4,1201.9
1786590242.975234,8339.5,1190.9,5809.3,15339.7,1302.1
1786590243.075234,8342.9,1587.8,5909.4,15840.2,1302.1
1786590243.175383,8342.9,1587.8,5909.4,15840.2,1302.1
1786590243.275528,8342.9,1587.8,5909.4,15840.2,1302.1
1786590243.375229,8342.9,1588.5,5909.4,15840.8,1302.1
1786590243.475247,8342.9,1587.8,5909.4,15840.2,1302.1
1786590243.574973,8342.9,1190.9,5909.4,15443.2,1302.1
1786590243.674937,8342.9,1190.9,5809.3,15343.0,1201.9
1786590243.775018,8342.9,793.9,5809.3,14946.1,1201.9
1786590243.874927,8342.9,793.9,5809.3,14946.1,1201.9
1786590243.974976,8342.9,793.9,5809.3,14946.1,1201.9
1786590244.075063,8342.9,794.2,5809.3,14946.4,1201.9
1786590244.174984,8342.9,794.2,5809.3,14946.4,1201.9
1786590244.274952,8342.9,794.2,5809.3,14946.4,1201.9
1786590244.375673,8342.9,794.2,5809.3,14946.4,1201.9
1786590244.475141,8342.9,794.2,5809.3,14946.4,1201.9
1786590244.574939,8342.9,794.2,5809.3,14946.4,1201.9
1786590244.674906,8342.9,794.2,5809.3,14946.4,1201.9
1786590244.774960,8342.9,397.1,5809.3,14549.3,1201.9
1786590244.874908,8342.9,397.1,5809.3,14549.3,1201.9
1786590244.975008,8342.9,397.1,5709.1,14449.1,1201.9
1786590245.075006,8342.9,397.1,5709.1,14449.1,1201.9
1786590245.174948,8342.9,397.1,5809.3,14549.3,1201.9
1786590245.274965,8342.9,397.1,5709.1,14449.1,1201.9
1786590245.375058,8342.9,397.0,5709.1,14449.0,1201.9
1786590245.475230,8339.5,793.9,5809.3,14942.7,1201.9
1786590245.575176,8339.5,793.9,5809.3,14942.7,1201.9
1786590245.675374,8339.5,1190.9,5809.3,15339.7,1302.1
1786590245.775418,8339.5,1190.9,5909.4,15439.8,1302.1
1786590245.875208,8342.9,1190.9,5809.3,15343.0,1302.1
1786590245.974936,8342.9,793.9,5809.3,14946.1,1201.9
1786590246.074962,8339.5,793.9,5809.3,14942.7,1201.9
1786590246.174913,8339.5,793.9,5809.3,14942.7,1201.9
1786590246.274966,8339.5,793.9,5809.3,14942.7,1201.9
1786590246.375023,8339.5,793.9,5809.3,14942.7,1201.9
1786590246.474919,8339.5,793.9,5809.3,14942.7,1201.9
1786590246.575039,8339.5,793.9,5809.3,14942.7,1201.9
1786590246.674942,8339.5,793.9,5809.3,14942.7,1201.9
1786590246.775043,8339.5,793.9,5809.3,14942.7,1201.9
1786590246.874898,8339.5,397.0,5809.3,14545.8,1201.9
1786590246.974909,8339.5,397.0,5809.3,14545.8,1201.9
1786590247.074995,8339.5,397.0,5809.3,14545.8,1201.9
1786590247.174959,8339.5,397.0,5809.3,14545.8,1201.9
1786590247.275000,8339.5,397.0,5709.1,14445.6,1201.9
1786590247.375040,8339.5,397.0,5809.3,14545.8,1201.9
1786590247.475321,8339.5,397.0,5809.3,14545.8,1201.9
1786590247.575070,8339.5,397.0,5809.3,14545.8,1201.9
1786590247.674996,8339.5,397.0,5809.3,14545.8,1201.9
1786590247.774989,8339.5,397.0,5809.3,14545.8,1201.9
1786590247.874934,8339.5,397.0,5809.3,14545.8,1201.9
1786590247.975212,8339.5,793.9,5809.3,14942.7,1201.9
1786590248.075140,8339.5,793.9,5809.3,14942.7,1201.9
1786590248.175015,8339.5,793.9,5809.3,14942.7,1201.9
1786590248.274949,8339.5,397.0,5809.3,14545.8,1201.9
1786590248.374993,8339.5,397.0,5809.3,14545.8,1201.9
1786590248.474962,8339.5,397.0,5809.3,14545.8,1201.9
1786590248.575027,8339.5,397.0,5809.3,14545.8,1201.9
1786590248.675006,8342.9,397.0,5809.3,14549.1,1201.9
1786590248.774973,8342.9,397.0,5809.3,14549.1,1201.9
1786590248.874945,8342.9,397.1,5809.3,14549.3,1201.9
1786590248.974941,8342.9,397.1,5809.3,14549.3,1201.9
1786590249.075004,8342.9,397.1,5809.3,14549.3,1201.9
1786590249.175062,8342.9,397.0,5809.3,14549.1,1201.9
1786590249.274984,8342.9,397.0,5809.3,14549.1,1201.9
1786590249.375006,8342.9,397.0,5809.3,14549.1,1201.9
1786590249.475231,8342.9,397.0,5809.3,14549.1,1201.9
1786590249.574953,8342.9,397.1,5809.3,14549.3,1201.9
1786590249.674959,8342.9,397.1,5809.3,14549.3,1201.9
1786590249.775038,8342.9,397.1,5809.3,14549.3,1201.9
1786590249.874956,8339.5,397.0,5809.3,14545.8,1201.9
1786590249.974963,8339.5,397.0,5809.3,14545.8,1201.9
1786590250.075007,8339.5,397.0,5809.3,14545.8,1201.9
1786590250.174980,8339.5,397.0,5809.3,14545.8,1201.9
1786590250.275195,8339.5,793.9,5809.3,14942.7,1201.9
1786590250.375034,8339.5,397.0,5809.3,14545.8,1201.9
1786590250.475044,8339.5,793.9,5809.3,14942.7,1201.9
1786590250.574962,8342.9,793.9,5809.3,14946.1,1201.9
1786590250.674962,8339.5,397.0,5809.3,14545.8,1201.9
1786590250.775015,8339.5,397.0,5809.3,14545.8,1201.9
1786590250.874934,8339.5,397.0,5809.3,14545.8,1201.9
1786590250.975228,8339.5,793.9,5809.3,14942.7,1201.9
1786590251.075299,8339.5,793.9,5809.3,14942.7,1201.9
1786590251.175380,8339.5,1190.9,5809.3,15339.7,1201.9
1786590251.275318,8339.5,1190.9,5809.3,15339.7,1302.1
1786590251.375253,8339.5,1190.9,5809.3,15339.7,1302.1
1786590251.475350,8339.5,1190.9,5809.3,15339.7,1201.9
1786590251.574986,8339.5,793.9,5809.3,14942.7,1201.9
1786590251.674916,8339.5,793.9,5809.3,14942.7,1201.9
1786590251.775003,8339.5,793.9,5809.3,14942.7,1201.9
1786590251.874909,8339.5,793.9,5809.3,14942.7,1201.9
1786590251.974899,8339.5,793.9,5809.3,14942.7,1201.9
1786590252.075112,8339.5,793.9,5809.3,14942.7,1201.9
1786590252.174941,8339.5,793.9,5809.3,14942.7,1201.9
1786590252.275015,8339.5,793.9,5809.3,14942.7,1201.9
1786590252.374934,8339.5,397.0,5809.3,14545.8,1201.9
1786590252.475173,8342.9,793.9,5809.3,14946.1,1201.9
1786590252.575042,8342.9,794.2,5809.3,14946.4,1201.9
1786590252.674928,8342.9,397.1,5809.3,14549.3,1201.9
1786590252.774924,8342.9,397.1,5809.3,14549.3,1201.9
1786590252.874923,8342.9,397.1,5809.3,14549.3,1201.9
1786590252.974995,8342.9,397.1,5809.3,14549.3,1201.9
1786590253.075037,8342.9,397.1,5809.3,14549.3,1201.9
1786590253.174938,8342.9,397.1,5809.3,14549.3,1201.9
1786590253.274953,8342.9,397.1,5809.3,14549.3,1201.9
1786590253.375002,8342.9,397.1,5809.3,14549.3,1201.9
1786590253.475236,8342.9,397.1,5809.3,14549.3,1201.9
1786590253.574935,8342.9,397.1,5809.3,14549.3,1201.9
1786590253.674936,8342.9,397.1,5809.3,14549.3,1201.9
1786590253.775033,8342.9,397.1,5809.3,14549.3,1201.9
1786590253.874930,8342.9,397.1,5809.3,14549.3,1201.9
1786590253.974929,8342.9,397.1,5809.3,14549.3,1201.9
1786590254.074998,8342.9,397.1,5809.3,14549.3,1201.9
1786590254.174947,8342.9,397.1,5809.3,14549.3,1201.9
1786590254.274948,8342.9,397.1,5809.3,14549.3,1201.9
1786590254.375007,8342.9,397.1,5809.3,14549.3,1201.9
1786590254.475234,8342.9,793.9,5809.3,14946.1,1201.9
1786590254.574978,8342.9,793.9,5809.3,14946.1,1201.9
1786590254.674927,8342.9,397.0,5809.3,14549.1,1201.9
1786590254.775173,8342.9,793.9,5809.3,14946.1,1201.9
1786590254.874910,8342.9,793.9,5809.3,14946.1,1201.9
1786590254.974901,8339.5,397.0,5809.3,14545.8,1201.9
1786590255.074934,8342.9,397.0,5809.3,14549.1,1201.9
1786590255.174927,8342.9,397.0,5809.3,14549.1,1201.9
1786590255.274958,8342.9,397.0,5809.3,14549.1,1201.9
1786590255.374966,8342.9,397.0,5809.3,14549.1,1201.9
1786590255.475602,8342.9,397.0,5809.3,14549.1,1201.9
1786590255.575034,8342.9,397.1,5809.3,14549.3,1201.9
1786590255.674907,8342.9,397.1,5809.3,14549.3,1201.9
1786590255.774980,8342.9,397.1,5809.3,14549.3,1201.9
1786590255.874931,8342.9,397.1,5809.3,14549.3,1201.9
1786590255.975012,8342.9,397.1,5809.3,14549.3,1201.9
1786590256.074954,8342.9,397.1,5809.3,14549.3,1201.9
1786590256.174949,8342.9,397.1,5809.3,14549.3,1201.9
1786590256.275012,8342.9,397.1,5809.3,14549.3,1201.9
1786590256.374967,8342.9,397.1,5809.3,14549.3,1201.9
1786590256.475157,8342.9,794.2,5809.3,14946.4,1201.9
1786590256.575209,8342.9,794.2,5809.3,14946.4,1201.9
1786590256.675321,8342.9,794.2,5809.3,14946.4,1201.9
1786590256.775362,8342.9,1191.4,5909.4,15443.7,1302.1
1786590256.875186,8342.9,1191.4,5909.4,15443.7,1302.1
1786590256.974916,8342.9,794.2,5809.3,14946.4,1302.1
1786590257.074987,8342.9,794.2,5809.3,14946.4,1201.9
1786590257.175019,8342.9,794.2,5809.3,14946.4,1201.9
1786590257.274965,8342.9,793.9,5809.3,14946.1,1201.9
1786590257.374978,8339.5,793.9,5809.3,14942.7,1201.9
1786590257.475094,8339.5,793.9,5809.3,14942.7,1201.9
1786590257.575180,8339.5,793.9,5809.3,14942.7,1201.9
1786590257.674953,8339.5,793.9,5809.3,14942.7,1201.9
1786590257.775012,8339.5,793.9,5809.3,14942.7,1201.9
1786590257.874965,8339.5,397.0,5809.3,14545.8,1201.9
1786590257.974956,8339.5,397.0,5809.3,14545.8,1201.9
1786590258.075001,8339.5,397.0,5809.3,14545.8,1201.9
1786590258.174950,8339.5,397.0,5809.3,14545.8,1201.9
1786590258.274961,8339.5,397.0,5809.3,14545.8,1201.9
1786590258.375007,8339.5,397.0,5809.3,14545.8,1201.9
1786590258.474961,8339.5,397.0,5809.3,14545.8,1201.9
1786590258.574951,8342.9,397.0,5809.3,14549.1,1201.9
1786590258.674957,8342.9,397.1,5809.3,14549.3,1201.9
1786590258.775007,8342.9,397.0,5809.3,14549.1,1201.9
1786590258.875042,8342.9,397.0,5809.3,14549.1,1201.9
1786590258.975101,8339.5,793.9,5809.3,14942.7,1201.9
1786590259.075156,8342.9,397.0,5809.3,14549.1,1201.9
1786590259.174967,8342.9,397.1,5809.3,14549.3,1201.9
1786590259.274952,8342.9,397.1,5809.3,14549.3,1201.9
1786590259.374998,8339.5,397.0,5809.3,14545.8,1201.9
1786590259.475105,8339.5,397.0,5809.3,14545.8,1201.9
1786590259.575158,8342.9,397.1,5809.3,14549.3,1201.9
1786590259.674931,8339.5,397.0,5809.3,14545.8,1201.9
1786590259.774935,8339.5,397.0,5809.3,14545.8,1201.9
1786590259.874932,8339.5,397.0,5809.3,14545.8,1201.9
1786590259.974937,8342.9,397.0,5809.3,14549.1,1201.9
1786590260.074985,8342.9,397.0,5809.3,14549.1,1201.9
1786590260.174948,8342.9,397.0,5809.3,14549.1,1201.9
1786590260.274948,8339.5,397.0,5809.3,14545.8,1201.9
1786590260.374967,8342.9,397.0,5809.3,14549.1,1201.9
1786590260.474949,8342.9,397.0,5809.3,14549.1,1201.9
1786590260.574983,8342.9,397.1,5809.3,14549.3,1201.9
1786590260.674952,8342.9,397.1,5809.3,14549.3,1201.9
1786590260.774978,8342.9,397.1,5809.3,14549.3,1201.9
1786590260.874937,8342.9,397.1,5809.3,14549.3,1201.9
1786590260.974949,8342.9,397.1,5809.3,14549.3,1201.9
1786590261.075000,8342.9,397.1,5809.3,14549.3,1201.9
1786590261.174998,8342.9,397.1,5809.3,14549.3,1201.9
1786590261.275227,8342.9,397.1,5809.3,14549.3,1201.9
1786590261.375093,8342.9,397.1,5809.3,14549.3,1201.9
1786590261.475270,8342.9,794.2,5809.3,14946.4,1201.9
1786590261.575233,8342.9,794.2,5809.3,14946.4,1201.9
1786590261.674933,8342.9,397.0,5809.3,14549.1,1201.9
1786590261.774935,8342.9,397.0,5809.3,14549.1,1201.9
1786590261.874987,8342.9,397.0,5809.3,14549.1,1201.9
1786590261.975221,8342.9,793.9,5809.3,14946.1,1201.9
1786590262.075213,8342.9,793.9,5809.3,14946.1,1201.9
1786590262.175172,8342.9,1190.9,5809.3,15343.0,1201.9
1786590262.275264,8342.9,1190.9,5909.4,15443.2,1302.1
1786590262.375180,8342.9,1190.9,5909.4,15443.2,1302.1
1786590262.475047,8342.9,794.2,5809.3,14946.4,1302.1
1786590262.574943,8342.9,794.2,5809.3,14946.4,1201.9
1786590262.674912,8342.9,794.2,5809.3,14946.4,1201.9
1786590262.774968,8342.9,794.2,5809.3,14946.4,1201.9
1786590262.874925,8342.9,794.2,5809.3,14946.4,1201.9
1786590262.974934,8342.9,794.2,5809.3,14946.4,1201.9
1786590263.075132,8342.9,794.2,5809.3,14946.4,1201.9
1786590263.174981,8342.9,397.1,5809.3,14549.3,1201.9
1786590263.275025,8342.9,794.2,5809.3,14946.4,1201.9
1786590263.375239,8342.9,794.2,5809.3,14946.4,1201.9
1786590263.475253,8342.9,794.2,5809.3,14946.4,1201.9
1786590263.575155,8342.9,794.2,5809.3,14946.4,1201.9
1786590263.674923,8342.9,794.2,5809.3,14946.4,1201.9
1786590263.774934,8342.9,794.2,5809.3,14946.4,1201.9
1786590263.874935,8342.9,794.2,5809.3,14946.4,1201.9
1786590263.974979,8342.9,794.2,5809.3,14946.4,1201.9
1786590264.074999,8342.9,397.1,5809.3,14549.3,1201.9
1786590264.175011,8342.9,397.1,5809.3,14549.3,1201.9
1786590264.274987,8342.9,397.1,5809.3,14549.3,1201.9
1786590264.375051,8342.9,397.1,5809.3,14549.3,1201.9
1786590264.475234,8342.9,794.2,5809.3,14946.4,1201.9
1786590264.574927,8342.9,794.2,5809.3,14946.4,1201.9
1786590264.674930,8342.9,794.2,5818.6,14955.7,1201.9
1786590264.774937,8342.9,794.2,5809.3,14946.4,1201.9
1786590264.874932,8342.9,397.1,5809.3,14549.3,1201.9
1786590264.974948,8342.9,397.1,5809.3,14549.3,1201.9
1786590265.074958,8342.9,397.1,5809.3,14549.3,1201.9
1786590265.175028,8342.9,397.1,5818.6,14558.6,1201.9
1786590265.274975,8342.9,397.1,5809.3,14549.3,1201.9
1786590265.375001,8342.9,397.1,5809.3,14549.3,1201.9
1786590265.475120,8342.9,397.1,5809.3,14549.3,1201.9
1786590265.575344,8342.9,794.2,5809.3,14946.4,1201.9
1786590265.674965,8342.9,397.1,5818.6,14558.6,1201.9
1786590265.775178,8342.9,794.2,5818.6,14955.7,1201.9
1786590265.875035,8342.9,794.2,5809.3,14946.4,1201.9
1786590265.974962,8342.9,794.2,5809.3,14946.4,1201.9
1786590266.074930,8342.9,397.1,5809.3,14549.3,1201.9
1786590266.175017,8342.9,397.1,5809.3,14549.3,1201.9
1786590266.274991,8342.9,397.1,5809.3,14549.3,1201.9
1786590266.375021,8342.9,397.1,5809.3,14549.3,1201.9
1786590266.474926,8342.9,397.1,5809.3,14549.3,1201.9
1786590266.574960,8342.9,397.0,5809.3,14549.1,1201.9
1786590266.674948,8342.9,397.0,5809.3,14549.1,1201.9
1786590266.775010,8342.9,397.0,5809.3,14549.1,1201.9
1786590266.874924,8342.9,397.0,5809.3,14549.1,1201.9
1786590266.974960,8342.9,397.0,5809.3,14549.1,1201.9
1786590267.074964,8339.5,397.0,5809.3,14545.8,1201.9
1786590267.175020,8339.5,397.0,5809.3,14545.8,1201.9
1786590267.274971,8339.5,397.0,5809.3,14545.8,1201.9
1786590267.374974,8339.5,397.0,5809.3,14545.8,1201.9
1786590267.475194,8339.5,793.9,5809.3,14942.7,1201.9
1786590267.575322,8339.5,793.9,5809.3,14942.7,1201.9
1786590267.675438,8339.5,793.9,5809.3,14942.7,1302.1
1786590267.775379,8339.5,1190.9,5909.4,15439.8,1302.1
1786590267.875224,8339.5,1190.9,5909.4,15439.8,1302.1
1786590267.974936,8339.5,793.9,5809.3,14942.7,1302.1
1786590268.074947,8339.5,793.9,5809.3,14942.7,1201.9
1786590268.174979,8339.5,793.9,5809.3,14942.7,1201.9
1786590268.274966,8339.5,793.9,5809.3,14942.7,1201.9
1786590268.375031,8339.5,793.9,5809.3,14942.7,1201.9
1786590268.474998,8339.5,793.9,5809.3,14942.7,1201.9
1786590268.575089,8736.6,793.9,5809.3,15339.8,1201.9
1786590268.674982,8342.9,793.9,5809.3,14946.1,1201.9
1786590268.774962,8342.9,794.2,5809.3,14946.4,1201.9
1786590268.875044,8342.9,397.1,5818.6,14558.6,1201.9
1786590268.975053,8342.9,397.1,5809.3,14549.3,1201.9
1786590269.074912,8342.9,397.0,5818.6,14558.4,1201.9
1786590269.175081,8342.9,397.0,5809.3,14549.1,1201.9
1786590269.274988,8342.9,397.0,5809.3,14549.1,1201.9
1786590269.375056,8342.9,397.0,5809.3,14549.1,1201.9
1786590269.475151,8342.9,397.0,5809.3,14549.1,1201.9
1786590269.575093,8342.9,397.0,5809.3,14549.1,1201.9
1786590269.674931,8339.5,397.0,5809.3,14545.8,1201.9
1786590269.774924,8342.9,397.0,5809.3,14549.1,1201.9
1786590269.874909,8342.9,397.0,5809.3,14549.1,1201.9
1786590269.975060,8342.9,793.9,5809.3,14946.1,1201.9
1786590270.074957,8342.9,397.0,5809.3,14549.1,1201.9
1786590270.175009,8342.9,397.0,5809.3,14549.1,1201.9
1786590270.275021,8339.5,397.0,5809.3,14545.8,1201.9
1786590270.375073,8342.9,397.0,5809.3,14549.1,1201.9
1786590270.474943,8342.9,397.0,5809.3,14549.1,1201.9
1786590270.574954,8342.9,397.0,5809.3,14549.1,1201.9
1786590270.674973,8342.9,397.0,5809.3,14549.1,1201.9
1786590270.774973,8342.9,397.0,5809.3,14549.1,1201.9
1786590270.874895,8342.9,397.0,5809.3,14549.1,1201.9
1786590270.974956,8342.9,397.0,5809.3,14549.1,1201.9
1786590271.074945,8342.9,397.0,5809.3,14549.1,1201.9
1786590271.175011,8342.9,397.0,5809.3,14549.1,1201.9
1786590271.275041,8740.2,397.0,5809.3,14946.4,1201.9
1786590271.375071,8342.9,397.0,5809.3,14549.1,1201.9
1786590271.475122,8339.5,397.0,5809.3,14545.8,1201.9
1786590271.575172,8342.9,397.0,5809.3,14549.1,1201.9
1786590271.674993,8342.9,397.0,5818.6,14558.4,1201.9
1786590271.775054,8736.6,397.0,5818.6,14952.2,1201.9
1786590271.875020,8736.6,397.0,5818.6,14952.2,1201.9
1786590271.974970,8342.9,397.0,5809.3,14549.1,1201.9
1786590272.074974,8342.9,397.0,5809.3,14549.1,1201.9
1786590272.175032,8342.9,397.0,5809.3,14549.1,1201.9
1786590272.275226,8342.9,397.0,5809.3,14549.1,1201.9
1786590272.375046,8339.5,397.0,5809.3,14545.8,1201.9
1786590272.475006,8339.5,397.0,5809.3,14545.8,1201.9
1786590272.574980,8342.9,397.0,5809.3,14549.1,1201.9
1786590272.674975,8342.9,397.0,5809.3,14549.1,1201.9
1786590272.775059,8342.9,397.0,5809.3,14549.1,1201.9
1786590272.874983,8342.9,397.1,5809.3,14549.3,1201.9
1786590272.975194,8342.9,793.9,5818.6,14955.4,1201.9
1786590273.075349,8740.2,793.9,5818.6,15352.6,1201.9
1786590273.175300,8342.9,793.9,5818.6,14955.4,1302.1
1786590273.275376,8342.9,1191.4,5909.4,15443.7,1302.1
1786590273.375221,8342.9,1191.4,5909.4,15443.7,1302.1
1786590273.475208,8342.9,794.2,5909.4,15046.6,1302.1
1786590273.575265,8342.9,794.2,5918.9,15056.0,1302.1
1786590273.674937,8342.9,794.2,5918.9,15056.0,1302.1
1786590273.775005,8342.9,794.2,5809.3,14946.4,1201.9
1786590273.874933,8342.9,794.2,5809.3,14946.4,1201.9
1786590273.974898,8740.2,793.9,5918.9,15453.0,1302.1
1786590274.074887,8740.2,794.2,5809.3,15343.7,1201.9
1786590274.174950,8342.9,794.2,5809.3,14946.4,1201.9
1786590274.274952,8342.9,794.2,5809.3,14946.4,1201.9
1786590274.375016,8342.9,397.1,5809.3,14549.3,1201.9
1786590274.475316,8342.9,793.9,5809.3,14946.1,1201.9
1786590274.575237,8342.9,793.9,5818.6,14955.4,1201.9
1786590274.675071,8342.9,793.9,5818.6,14955.4,1201.9
1786590274.774961,8740.2,793.9,5818.6,15352.6,1201.9
1786590274.874920,8342.9,793.9,5809.3,14946.1,1201.9
1786590274.974905,8342.9,397.0,5809.3,14549.1,1201.9
1786590275.074891,8342.9,397.1,5809.3,14549.3,1201.9
1786590275.174972,8342.9,397.1,5809.3,14549.3,1201.9
1786590275.274931,8342.9,397.0,5809.3,14549.1,1201.9
1786590275.374978,8740.2,397.0,5809.3,14946.4,1201.9
1786590275.475121,8342.9,397.0,5809.3,14549.1,1201.9
1786590275.575213,8342.9,397.0,5809.3,14549.1,1201.9
1786590275.674964,8342.9,397.0,5809.3,14549.1,1201.9
1786590275.774970,8339.5,397.0,5809.3,14545.8,1201.9
1786590275.874962,8339.5,397.0,5809.3,14545.8,1201.9
1786590275.974956,8339.5,397.0,5809.3,14545.8,1201.9
1786590276.074959,8339.5,397.0,5809.3,14545.8,1201.9
1786590276.174996,8339.5,397.0,5809.3,14545.8,1201.9
1786590276.274948,8339.5,397.0,5809.3,14545.8,1201.9
1786590276.375038,8339.5,397.0,5809.3,14545.8,1201.9
1786590276.474961,8339.5,397.0,5809.3,14545.8,1201.9
1786590276.575036,8339.5,397.0,5809.3,14545.8,1201.9
1786590276.674954,8339.5,397.0,5809.3,14545.8,1201.9
1786590276.775134,8342.9,793.9,5809.3,14946.1,1201.9
1786590276.874980,8339.5,397.0,5809.3,14545.8,1201.9
1786590276.974944,8339.5,397.0,5809.3,14545.8,1201.9
1786590277.074922,8736.6,397.0,5818.6,14952.2,1201.9
1786590277.175015,8736.6,397.0,5818.6,14952.2,1201.9
1786590277.274947,8736.6,397.0,5818.6,14952.2,1201.9
1786590277.374971,8339.5,397.0,5809.3,14545.8,1201.9
1786590277.475123,8339.5,397.0,5809.3,14545.8,1201.9
1786590277.575138,8339.5,397.0,5818.6,14555.0,1201.9
1786590277.674952,8339.5,397.0,5818.6,14555.0,1201.9
1786590277.775054,8339.5,397.0,5818.6,14555.0,1201.9
1786590277.874957,8736.6,397.0,5818.6,14952.2,1201.9
1786590277.974986,8736.6,397.0,5809.3,14942.9,1201.9
1786590278.074971,8339.5,397.0,5809.3,14545.8,1201.9
1786590278.175032,8339.5,397.0,5809.3,14545.8,1201.9
1786590278.274965,8342.9,397.1,5809.3,14549.3,1201.9
1786590278.374941,8342.9,397.1,5809.3,14549.3,1201.9
1786590278.475187,8342.9,793.9,5809.3,14946.1,1201.9
1786590278.575183,8740.2,793.9,5818.6,15352.6,1302.1
1786590278.675268,8740.2,793.9,5918.9,15453.0,1302.1
1786590278.775329,8740.2,1191.4,5918.9,15850.4,1302.1
1786590278.875228,8342.9,1191.4,5918.9,15453.1,1302.1
1786590278.974943,8342.9,794.2,5909.4,15046.6,1302.1
1786590279.074929,8342.9,794.2,5809.3,14946.4,1302.1
1786590279.175013,8342.9,794.2,5818.6,14955.7,1302.1
1786590279.274929,8740.2,794.2,5818.6,15353.0,1302.1
1786590279.375017,8740.2,794.2,5918.9,15453.3,1201.9
1786590279.475169,8740.2,793.9,5918.9,15453.0,1302.1
1786590279.575260,8736.6,793.9,5909.4,15440.0,1302.1
1786590279.674946,8736.6,793.9,5918.9,15449.4,1302.1
1786590279.774905,8736.6,793.9,5918.9,15449.4,1302.1
1786590279.874897,8736.6,793.9,5809.3,15339.8,1201.9
1786590279.974961,8339.5,397.0,5809.3,14545.8,1201.9
1786590280.074956,8339.5,397.0,5809.3,14545.8,1201.9
1786590280.175073,8339.5,397.0,5809.3,14545.8,1201.9
1786590280.275091,8339.5,397.0,5809.3,14545.8,1201.9
1786590280.375000,8736.6,397.0,5809.3,14942.9,1201.9
1786590280.474933,8736.6,397.0,5809.3,14942.9,1201.9
1786590280.574958,8736.6,397.0,5809.3,14942.9,1201.9
1786590280.674947,8736.6,397.0,5809.3,14942.9,1201.9
1786590280.775072,8339.5,397.0,5809.3,14545.8,1201.9
1786590280.874976,8339.5,397.0,5809.3,14545.8,1201.9
1786590280.975219,8339.5,793.9,5809.3,14942.7,1201.9
1786590281.074954,8339.5,397.0,5809.3,14545.8,1201.9
1786590281.174950,8339.5,397.0,5818.6,14555.0,1201.9
1786590281.274992,8736.6,397.0,5818.6,14952.2,1201.9
1786590281.374930,8339.5,397.0,5818.6,14555.0,1201.9
1786590281.475089,8339.5,397.0,5818.6,14555.0,1201.9
1786590281.575281,8339.5,793.9,5809.3,14942.7,1201.9
1786590281.674923,8339.5,397.0,5809.3,14545.8,1201.9
1786590281.774886,8339.5,397.0,5809.3,14545.8,1201.9
1786590281.874898,8339.5,397.0,5809.3,14545.8,1201.9
1786590281.974944,8339.5,397.0,5809.3,14545.8,1201.9
1786590282.075181,8736.6,397.0,5809.3,14942.9,1201.9
1786590282.175077,8736.6,397.0,5818.6,14952.2,1201.9
1786590282.275010,8736.6,397.0,5818.6,14952.2,1201.9
1786590282.375045,8736.6,397.0,5818.6,14952.2,1201.9
1786590282.475005,8736.6,397.0,5909.4,15043.0,1302.1
1786590282.574985,8736.6,397.0,5918.9,15052.5,1302.1
1786590282.674999,8736.6,397.0,5918.9,15052.5,1302.1
1786590282.775038,8736.6,397.0,5909.4,15043.0,1302.1
1786590282.875010,8736.6,397.0,5909.4,15043.0,1302.1
1786590282.974942,8736.6,397.0,5909.4,15043.0,1302.1
1786590283.074918,8736.6,397.0,5918.9,15052.5,1302.1
1786590283.175224,8736.6,793.9,5909.4,15440.0,1302.1
1786590283.274978,8736.6,397.0,5918.9,15052.5,1302.1
1786590283.375048,8736.6,397.0,5918.9,15052.5,1302.1
1786590283.475379,8736.6,793.9,5918.9,15449.4,1302.1
1786590283.575294,8736.6,793.9,5918.9,15449.4,1302.1
1786590283.674953,8736.6,793.9,5918.9,15449.4,1302.1
1786590283.774896,8736.6,793.9,5918.9,15449.4,1302.1
1786590283.874926,8736.6,793.9,5918.9,15449.4,1302.1
1786590283.975329,8736.6,793.9,5909.4,15440.0,1302.1
1786590284.075265,8736.6,793.9,5918.9,15449.4,1302.1
1786590284.175308,8736.6,1190.9,6019.2,15946.7,1302.1
1786590284.275241,8736.6,1190.9,6019.2,15946.7,1302.1
1786590284.375216,8736.6,1190.9,6209.9,16137.4,1502.4
1786590284.474975,9133.8,1190.9,6610.6,16935.2,1802.9
1786590284.575284,9133.8,1190.9,6610.6,16935.2,1702.7
1786590284.674974,8736.6,793.9,6410.2,15940.8,1602.6
1786590284.774934,8736.6,793.9,6310.1,15840.6,1502.4
1786590284.874934,8339.5,793.9,6209.9,15343.4,1502.4
1786590284.975006,8339.5,793.9,6109.8,15243.2,1402.2
1786590285.074917,8339.5,793.9,6109.8,15243.2,1402.2
1786590285.174922,8339.5,793.9,6009.6,15143.0,1302.1
1786590285.275212,8339.5,793.9,6009.6,15143.0,1302.1
1786590285.374918,8339.5,793.9,6009.6,15143.0,1302.1
1786590285.475217,7942.4,793.9,5909.4,14645.8,1302.1
1786590285.575251,7942.4,793.9,5909.4,14645.8,1302.1
1786590285.674932,7942.4,793.9,5909.4,14645.8,1302.1
1786590285.774922,7942.4,793.9,5909.4,14645.8,1302.1
1786590285.874937,7942.4,793.9,5909.4,14645.8,1302.1
1786590285.975095,7942.4,397.0,5909.4,14248.8,1302.1
1786590286.074943,7942.4,397.0,5909.4,14248.8,1302.1
1786590286.174944,7942.4,397.0,5909.4,14248.8,1302.1
1786590286.274984,8339.5,397.0,5909.4,14645.9,1302.1
1786590286.374941,8339.5,397.0,5909.4,14645.9,1302.1
1786590286.475078,8339.5,397.0,5909.4,14645.9,1302.1
1786590286.574948,8339.5,397.0,5909.4,14645.9,1302.1
1786590286.674965,8339.5,397.0,5909.4,14645.9,1302.1
1786590286.774988,8342.9,397.0,5909.4,14649.3,1302.1
1786590286.874944,8342.9,397.0,5909.4,14649.3,1302.1
1786590286.974957,8342.9,397.0,5909.4,14649.3,1302.1
1786590287.074940,8339.5,397.0,5909.4,14645.9,1302.1
1786590287.174953,8342.9,397.0,5909.4,14649.3,1302.1
1786590287.274981,8339.5,397.0,5909.4,14645.9,1302.1
1786590287.374939,8339.5,397.0,5909.4,14645.9,1302.1
1786590287.475360,8339.5,793.9,5909.4,15042.9,1302.1
1786590287.575275,8339.5,793.9,5909.4,15042.9,1302.1
1786590287.674986,8342.9,793.9,5909.4,15046.2,1302.1
1786590287.774977,8342.9,793.9,5909.4,15046.2,1302.1
1786590287.874942,8342.9,397.0,5909.4,14649.3,1302.1
1786590287.975002,8342.9,397.0,5909.4,14649.3,1302.1
1786590288.075054,8342.9,793.9,5909.4,15046.2,1302.1
1786590288.174924,8342.9,397.0,5909.4,14649.3,1302.1
1786590288.275249,8342.9,793.9,5909.4,15046.2,1302.1
1786590288.375163,8342.9,793.9,6009.6,15146.4,1302.1
1786590288.475391,8339.5,1190.9,6009.6,15540.0,1402.2
1786590288.575328,8339.5,1587.8,6109.8,16037.1,1402.2
1786590288.675361,8339.5,1587.8,6109.8,16037.1,1402.2
1786590288.775365,8339.5,1587.8,6109.8,16037.1,1402.2
1786590288.875274,8339.5,1190.9,6109.8,15640.2,1402.2
1786590288.974946,8339.5,1190.9,6009.6,15540.0,1402.2
1786590289.074917,8339.5,1190.9,6009.6,15540.0,1402.2
1786590289.174896,8339.5,793.9,6009.6,15143.0,1302.1
1786590289.274926,8339.5,793.9,6009.6,15143.0,1302.1
1786590289.374944,8339.5,793.9,6009.6,15143.0,1302.1
1786590289.475187,8339.5,793.9,6009.6,15143.0,1302.1
1786590289.575402,8339.5,1190.9,6009.6,15540.0,1402.2
1786590289.675296,8736.6,1190.9,6109.8,16037.3,1402.2
1786590289.775518,8736.6,1190.9,6109.8,16037.3,1402.2
1786590289.875232,8736.6,1190.9,6109.8,16037.3,1402.2
1786590289.974939,8736.6,1190.9,6109.8,16037.3,1402.2
1786590290.074954,8736.6,793.9,6109.8,15640.3,1402.2
1786590290.174938,8736.6,793.9,6009.6,15540.2,1402.2
1786590290.274987,8736.6,793.9,6009.6,15540.2,1402.2
1786590290.374918,8736.6,793.9,6009.6,15540.2,1402.2
1786590290.474957,8736.6,793.9,6009.6,15540.2,1402.2
1786590290.574889,8736.6,793.9,6009.6,15540.2,1402.2
1786590290.674949,8736.6,793.9,6009.6,15540.2,1402.2
1786590290.774970,8736.6,793.9,6009.6,15540.2,1402.2
1786590290.875002,8736.6,397.0,6009.6,15143.2,1402.2
1786590290.974964,8736.6,397.0,6009.6,15143.2,1402.2
1786590291.074992,8736.6,397.0,6009.6,15143.2,1402.2
1786590291.174961,8736.6,397.0,6009.6,15143.2,1402.2
1786590291.274949,8736.6,397.0,6009.6,15143.2,1402.2
1786590291.374946,8736.6,397.0,6009.6,15143.2,1402.2
1786590291.475061,8736.6,397.0,6009.6,15143.2,1402.2
1786590291.575123,8736.6,397.0,6109.8,15243.4,1402.2
1786590291.674978,8736.6,397.0,6009.6,15143.2,1402.2
1786590291.775017,8736.6,397.0,6009.6,15143.2,1402.2
1786590291.875040,8736.6,397.0,6109.8,15243.4,1402.2
1786590291.975194,8736.6,793.9,6109.8,15640.3,1402.2
1786590292.074973,8736.6,397.0,6109.8,15243.4,1402.2
1786590292.174949,8736.6,397.0,6109.8,15243.4,1402.2
1786590292.275005,8736.6,397.0,6109.8,15243.4,1402.2
1786590292.374951,8736.6,397.0,6109.8,15243.4,1402.2
1786590292.474968,8736.6,397.0,6109.8,15243.4,1402.2
1786590292.574954,8736.6,397.0,6109.8,15243.4,1402.2
1786590292.675003,8736.6,397.0,6109.8,15243.4,1402.2
1786590292.774968,8736.6,397.0,6109.8,15243.4,1402.2
1786590292.874998,8736.6,397.0,6109.8,15243.4,1402.2
1786590292.974957,8736.6,397.0,6109.8,15243.4,1402.2
1786590293.074958,8736.6,397.0,6109.8,15243.4,1402.2
1786590293.175086,8736.6,397.0,6109.8,15243.4,1402.2
1786590293.275028,8736.6,397.0,6109.8,15243.4,1402.2
1786590293.375048,8736.6,397.0,6109.8,15243.4,1402.2
1786590293.475029,8736.6,397.0,6109.8,15243.4,1402.2
1786590293.575220,8736.6,397.0,6109.8,15243.4,1402.2
1786590293.674996,8736.6,397.0,6109.8,15243.4,1402.2
1786590293.774955,8736.6,397.0,6109.8,15243.4,1402.2
1786590293.875021,8736.6,397.0,6109.8,15243.4,1402.2
1786590293.974935,8736.6,397.0,6109.8,15243.4,1402.2
1786590294.074993,8736.6,397.0,6109.8,15243.4,1402.2
1786590294.174993,8736.6,397.0,6109.8,15243.4,1402.2
1786590294.275176,8736.6,793.9,6109.8,15640.3,1402.2
1786590294.374961,8736.6,397.0,6109.8,15243.4,1402.2
1786590294.474958,8736.6,397.0,6109.8,15243.4,1402.2
1786590294.575230,9133.8,793.9,6109.8,16037.4,1402.2
1786590294.675264,8736.6,793.9,6109.8,15640.3,1402.2
1786590294.775071,9133.8,793.9,6109.8,16037.4,1402.2
1786590294.874946,9133.8,793.9,6109.8,16037.4,1402.2
1786590294.975123,9133.8,793.9,6109.8,16037.4,1402.2
1786590295.075240,9133.8,793.9,6209.9,16137.6,1402.2
1786590295.175339,9133.8,1190.9,6209.9,16534.6,1502.4
1786590295.275244,9133.8,1190.9,6209.9,16534.6,1502.4
1786590295.375167,9133.8,1190.9,6209.9,16534.6,1502.4
1786590295.475144,9133.8,793.9,6209.9,16137.6,1502.4
1786590295.575166,9133.8,793.9,6209.9,16137.6,1502.4
1786590295.674963,9133.8,793.9,6209.9,16137.6,1502.4
1786590295.774931,9133.8,793.9,6209.9,16137.6,1502.4
1786590295.875014,9133.8,793.9,6209.9,16137.6,1402.2
1786590295.974952,9133.8,793.9,6209.9,16137.6,1402.2
1786590296.074972,9133.8,793.9,6209.9,16137.6,1402.2
1786590296.174978,9133.8,793.9,6209.9,16137.6,1402.2
1786590296.275010,9133.8,793.9,6209.9,16137.6,1402.2
1786590296.374979,9133.8,397.0,6209.9,15740.6,1402.2
1786590296.475238,9133.8,793.9,6209.9,16137.6,1402.2
1786590296.574995,9133.8,793.9,6209.9,16137.6,1402.2
1786590296.675019,9133.8,793.9,6209.9,16137.6,1402.2
1786590296.774987,9133.8,793.9,6209.9,16137.6,1402.2
1786590296.875055,9133.8,397.0,6209.9,15740.6,1402.2
1786590296.975000,9133.8,397.0,6209.9,15740.6,1402.2
1786590297.074958,9133.8,397.0,6209.9,15740.6,1402.2
1786590297.174918,9133.8,397.0,6209.9,15740.6,1402.2
1786590297.274919,9133.8,793.9,6209.9,16137.6,1502.4
1786590297.374955,9133.8,793.9,6209.9,16137.6,1502.4
1786590297.475086,9133.8,397.0,6209.9,15740.6,1502.4
1786590297.575361,9133.8,793.9,6310.1,16237.8,1602.6
1786590297.674980,9530.9,793.9,6710.7,17035.5,1802.9
1786590297.775019,9137.4,793.9,6710.7,16642.1,1800.0
1786590297.874999,9133.8,793.9,7011.2,16938.9,2000.0
1786590297.974941,9133.8,793.9,7111.4,17039.0,2000.0
1786590298.074995,9133.8,793.9,7311.7,17239.4,2200.0
1786590298.174955,9133.8,793.9,7311.7,17239.4,2200.0
1786590298.274946,9133.8,793.9,7411.8,17339.5,2200.0
1786590298.374963,9530.9,793.9,7512.0,17836.8,2300.0
1786590298.474956,9133.8,793.9,7411.8,17339.5,2200.0
1786590298.575054,9530.9,793.9,7612.2,17937.0,2300.0
1786590298.675106,9133.8,793.9,7512.0,17439.7,2300.0
1786590298.775157,9530.9,793.9,7612.2,17937.0,2400.0
1786590298.875180,9133.8,793.9,7512.0,17439.7,2300.0
1786590298.974932,9530.9,793.9,7612.2,17937.0,2400.0
1786590299.075159,9137.4,793.9,7512.0,17443.4,2200.0
1786590299.174996,9133.8,793.9,7612.2,17539.8,2300.0
1786590299.274989,9137.4,793.9,7512.0,17443.4,2200.0
1786590299.374973,9133.8,793.9,7612.2,17539.8,2300.0
1786590299.475220,9137.4,794.2,7512.0,17443.7,2200.0
1786590299.575067,9133.8,793.9,7612.2,17539.8,2300.0
1786590299.675297,9137.4,794.2,7512.0,17443.7,2200.0
1786590299.774966,9133.8,793.9,7612.2,17539.8,2300.0
1786590299.875105,9133.8,793.9,7612.2,17539.8,2300.0
1786590299.975006,9133.8,793.9,7612.2,17539.8,2300.0
1786590300.074989,9133.8,793.9,7612.2,17539.8,2300.0
1786590300.174966,9133.8,793.9,7612.2,17539.8,2300.0
1786590300.275042,9530.9,793.9,7712.3,18037.1,2400.0
1786590300.375014,9133.8,793.9,7612.2,17539.8,2300.0
1786590300.475326,9530.9,793.9,7712.3,18037.1,2400.0
1786590300.575280,9133.8,1190.9,7612.2,17936.8,2300.0
1786590300.675154,9530.9,1190.9,7712.3,18434.1,2400.0
1786590300.775340,9133.8,1190.9,7612.2,17936.8,2300.0
1786590300.875223,9530.9,1190.9,7712.3,18434.1,2400.0
1786590300.974960,9137.4,1190.9,7612.2,17940.5,2300.0
1786590301.074909,9133.8,1190.9,7712.3,18037.0,2400.0
1786590301.174973,9137.4,1190.9,7512.0,17840.3,2200.0
1786590301.275069,9133.8,793.9,7712.3,17640.0,2300.0
1786590301.374958,9137.4,794.2,7512.0,17443.7,2200.0
1786590301.475077,9133.8,793.9,7712.3,17640.0,2300.0
1786590301.575020,9137.4,794.2,7512.0,17443.7,2200.0
1786590301.675213,9133.8,793.9,7612.2,17539.8,2300.0
1786590301.775112,9133.8,793.9,7612.2,17539.8,2300.0
1786590301.875046,9133.8,793.9,7612.2,17539.8,2300.0
1786590301.975001,9530.9,793.9,7712.3,18037.1,2300.0
1786590302.074955,9133.8,793.9,7612.2,17539.8,2300.0
1786590302.174958,9530.9,793.9,7712.3,18037.1,2400.0
1786590302.275089,9133.8,793.9,7612.2,17539.8,2300.0
1786590302.374948,9530.9,793.9,7712.3,18037.1,2400.0
1786590302.474959,9133.8,793.9,7612.2,17539.8,2300.0
1786590302.575018,9530.9,793.9,7712.3,18037.1,2400.0
1786590302.675012,9133.8,793.9,7512.0,17439.7,2200.0
1786590302.775119,9133.8,793.9,7712.3,17640.0,2400.0
1786590302.875158,9133.8,793.9,7512.0,17439.7,2200.0
1786590302.975184,9133.8,793.9,7712.3,17640.0,2300.0
1786590303.075046,9133.8,793.9,7512.0,17439.7,2200.0
1786590303.175095,9133.8,793.9,7612.2,17539.8,2300.0
1786590303.275000,9133.8,793.9,7512.0,17439.7,2200.0
1786590303.374943,9133.8,793.9,7612.2,17539.8,2300.0
1786590303.475149,9133.8,793.9,7512.0,17439.7,2300.0
1786590303.575346,9133.8,793.9,7612.2,17539.8,2300.0
1786590303.675317,9133.8,793.9,7612.2,17539.8,2300.0
1786590303.774993,9133.8,793.9,7612.2,17539.8,2300.0
1786590303.874967,9530.9,793.9,7712.3,18037.1,2400.0
1786590303.974915,9133.8,793.9,7612.2,17539.8,2300.0
1786590304.074927,9530.9,793.9,7712.3,18037.1,2400.0
1786590304.174939,9133.8,793.9,7612.2,17539.8,2300.0
1786590304.274930,9530.9,793.9,7712.3,18037.1,2400.0
1786590304.374978,9133.8,793.9,7512.0,17439.7,2300.0
1786590304.474956,9530.9,793.9,7712.3,18037.1,2400.0
1786590304.575066,9133.8,793.9,7512.0,17439.7,2200.0
1786590304.675227,9530.9,793.9,7712.3,18037.1,2400.0
1786590304.775033,9133.8,793.9,7512.0,17439.7,2200.0
1786590304.874976,9133.8,793.9,7612.2,17539.8,2300.0
1786590304.974938,9133.8,793.9,7512.0,17439.7,2200.0
1786590305.074939,9133.8,793.9,7612.2,17539.8,2300.0
1786590305.174984,9133.8,793.9,7512.0,17439.7,2200.0
1786590305.275233,9133.8,793.9,7612.2,17539.8,2300.0
1786590305.375152,9133.8,793.9,7612.2,17539.8,2300.0
1786590305.475194,9133.8,793.9,7612.2,17539.8,2300.0
1786590305.575183,9530.9,793.9,7612.2,17937.0,2300.0
1786590305.675182,9133.8,793.9,7612.2,17539.8,2300.0
1786590305.774907,9530.9,793.9,7712.3,18037.1,2400.0
1786590305.875159,9133.8,793.9,7612.2,17539.8,2300.0
1786590305.975169,9530.9,793.9,7712.3,18037.1,2400.0
1786590306.075291,9133.8,1190.9,7612.2,17936.8,2300.0
1786590306.175348,9530.9,1190.9,7712.3,18434.1,2400.0
1786590306.275386,9133.8,1190.9,7612.2,17936.8,2300.0
1786590306.375229,9530.9,1190.9,7712.3,18434.1,2400.0
1786590306.475270,9133.8,1190.9,7612.2,17936.8,2300.0
1786590306.574990,9133.8,1190.9,7712.3,18037.0,2400.0
1786590306.675242,9137.4,1190.9,7512.0,17840.3,2200.0
1786590306.775005,9133.8,793.9,7712.3,17640.0,2300.0
1786590306.875272,9137.4,794.2,7512.0,17443.7,2200.0
1786590306.974952,9133.8,793.9,7612.2,17539.8,2300.0
1786590307.075120,9137.4,794.2,7512.0,17443.7,2200.0
1786590307.175117,9133.8,793.9,7612.2,17539.8,2300.0
1786590307.275097,9137.4,794.2,7612.2,17543.8,2300.0
1786590307.375130,9137.4,793.9,7612.2,17543.5,2300.0
1786590307.475317,9530.9,793.9,7712.3,18037.1,2400.0
1786590307.575211,9137.4,793.9,7612.2,17543.5,2300.0
1786590307.675228,9530.9,793.9,7712.3,18037.1,2400.0
1786590307.775160,9137.4,794.2,7612.2,17543.8,2300.0
1786590307.875070,9530.9,793.9,7712.3,18037.1,2400.0
1786590307.975264,9137.4,794.2,7612.2,17543.8,2300.0
1786590308.075031,9530.9,793.9,7712.3,18037.1,2400.0
1786590308.175290,9137.4,794.2,7512.0,17443.7,2200.0
1786590308.275009,9137.4,793.9,7712.3,17643.7,2300.0
1786590308.375165,9137.4,794.2,7512.0,17443.7,2200.0
1786590308.475028,9133.8,793.9,7612.2,17539.8,2300.0
1786590308.575368,9137.4,794.2,7512.0,17443.7,2200.0
1786590308.675106,9133.8,793.9,7612.2,17539.8,2300.0
1786590308.775229,9137.4,794.2,7512.0,17443.7,2200.0
1786590308.875217,9133.8,793.9,7612.2,17539.8,2300.0
1786590308.975173,9137.4,793.9,7612.2,17543.5,2300.0
1786590309.075105,9133.8,793.9,7612.2,17539.8,2300.0
1786590309.175213,9133.8,793.9,7612.2,17539.8,2300.0
1786590309.275048,9133.8,793.9,7612.2,17539.8,2300.0
1786590309.375026,9530.9,793.9,7712.3,18037.1,2400.0
1786590309.475283,9133.8,793.9,7612.2,17539.8,2300.0
1786590309.575099,9530.9,793.9,7712.3,18037.1,2400.0
1786590309.675357,9133.8,793.9,7612.2,17539.8,2300.0
1786590309.775103,9530.9,793.9,7712.3,18037.1,2400.0
1786590309.875079,9133.8,793.9,7612.2,17539.8,2300.0
1786590309.974910,9530.9,793.9,7712.3,18037.1,2400.0
1786590310.075021,9133.8,793.9,7512.0,17439.7,2200.0
1786590310.175031,9133.8,793.9,7712.3,17640.0,2300.0
1786590310.274971,9133.8,793.9,7512.0,17439.7,2200.0
1786590310.374971,9133.8,793.9,7712.3,17640.0,2300.0
1786590310.475006,9133.8,793.9,7512.0,17439.7,2200.0
1786590310.575025,9133.8,793.9,7612.2,17539.8,2300.0
1786590310.675173,9133.8,793.9,7512.0,17439.7,2200.0
1786590310.774982,9133.8,793.9,7612.2,17539.8,2300.0
1786590310.875079,9133.8,793.9,7612.2,17539.8,2300.0
1786590310.974920,9133.8,793.9,7612.2,17539.8,2300.0
1786590311.074936,9530.9,793.9,7712.3,18037.1,2300.0
1786590311.174953,9133.8,793.9,7612.2,17539.8,2300.0
1786590311.274921,9530.9,793.9,7712.3,18037.1,2400.0
1786590311.374932,9133.8,793.9,7612.2,17539.8,2300.0
1786590311.475250,9530.9,793.9,7712.3,18037.1,2400.0
1786590311.575121,9133.8,1190.9,7612.2,17936.8,2300.0
1786590311.675314,9530.9,1190.9,7712.3,18434.1,2400.0
1786590311.775401,9133.8,1190.9,7612.2,17936.8,2300.0
1786590311.875290,9530.9,1190.9,7712.3,18434.1,2400.0
1786590311.974949,9137.4,1191.4,7612.2,17941.0,2300.0
1786590312.075226,9133.8,1190.9,7712.3,18037.0,2400.0
1786590312.175297,9137.4,1191.4,7512.0,17840.8,2200.0
1786590312.274959,9133.8,793.9,7712.3,17640.0,2300.0
1786590312.375256,9137.4,794.2,7512.0,17443.7,2200.0
1786590312.475070,9133.8,793.9,7612.2,17539.8,2300.0
1786590312.575071,9137.4,794.2,7612.2,17543.8,2300.0
1786590312.675185,9133.8,793.9,7612.2,17539.8,2300.0
1786590312.775165,9137.4,794.2,7612.2,17543.8,2300.0
1786590312.875241,9133.8,793.9,7612.2,17539.8,2300.0
1786590312.975009,9530.9,793.9,7712.3,18037.1,2400.0
1786590313.075097,9133.8,793.9,7612.2,17539.8,2300.0
1786590313.175024,9530.9,793.9,7712.3,18037.1,2400.0
1786590313.275229,9137.4,793.9,7612.2,17543.5,2300.0
1786590313.374952,9530.9,793.9,7712.3,18037.1,2400.0
1786590313.475262,9133.8,793.9,7512.0,17439.7,2300.0
1786590313.574948,9530.9,793.9,7712.3,18037.1,2400.0
1786590313.675259,9133.8,793.9,7512.0,17439.7,2200.0
1786590313.775133,9133.8,793.9,7712.3,17640.0,2300.0
1786590313.875306,9137.4,794.2,7512.0,17443.7,2200.0
1786590313.975302,9133.8,793.9,7612.2,17539.8,2300.0
1786590314.074958,9137.4,794.2,7512.0,17443.7,2200.0
1786590314.174991,9133.8,793.9,7612.2,17539.8,2300.0
1786590314.275027,9137.4,794.2,7512.0,17443.7,2200.0
1786590314.374969,9133.8,793.9,7612.2,17539.8,2300.0
1786590314.475029,9133.8,793.9,7612.2,17539.8,2300.0
1786590314.574950,9133.8,793.9,7612.2,17539.8,2300.0
1786590314.675301,9530.9,793.9,7712.3,18037.1,2300.0
1786590314.774983,9133.8,793.9,7612.2,17539.8,2300.0
1786590314.875037,9530.9,793.9,7712.3,18037.1,2400.0
1786590314.974977,9133.8,793.9,7612.2,17539.8,2300.0
1786590315.074961,9530.9,793.9,7712.3,18037.1,2400.0
1786590315.175033,9133.8,793.9,7512.0,17439.7,2300.0
1786590315.274969,9530.9,793.9,7712.3,18037.1,2400.0
1786590315.374985,9133.8,793.9,7512.0,17439.7,2200.0
1786590315.475180,9133.8,793.9,7712.3,17640.0,2300.0
1786590315.574970,9133.8,793.9,7512.0,17439.7,2200.0
1786590315.675145,9133.8,793.9,7712.3,17640.0,2300.0
1786590315.775042,9133.8,793.9,7512.0,17439.7,2200.0
1786590315.875022,9133.8,793.9,7612.2,17539.8,2300.0
1786590315.974959,9137.4,793.9,7512.0,17443.4,2200.0
1786590316.074940,9133.8,793.9,7612.2,17539.8,2300.0
1786590316.174984,9133.8,793.9,7612.2,17539.8,2300.0
1786590316.275242,9133.8,793.9,7612.2,17539.8,2300.0
1786590316.375020,9530.9,793.9,7612.2,17937.0,2300.0
1786590316.475063,9133.8,793.9,7612.2,17539.8,2300.0
1786590316.574937,9530.9,793.9,7712.3,18037.1,2400.0
1786590316.675083,9133.8,793.9,7612.2,17539.8,2300.0
1786590316.774969,9530.9,793.9,7712.3,18037.1,2400.0
1786590316.875039,9133.8,793.9,7612.2,17539.8,2300.0
1786590316.975217,9530.9,793.9,7712.3,18037.1,2400.0
1786590317.075228,9133.8,1190.9,7612.2,17936.8,2300.0
1786590317.175462,9530.9,1190.9,7712.3,18434.1,2400.0
1786590317.275289,9133.8,1190.9,7612.2,17936.8,2300.0
1786590317.375187,9530.9,1190.9,7712.3,18434.1,2400.0
1786590317.475190,9137.4,1191.4,7612.2,17941.0,2300.0
1786590317.574903,9530.9,1190.9,7712.3,18434.1,2400.0
1786590317.675300,9137.4,794.2,7512.0,17443.7,2200.0
1786590317.774943,9133.8,793.9,7712.3,17640.0,2300.0
1786590317.875114,9137.4,794.2,7512.0,17443.7,2200.0
1786590317.974898,9133.8,793.9,7612.2,17539.8,2300.0
1786590318.074948,9137.4,793.9,7612.2,17543.5,2300.0
1786590318.174975,9133.8,793.9,7612.2,17539.8,2300.0
1786590318.275107,9530.9,793.9,7712.3,18037.1,2300.0
1786590318.374986,9133.8,793.9,7612.2,17539.8,2300.0
1786590318.475170,9530.9,793.9,7712.3,18037.1,2400.0
1786590318.574935,9133.8,793.9,7612.2,17539.8,2300.0
1786590318.675085,9530.9,793.9,7712.3,18037.1,2400.0
1786590318.775073,9133.8,793.9,7612.2,17539.8,2300.0
1786590318.875028,9530.9,793.9,7712.3,18037.1,2400.0
1786590318.974946,9133.8,793.9,7512.0,17439.7,2300.0
1786590319.074949,9530.9,793.9,7712.3,18037.1,2400.0
1786590319.175017,9137.4,793.9,7512.0,17443.4,2200.0
1786590319.274959,9530.9,793.9,7712.3,18037.1,2300.0
1786590319.375002,9137.4,793.9,7512.0,17443.4,2200.0
1786590319.475159,9133.8,793.9,7612.2,17539.8,2300.0
1786590319.575046,9137.4,794.2,7512.0,17443.7,2200.0
1786590319.675264,9133.8,793.9,7612.2,17539.8,2300.0
1786590319.774944,9137.4,794.2,7612.2,17543.8,2300.0
1786590319.874962,9133.8,793.9,7612.2,17539.8,2300.0
1786590319.974933,9530.9,793.9,7612.2,17937.0,2300.0
1786590320.074959,9133.8,793.9,7612.2,17539.8,2300.0
1786590320.174973,9530.9,793.9,7712.3,18037.1,2400.0
1786590320.275148,9133.8,793.9,7612.2,17539.8,2300.0
1786590320.375046,9530.9,793.9,7712.3,18037.1,2400.0
1786590320.475030,9133.8,793.9,7612.2,17539.8,2300.0
1786590320.574957,9530.9,793.9,7712.3,18037.1,2400.0
1786590320.675280,9133.8,793.9,7512.0,17439.7,2300.0
1786590320.775184,9530.9,793.9,7712.3,18037.1,2400.0
1786590320.875037,9137.4,794.2,7512.0,17443.7,2200.0
1786590320.974919,9534.7,793.9,7712.3,18041.0,2300.0
1786590321.074966,9137.4,794.2,7512.0,17443.7,2200.0
1786590321.174961,9534.7,793.9,7712.3,18041.0,2300.0
1786590321.274961,9137.4,794.2,7512.0,17443.7,2200.0
1786590321.374953,9137.4,793.9,7612.2,17543.5,2300.0
1786590321.475291,9137.4,794.2,7512.0,17443.7,2200.0
1786590321.574958,9137.4,793.9,7612.2,17543.5,2300.0
1786590321.675169,9137.4,794.2,7612.2,17543.8,2300.0
1786590321.774912,9137.4,793.9,7612.2,17543.5,2300.0
1786590321.874963,9534.7,793.9,7712.3,18041.0,2300.0
1786590321.974926,9137.4,793.9,7612.2,17543.5,2300.0
1786590322.074963,9530.9,793.9,7712.3,18037.1,2400.0
1786590322.174974,9133.8,793.9,7612.2,17539.8,2300.0
1786590322.274997,9530.9,793.9,7712.3,18037.1,2400.0
1786590322.375002,9137.4,793.9,7512.0,17443.4,2300.0
1786590322.475271,9530.9,793.9,7712.3,18037.1,2400.0
1786590322.575293,9137.4,1190.9,7612.2,17940.5,2300.0
1786590322.675588,9530.9,1190.9,7712.3,18434.1,2400.0
1786590322.775226,9137.4,1190.9,7612.2,17940.5,2300.0
1786590322.875232,9133.8,1190.9,7712.3,18037.0,2400.0
1786590322.974925,9137.4,1191.4,7612.2,17941.0,2300.0
1786590323.074926,9133.8,1190.9,7712.3,18037.0,2400.0
1786590323.174967,9137.4,1191.4,7512.0,17840.8,2200.0
1786590323.274950,9133.8,793.9,7612.2,17539.8,2300.0
1786590323.374925,9137.4,794.2,7612.2,17543.8,2300.0
1786590323.475096,9133.8,793.9,7612.2,17539.8,2300.0
1786590323.575275,9137.4,793.9,7612.2,17543.5,2300.0
1786590323.675247,9133.8,1190.9,7612.2,17936.8,2300.0
1786590323.774986,9530.9,793.9,7712.3,18037.1,2400.0
1786590323.874941,9133.8,793.9,7612.2,17539.8,2300.0
1786590323.974896,9530.9,793.9,7712.3,18037.1,2400.0
1786590324.074891,9133.8,793.9,7612.2,17539.8,2300.0
1786590324.174930,9530.9,793.9,7712.3,18037.1,2400.0
1786590324.274933,9133.8,793.9,7612.2,17539.8,2300.0
1786590324.374934,9133.8,793.9,7712.3,17640.0,2400.0
1786590324.474959,9133.8,793.9,7512.0,17439.7,2200.0
1786590324.574927,9133.8,793.9,7712.3,17640.0,2300.0
1786590324.675393,9133.8,793.9,7512.0,17439.7,2200.0
1786590324.775121,9133.8,793.9,7712.3,17640.0,2300.0
1786590324.875005,9137.4,794.2,7512.0,17443.7,2200.0
1786590324.975186,9133.8,793.9,7712.3,17640.0,2300.0
1786590325.074944,9137.4,793.9,7512.0,17443.4,2200.0
1786590325.174923,9133.8,793.9,7612.2,17539.8,2300.0
1786590325.274952,9133.8,793.9,7612.2,17539.8,2300.0
1786590325.374972,9133.8,793.9,7612.2,17539.8,2300.0
1786590325.475185,9530.9,793.9,7712.3,18037.1,2300.0
1786590325.575022,9133.8,793.9,7612.2,17539.8,2300.0
1786590325.675135,9530.9,793.9,7712.3,18037.1,2400.0
1786590325.775034,9133.8,793.9,7612.2,17539.8,2300.0
1786590325.874969,9530.9,793.9,7712.3,18037.1,2400.0
1786590325.974981,9133.8,793.9,7612.2,17539.8,2300.0
1786590326.074930,9530.9,793.9,7712.3,18037.1,2400.0
1786590326.174932,9133.8,793.9,7512.0,17439.7,2200.0
1786590326.274967,9530.9,793.9,7712.3,18037.1,2400.0
1786590326.374943,9137.4,793.9,7512.0,17443.4,2200.0
1786590326.474899,9133.8,793.9,7712.3,17640.0,2300.0
1786590326.574941,9137.4,794.2,7512.0,17443.7,2200.0
1786590326.675041,9133.8,793.9,7612.2,17539.8,2300.0
1786590326.775267,9137.4,794.2,7512.0,17443.7,2200.0
1786590326.875010,9133.8,793.9,7612.2,17539.8,2300.0
1786590326.974930,9137.4,794.2,7612.2,17543.8,2300.0
1786590327.074934,9137.4,793.9,7612.2,17543.5,2300.0
1786590327.174969,9137.4,794.2,7612.2,17543.8,2300.0
1786590327.275236,9137.4,793.9,7612.2,17543.5,2300.0
1786590327.375002,9534.7,793.9,7712.3,18041.0,2400.0
1786590327.475106,9137.4,793.9,7612.2,17543.5,2300.0
1786590327.574955,9534.7,793.9,7712.3,18041.0,2400.0
1786590327.675139,9137.4,794.2,7612.2,17543.8,2300.0
1786590327.774946,9530.9,793.9,7712.3,18037.1,2400.0
1786590327.875051,9137.4,793.9,7512.0,17443.4,2300.0
1786590327.975150,9530.9,793.9,7712.3,18037.1,2400.0
1786590328.075303,9133.8,1190.9,7612.2,17936.8,2300.0
1786590328.175352,9133.8,1190.9,7712.3,18037.0,2400.0
1786590328.275274,9137.4,1190.9,7612.2,17940.5,2300.0
1786590328.375198,9133.8,1190.9,7712.3,18037.0,2400.0
1786590328.475078,9137.4,1191.4,7512.0,17840.8,2200.0
1786590328.575020,9133.8,1190.9,7712.3,18037.0,2300.0
1786590328.675242,9137.4,1191.4,7612.2,17941.0,2300.0
1786590328.775229,9133.8,1190.9,7712.3,18037.0,2300.0
1786590328.875001,9137.4,793.9,7712.3,17643.7,2300.0
1786590328.974942,9133.8,793.9,7612.2,17539.8,2300.0
1786590329.074872,9530.9,793.9,7712.3,18037.1,2400.0
1786590329.174969,9133.8,793.9,7612.2,17539.8,2300.0
1786590329.274946,9530.9,793.9,7712.3,18037.1,2400.0
1786590329.374943,9133.8,793.9,7612.2,17539.8,2300.0
1786590329.475208,9530.9,793.9,7712.3,18037.1,2400.0
1786590329.575045,9133.8,793.9,7612.2,17539.8,2300.0
1786590329.675267,9530.9,793.9,7712.3,18037.1,2400.0
1786590329.774942,9133.8,793.9,7612.2,17539.8,2200.0
1786590329.874943,9133.8,793.9,7712.3,17640.0,2400.0
1786590329.974963,9137.4,794.2,7512.0,17443.7,2200.0
1786590330.074926,9133.8,793.9,7712.3,17640.0,2300.0
1786590330.174956,9137.4,794.2,7512.0,17443.7,2200.0
1786590330.275003,9133.8,793.9,7712.3,17640.0,2300.0
1786590330.374939,9137.4,794.2,7612.2,17543.8,2200.0
1786590330.475012,9133.8,793.9,7612.2,17539.8,2300.0
1786590330.574955,9133.8,793.9,7712.3,17640.0,2300.0
1786590330.674950,9133.8,793.9,7612.2,17539.8,2300.0
1786590330.775254,9530.9,793.9,7712.3,18037.1,2400.0
1786590330.874961,9133.8,793.9,7612.2,17539.8,2300.0
1786590330.974953,9530.9,793.9,7712.3,18037.1,2400.0
1786590331.074942,9133.8,793.9,7612.2,17539.8,2300.0
1786590331.174987,9530.9,793.9,7712.3,18037.1,2400.0
1786590331.274947,9137.4,793.9,7612.2,17543.5,2300.0
1786590331.374957,9133.8,793.9,7712.3,17640.0,2400.0
1786590331.475218,9137.4,794.2,7512.0,17443.7,2200.0
1786590331.574974,9133.8,793.9,7712.3,17640.0,2300.0
1786590331.675262,9137.4,794.2,7512.0,17443.7,2200.0
1786590331.775193,9133.8,793.9,7712.3,17640.0,2300.0
1786590331.874988,9137.4,794.2,7512.0,17443.7,2200.0
1786590331.974907,9133.8,793.9,7612.2,17539.8,2300.0
1786590332.074975,9137.4,794.2,7612.2,17543.8,2300.0
1786590332.174954,9133.8,793.9,7612.2,17539.8,2300.0
1786590332.275036,9133.8,793.9,7612.2,17539.8,2300.0
1786590332.374960,9133.8,793.9,7612.2,17539.8,2300.0
1786590332.474966,9530.9,793.9,7712.3,18037.1,2400.0
1786590332.574973,9133.8,793.9,7612.2,17539.8,2300.0
1786590332.675006,9530.9,793.9,7712.3,18037.1,2400.0
1786590332.775182,9133.8,793.9,7612.2,17539.8,2300.0
1786590332.874964,9530.9,793.9,7712.3,18037.1,2400.0
1786590332.975087,9133.8,793.9,7512.0,17439.7,2300.0
1786590333.074979,9530.9,793.9,7712.3,18037.1,2400.0
1786590333.174968,9133.8,793.9,7512.0,17439.7,2200.0
1786590333.274945,9133.8,793.9,7712.3,17640.0,2400.0
1786590333.374952,9133.8,793.9,7512.0,17439.7,2200.0
1786590333.475329,9133.8,793.9,7712.3,17640.0,2300.0
1786590333.575285,9133.8,1190.9,7512.0,17836.6,2200.0
1786590333.675535,9133.8,1190.9,7712.3,18037.0,2400.0
1786590333.775794,9133.8,1587.8,7712.3,18433.9,2300.0
1786590333.875187,9133.8,1587.8,7712.3,18433.9,2400.0
1786590333.975389,9133.8,1587.8,7812.5,18534.1,2400.0
1786590334.075130,9133.8,1984.8,7812.5,18931.0,2400.0
1786590334.175032,9530.9,1984.8,7812.5,19328.2,2500.0
1786590334.275415,9133.8,1984.8,7712.3,18830.9,2400.0
1786590334.375222,9530.9,1587.8,7812.5,18931.2,2500.0
1786590334.474925,9133.8,1587.8,7712.3,18433.9,2300.0
1786590334.574936,9530.9,1190.9,7812.5,18534.2,2400.0
1786590334.674939,9133.8,1190.9,7612.2,17936.8,2300.0
1786590334.775271,9530.9,1190.9,7712.3,18434.1,2400.0
1786590334.875071,9137.4,1191.4,7612.2,17941.0,2300.0
1786590334.974947,9530.9,793.9,7712.3,18037.1,2400.0
1786590335.074963,9137.4,794.2,7512.0,17443.7,2200.0
1786590335.174975,9133.8,793.9,7712.3,17640.0,2300.0
1786590335.274969,9137.4,794.2,7512.0,17443.7,2200.0
1786590335.375017,9133.8,793.9,7612.2,17539.8,2300.0
1786590335.475241,9137.4,793.9,7512.0,17443.4,2200.0
1786590335.574999,9133.8,793.9,7612.2,17539.8,2300.0
1786590335.675227,9133.8,793.9,7612.2,17539.8,2300.0
1786590335.774998,9133.8,793.9,7612.2,17539.8,2300.0
1786590335.874944,9530.9,793.9,7712.3,18037.1,2400.0
1786590335.975207,9133.8,793.9,7612.2,17539.8,2300.0
1786590336.074944,9530.9,793.9,7712.3,18037.1,2400.0
1786590336.174924,9133.8,793.9,7612.2,17539.8,2300.0
1786590336.274964,9530.9,793.9,7712.3,18037.1,2400.0
1786590336.375141,9133.8,793.9,7612.2,17539.8,2300.0
1786590336.474959,9530.9,793.9,7712.3,18037.1,2400.0
1786590336.574952,9133.8,793.9,7612.2,17539.8,2300.0
1786590336.674961,9133.8,793.9,7712.3,17640.0,2400.0
1786590336.775250,9133.8,793.9,7512.0,17439.7,2200.0
1786590336.875032,9133.8,793.9,7712.3,17640.0,2300.0
1786590336.974975,9133.8,793.9,7512.0,17439.7,2200.0
1786590337.074908,9133.8,793.9,7712.3,17640.0,2300.0
1786590337.174927,9133.8,793.9,7612.2,17539.8,2200.0
1786590337.274986,9133.8,793.9,7712.3,17640.0,2300.0
1786590337.375109,9133.8,793.9,7712.3,17640.0,2300.0
1786590337.475021,9133.8,793.9,7612.2,17539.8,2300.0
1786590337.575003,9530.9,793.9,7712.3,18037.1,2400.0
1786590337.674976,9133.8,793.9,7612.2,17539.8,2300.0
1786590337.775166,9530.9,793.9,7712.3,18037.1,2400.0
1786590337.875002,9133.8,793.9,7612.2,17539.8,2300.0
1786590337.974988,9530.9,793.9,7712.3,18037.1,2400.0
1786590338.074969,9133.8,793.9,7612.2,17539.8,2300.0
1786590338.175001,9530.9,793.9,7712.3,18037.1,2400.0
1786590338.275223,9133.8,793.9,7512.0,17439.7,2200.0
1786590338.375213,7945.6,1191.4,7111.4,16248.3,2000.0
1786590338.475395,7151.0,1191.4,6911.0,15253.4,1802.9
1786590338.575235,6753.8,1191.4,6610.6,14555.7,1602.6
1786590338.675293,5959.2,1588.5,6410.2,13957.9,1502.4
1786590338.775361,5959.2,1588.5,6209.9,13757.6,1402.2
1786590338.875301,5561.9,1588.5,6209.9,13360.3,1402.2
1786590338.975432,5164.6,1587.8,6219.8,12972.3,1302.1
1786590339.075236,5164.6,1984.8,6119.5,13269.0,1302.1
1786590339.175289,4767.4,1984.8,6019.2,12771.4,1302.1
1786590339.275293,4765.4,1984.8,5918.9,12669.1,1201.9
1786590339.375259,4765.4,1984.8,5818.6,12568.8,1201.9
1786590339.475215,4765.4,1587.8,5809.3,12162.6,1201.9
1786590339.575144,4368.3,1587.8,5709.1,11665.3,1101.8
1786590339.674934,4368.3,1587.8,5609.0,11565.1,1101.8
1786590339.775217,4368.3,1587.8,5609.0,11565.1,1101.8
1786590339.874930,4368.3,1587.8,5609.0,11565.1,1101.8
1786590339.974948,4368.3,1190.9,5508.8,11068.0,1101.8
1786590340.074972,4368.3,1190.9,5408.6,10967.8,1001.6
1786590340.174932,4368.3,1190.9,5308.5,10867.7,901.4
1786590340.274956,3971.2,793.9,5208.3,9973.4,801.3
1786590340.375097,3971.2,793.9,5108.2,9873.3,801.3
1786590340.475222,3971.2,793.9,5108.2,9873.3,701.1
1786590340.575016,3971.2,793.9,5008.0,9773.1,701.1
1786590340.674913,3971.2,793.9,5008.0,9773.1,701.1
1786590340.775126,3971.2,793.9,5008.0,9773.1,701.1
1786590340.874899,3971.2,793.9,4907.8,9673.0,601.0
1786590340.974941,3971.2,793.9,4907.8,9673.0,601.0
1786590341.074964,3971.2,793.9,4907.8,9673.0,601.0
1786590341.174937,3971.2,397.0,4907.8,9276.0,601.0
1786590341.274928,3971.2,397.0,4907.8,9276.0,601.0
1786590341.375001,3971.2,397.0,4907.8,9276.0,601.0
1786590341.475157,3971.2,397.0,4907.8,9276.0,601.0
1786590341.574950,3971.2,397.0,4907.8,9276.0,601.0
1786590341.674952,3971.2,397.0,4807.7,9175.8,601.0
1786590341.775048,3971.2,397.0,4807.7,9175.8,601.0
1786590341.874936,3971.2,397.0,4807.7,9175.8,601.0
1786590341.974948,3971.2,397.0,4807.7,9175.8,601.0
1786590342.075109,3971.2,397.0,4807.7,9175.8,601.0
1786590342.174965,3971.2,397.0,4807.7,9175.8,601.0
1786590342.274938,3971.2,397.0,4807.7,9175.8,601.0
1786590342.375037,3971.2,397.0,4807.7,9175.8,601.0
1786590342.474980,3971.2,397.0,4807.7,9175.8,601.0
1786590342.574945,3971.2,397.0,4807.7,9175.8,601.0
1786590342.674964,3971.2,397.0,4807.7,9175.8,601.0
1786590342.775240,3971.2,397.0,4807.7,9175.8,601.0
1786590342.874956,3971.2,397.0,4807.7,9175.8,601.0
1786590342.974999,3971.2,397.0,4807.7,9175.8,601.0
1786590343.075062,3971.2,397.0,4807.7,9175.8,601.0
1786590343.174987,3971.2,397.0,4807.7,9175.8,601.0
1786590343.274959,3971.2,397.0,4807.7,9175.8,601.0
1786590343.374989,3971.2,397.0,4807.7,9175.8,601.0
1786590343.475074,3971.2,397.0,4807.7,9175.8,601.0
1786590343.574973,3971.2,397.0,4807.7,9175.8,601.0
1786590343.675312,3971.2,397.0,4807.7,9175.8,601.0
1786590343.775322,3971.2,793.9,4907.8,9673.0,601.0
1786590343.874979,3971.2,793.9,4907.8,9673.0,601.0
1786590343.975003,3971.2,793.9,4907.8,9673.0,601.0
1786590344.075060,3971.2,793.9,4907.8,9673.0,601.0
1786590344.174966,3971.2,793.9,4907.8,9673.0,601.0
1786590344.275067,3971.2,397.0,4807.7,9175.8,601.0
1786590344.375092,3971.2,397.0,4807.7,9175.8,601.0
1786590344.475244,3971.2,793.9,4907.8,9673.0,601.0
1786590344.575176,3971.2,793.9,4907.8,9673.0,701.1
1786590344.675214,3971.2,1190.9,4907.8,10069.9,701.1
1786590344.775232,3971.2,1190.9,5008.0,10170.1,801.3
1786590344.875293,3971.2,1190.9,5008.0,10170.1,801.3
1786590344.974999,3972.8,1190.9,5008.0,10171.7,701.1
1786590345.075040,3972.8,1190.9,4907.8,10071.5,701.1
1786590345.174981,3972.8,793.9,4907.8,9674.6,701.1
1786590345.274997,3972.8,793.9,4907.8,9674.6,601.0
1786590345.375097,3972.8,793.9,4907.8,9674.6,601.0
1786590345.475182,3972.8,793.9,4907.8,9674.6,601.0
1786590345.575027,3972.8,793.9,4907.8,9674.6,601.0
1786590345.674980,3972.8,793.9,4907.8,9674.6,601.0
1786590345.775231,3972.8,793.9,4907.8,9674.6,601.0
1786590345.874976,3972.8,793.9,4907.8,9674.6,601.0
1786590345.974955,3972.8,793.9,4907.8,9674.6,601.0
1786590346.074994,3972.8,397.0,4807.7,9177.4,601.0
1786590346.174959,3972.8,397.0,4807.7,9177.4,601.0
1786590346.274934,3972.8,397.0,4807.7,9177.4,601.0
1786590346.375081,3972.8,397.0,4807.7,9177.4,601.0
1786590346.474959,3972.8,397.0,4807.7,9177.4,601.0
1786590346.574957,3972.8,397.1,4807.7,9177.6,601.0
1786590346.674954,3972.8,397.1,4807.7,9177.6,601.0
1786590346.775028,3972.8,397.0,4807.7,9177.4,601.0
1786590346.874960,3972.8,397.0,4807.7,9177.4,601.0
1786590346.975259,3972.8,793.9,4807.7,9574.4,601.0
1786590347.074954,3972.8,397.0,4807.7,9177.4,601.0
1786590347.174905,3972.8,397.0,4807.7,9177.4,601.0
1786590347.274913,3972.8,397.0,4807.7,9177.4,601.0
1786590347.375027,3972.8,397.0,4807.7,9177.4,601.0
1786590347.475033,3972.8,397.0,4807.7,9177.4,601.0
1786590347.574973,3972.8,397.0,4807.7,9177.4,601.0
1786590347.674940,3972.8,397.0,4807.7,9177.4,601.0
1786590347.775082,3972.8,397.0,4807.7,9177.4,601.0
1786590347.874947,3972.8,397.1,4807.7,9177.6,601.0
1786590347.974929,3972.8,397.1,4807.7,9177.6,601.0
1786590348.074960,3972.8,397.1,4807.7,9177.6,601.0
1786590348.174939,3972.8,397.1,4807.7,9177.6,601.0
1786590348.274940,3972.8,397.1,4807.7,9177.6,601.0
1786590348.375036,3972.8,397.1,4807.7,9177.6,601.0
1786590348.474948,3972.8,397.1,4807.7,9177.6,601.0
1786590348.574965,3972.8,397.0,4807.7,9177.4,601.0
1786590348.674936,3972.8,397.0,4807.7,9177.4,601.0
1786590348.775012,3972.8,397.0,4807.7,9177.4,601.0
1786590348.874944,3972.8,397.0,4807.7,9177.4,601.0
1786590348.974927,3972.8,397.0,4807.7,9177.4,601.0
1786590349.074959,3972.8,397.0,4807.7,9177.4,601.0
1786590349.174971,3972.8,397.0,4807.7,9177.4,601.0
1786590349.275225,3972.8,397.0,4807.7,9177.4,601.0
1786590349.375037,3972.8,397.0,4807.7,9177.4,601.0
1786590349.475061,3972.8,397.0,4807.7,9177.4,601.0
1786590349.575124,3972.8,794.2,4807.7,9574.7,601.0
1786590349.674982,3972.8,794.2,4807.7,9574.7,601.0
1786590349.775088,3972.8,397.1,4807.7,9177.6,601.0
1786590349.874949,3972.8,397.1,4807.7,9177.6,601.0
1786590349.975321,3972.8,794.2,4807.7,9574.7,601.0
1786590350.075572,3972.8,793.9,4907.8,9674.6,701.1
1786590350.175328,3972.8,1190.9,4907.8,10071.5,701.1
1786590350.275268,3972.8,1190.9,5008.0,10171.7,701.1
1786590350.375245,3972.8,1191.4,4907.8,10072.0,701.1
1786590350.474921,3972.8,793.9,4907.8,9674.6,701.1
1786590350.575001,3972.8,793.9,4907.8,9674.6,701.1
1786590350.675001,3972.8,793.9,4907.8,9674.6,601.0
1786590350.774985,3972.8,793.9,4907.8,9674.6,601.0
1786590350.874931,3972.8,793.9,4907.8,9674.6,601.0
1786590350.974943,3971.2,793.9,4807.7,9572.8,601.0
1786590351.074993,3971.2,793.9,4807.7,9572.8,601.0
1786590351.174979,3971.2,793.9,4807.7,9572.8,601.0
1786590351.274948,3971.2,397.0,4807.7,9175.8,601.0
1786590351.374978,3971.2,397.0,4807.7,9175.8,601.0
1786590351.475231,3971.2,793.9,4807.7,9572.8,601.0
1786590351.574950,3971.2,397.0,4807.7,9175.8,601.0
1786590351.674933,3971.2,397.0,4807.7,9175.8,601.0
1786590351.775150,3971.2,397.0,4807.7,9175.8,601.0
1786590351.874947,3971.2,397.0,4807.7,9175.8,601.0
1786590351.974988,3971.2,397.0,4807.7,9175.8,601.0
1786590352.074962,3971.2,397.0,4807.7,9175.8,601.0
1786590352.174940,3971.2,397.0,4807.7,9175.8,601.0
1786590352.274935,3971.2,397.0,4807.7,9175.8,601.0
1786590352.374952,3971.2,397.0,4807.7,9175.8,601.0
1786590352.474924,3971.2,397.0,4807.7,9175.8,601.0
1786590352.574950,3971.2,397.0,4807.7,9175.8,601.0
1786590352.675004,3971.2,397.0,4807.7,9175.8,601.0
1786590352.775026,3971.2,397.0,4807.7,9175.8,601.0
1786590352.875020,3972.8,397.0,4807.7,9177.4,601.0
1786590352.974944,3972.8,397.0,4807.7,9177.4,601.0
1786590353.074951,3972.8,397.0,4807.7,9177.4,601.0
1786590353.174939,3972.8,397.0,4807.7,9177.4,601.0
1786590353.274940,3972.8,397.0,4807.7,9177.4,601.0
1786590353.374983,3971.2,397.0,4807.7,9175.8,601.0
1786590353.475111,3971.2,397.0,4807.7,9175.8,601.0
1786590353.574897,3971.2,397.0,4807.7,9175.8,601.0
1786590353.674963,3971.2,397.0,4807.7,9175.8,601.0
1786590353.775219,3971.2,793.9,4807.7,9572.8,601.0
1786590353.874922,3971.2,397.0,4807.7,9175.8,601.0
1786590353.974896,3971.2,397.0,4807.7,9175.8,601.0
1786590354.074896,3971.2,397.0,4807.7,9175.8,601.0
1786590354.175017,3971.2,397.0,4807.7,9175.8,601.0
1786590354.275045,3971.2,397.0,4807.7,9175.8,601.0
1786590354.375007,3971.2,397.0,4807.7,9175.8,601.0
1786590354.474954,3972.8,397.0,4807.7,9177.4,601.0
1786590354.574933,3972.8,397.0,4807.7,9177.4,601.0
1786590354.674963,3972.8,397.0,4807.7,9177.4,601.0
1786590354.775017,3972.8,397.0,4807.7,9177.4,601.0
1786590354.875270,3971.2,793.9,4907.8,9673.0,601.0
1786590354.974940,3971.2,793.9,4807.7,9572.8,601.0
1786590355.074934,3972.8,397.0,4807.7,9177.4,601.0
1786590355.174948,3972.8,397.0,4807.7,9177.4,601.0
1786590355.274963,3972.8,397.0,4807.7,9177.4,601.0
1786590355.375044,3972.8,397.0,4807.7,9177.4,601.0
1786590355.475226,3971.2,793.9,4807.7,9572.8,601.0
1786590355.575159,3971.2,793.9,4907.8,9673.0,701.1
1786590355.675177,3971.2,793.9,4907.8,9673.0,701.1
1786590355.775266,3971.2,1190.9,5008.0,10170.1,701.1
1786590355.875231,3971.2,1190.9,5008.0,10170.1,701.1
1786590355.974923,3972.8,1190.9,4907.8,10071.5,701.1
1786590356.074888,3972.8,793.9,4907.8,9674.6,701.1
1786590356.174891,3972.8,793.9,4907.8,9674.6,601.0
1786590356.274952,3972.8,793.9,4907.8,9674.6,601.0
1786590356.374992,3972.8,793.9,4907.8,9674.6,601.0
1786590356.475007,3971.2,793.9,4907.8,9673.0,601.0
1786590356.574913,3971.2,793.9,4907.8,9673.0,601.0
1786590356.674962,3971.2,793.9,4807.7,9572.8,601.0
1786590356.775081,3971.2,793.9,4807.7,9572.8,601.0
1786590356.874940,3971.2,793.9,4807.7,9572.8,601.0
1786590356.974933,3971.2,397.0,4807.7,9175.8,601.0
1786590357.074934,3971.2,397.0,4807.7,9175.8,601.0
1786590357.174948,3971.2,397.0,4807.7,9175.8,601.0
1786590357.274935,3972.8,397.0,4807.7,9177.4,601.0
1786590357.374968,3972.8,397.0,4807.7,9177.4,601.0
1786590357.475289,3972.8,793.9,4807.7,9574.4,601.0
1786590357.574976,3972.8,397.1,4807.7,9177.6,601.0
1786590357.674959,3972.8,397.1,4807.7,9177.6,601.0
1786590357.775242,3972.8,397.1,4807.7,9177.6,601.0
1786590357.875003,3972.8,397.1,4807.7,9177.6,601.0
1786590357.975190,3972.8,794.2,4907.8,9674.9,601.0
1786590358.074920,3972.8,794.2,4807.7,9574.7,601.0
1786590358.174922,3972.8,794.2,4807.7,9574.7,601.0
1786590358.274911,3972.8,397.0,4807.7,9177.4,601.0
1786590358.374925,3972.8,397.0,4807.7,9177.4,601.0
1786590358.474935,3972.8,397.0,4807.7,9177.4,601.0
1786590358.574948,3972.8,397.0,4807.7,9177.4,601.0
1786590358.674999,3972.8,397.0,4807.7,9177.4,601.0
1786590358.775095,3972.8,397.0,4807.7,9177.4,601.0
1786590358.874990,3972.8,397.0,4807.7,9177.4,601.0
1786590358.974999,3972.8,397.0,4807.7,9177.4,601.0
1786590359.074915,3971.2,397.0,4807.7,9175.8,601.0
1786590359.174909,3971.2,397.0,4807.7,9175.8,601.0
1786590359.274895,3971.2,397.0,4807.7,9175.8,601.0
1786590359.374961,3971.2,397.0,4807.7,9175.8,601.0
1786590359.475165,3971.2,397.0,4807.7,9175.8,601.0
1786590359.574966,3971.2,397.0,4807.7,9175.8,601.0
1786590359.674939,3972.8,397.0,4807.7,9177.4,601.0
1786590359.775169,3972.8,397.0,4807.7,9177.4,601.0
1786590359.874962,3972.8,397.0,4807.7,9177.4,601.0
1786590359.974963,3972.8,397.0,4807.7,9177.4,601.0
1786590360.075076,3972.8,397.0,4807.7,9177.4,601.0
1786590360.175034,3972.8,397.0,4807.7,9177.4,601.0
1786590360.275250,3972.8,793.9,4807.7,9574.4,601.0
1786590360.374960,3972.8,793.9,4807.7,9574.4,601.0
1786590360.474970,3972.8,397.1,4807.7,9177.6,601.0
1786590360.574923,3972.8,397.1,4807.7,9177.6,601.0
1786590360.674934,3972.8,397.1,4807.7,9177.6,601.0
1786590360.775020,3972.8,397.1,4807.7,9177.6,601.0
1786590360.874986,3972.8,397.1,4807.7,9177.6,601.0
1786590360.975141,3972.8,794.2,4807.7,9574.7,601.0
1786590361.075241,3972.8,794.2,4907.8,9674.9,701.1
1786590361.175417,3972.8,794.2,4907.8,9674.9,701.1
1786590361.275250,3972.8,1191.4,5008.0,10172.2,701.1
1786590361.375177,3972.8,1191.4,5008.0,10172.2,701.1
1786590361.475116,3972.8,794.2,4907.8,9674.9,701.1
1786590361.574921,3972.8,794.2,4907.8,9674.9,701.1
1786590361.674923,3972.8,794.2,4907.8,9674.9,601.0
1786590361.775207,3972.8,794.2,4907.8,9674.9,601.0
1786590361.874954,3972.8,794.2,4907.8,9674.9,601.0
1786590361.975052,3972.8,794.2,4907.8,9674.9,601.0
1786590362.074992,3972.8,794.2,4907.8,9674.9,601.0
1786590362.175016,3972.8,794.2,4807.7,9574.7,601.0
1786590362.275029,3972.8,794.2,4807.7,9574.7,601.0
1786590362.375048,3972.8,397.1,4807.7,9177.6,601.0
1786590362.475176,3972.8,793.9,4807.7,9574.4,601.0
1786590362.574944,3972.8,793.9,4807.7,9574.4,601.0
1786590362.674959,3972.8,397.0,4807.7,9177.4,601.0
1786590362.775168,3972.8,397.0,4807.7,9177.4,601.0
1786590362.874985,3972.8,397.0,4807.7,9177.4,601.0
1786590362.974945,3972.8,397.0,4807.7,9177.4,601.0
1786590363.074922,3972.8,397.0,4807.7,9177.4,601.0
1786590363.174913,3972.8,397.0,4807.7,9177.4,601.0
1786590363.274961,3971.2,397.0,4807.7,9175.8,601.0
1786590363.374933,3971.2,397.0,4807.7,9175.8,601.0
1786590363.475019,3971.2,397.0,4807.7,9175.8,601.0
1786590363.574917,3971.2,397.0,4807.7,9175.8,601.0
1786590363.674926,3972.8,397.0,4807.7,9177.4,601.0
1786590363.775265,3971.2,793.9,4907.8,9673.0,601.0
1786590363.875249,3972.8,793.9,4907.8,9674.6,601.0
1786590363.974948,3972.8,793.9,4907.8,9674.6,601.0
1786590364.074929,3972.8,793.9,4807.7,9574.4,601.0
1786590364.174996,3972.8,793.9,4907.8,9674.6,601.0
1786590364.274929,3972.8,793.9,4807.7,9574.4,601.0
1786590364.374991,3971.2,793.9,4807.7,9572.8,601.0
1786590364.474976,3971.2,397.0,4807.7,9175.8,601.0
1786590364.574941,3971.2,397.0,4807.7,9175.8,601.0
1786590364.674985,3971.2,397.0,4807.7,9175.8,601.0
1786590364.775265,3971.2,793.9,4807.7,9572.8,601.0
1786590364.875543,3971.2,793.9,4907.8,9673.0,601.0
1786590364.974984,3972.8,793.9,4907.8,9674.6,601.0
1786590365.074906,3972.8,793.9,4907.8,9674.6,601.0
1786590365.174926,3972.8,793.9,4807.7,9574.4,601.0
1786590365.275003,3972.8,793.9,4807.7,9574.4,601.0
1786590365.374991,3972.8,397.0,4807.7,9177.4,601.0
1786590365.475150,3972.8,397.0,4807.7,9177.4,601.0
1786590365.575013,3972.8,397.0,4807.7,9177.4,601.0
1786590365.674920,3972.8,397.0,4807.7,9177.4,601.0
1786590365.775069,3971.2,397.0,4807.7,9175.8,601.0
1786590365.874999,3971.2,397.0,4807.7,9175.8,601.0
1786590365.974920,3972.8,397.0,4807.7,9177.4,601.0
1786590366.074920,3972.8,397.0,4807.7,9177.4,601.0
1786590366.174971,3972.8,397.0,4807.7,9177.4,601.0
1786590366.274933,3972.8,397.0,4807.7,9177.4,601.0
1786590366.374971,3972.8,397.0,4807.7,9177.4,601.0
1786590366.475129,3971.2,793.9,4807.7,9572.8,601.0
1786590366.575183,3971.2,793.9,4907.8,9673.0,601.0
1786590366.675367,3971.2,793.9,4907.8,9673.0,701.1
1786590366.775268,3971.2,1190.9,5008.0,10170.1,701.1
1786590366.875140,3972.8,1190.9,5008.0,10171.7,701.1
1786590366.974907,3972.8,793.9,4907.8,9674.6,701.1
1786590367.074903,3972.8,793.9,4907.8,9674.6,701.1
1786590367.174926,3972.8,793.9,4907.8,9674.6,601.0
1786590367.274931,3972.8,793.9,4907.8,9674.6,601.0
1786590367.374967,3972.8,794.2,4907.8,9674.9,601.0
1786590367.475112,3972.8,793.9,4907.8,9674.6,601.0
1786590367.574958,3972.8,793.9,4807.7,9574.4,601.0
1786590367.674978,3971.2,793.9,4807.7,9572.8,601.0
1786590367.775072,3971.2,397.0,4807.7,9175.8,601.0
1786590367.874962,3971.2,397.0,4807.7,9175.8,601.0
1786590367.974955,3971.2,397.0,4807.7,9175.8,601.0
1786590368.074942,3971.2,397.0,4807.7,9175.8,601.0
1786590368.175086,3971.2,397.0,4807.7,9175.8,601.0
1786590368.274938,3971.2,397.0,4807.7,9175.8,601.0
1786590368.374964,3972.8,397.0,4807.7,9177.4,601.0
1786590368.475002,3972.8,397.0,4807.7,9177.4,601.0
1786590368.574979,3972.8,397.0,4807.7,9177.4,601.0
1786590368.674952,3972.8,397.0,4807.7,9177.4,601.0
1786590368.775021,3972.8,397.0,4807.7,9177.4,601.0
1786590368.874969,3972.8,397.0,4807.7,9177.4,601.0
1786590368.975161,3972.8,397.0,4807.7,9177.4,601.0
1786590369.074917,3972.8,397.0,4807.7,9177.4,601.0
1786590369.174983,3972.8,397.0,4807.7,9177.4,601.0
1786590369.274927,3972.8,397.0,4807.7,9177.4,601.0
1786590369.374955,3972.8,397.0,4807.7,9177.4,601.0
1786590369.475140,3972.8,397.0,4807.7,9177.4,601.0
1786590369.574969,3972.8,397.0,4807.7,9177.4,601.0
1786590369.674963,3972.8,397.0,4807.7,9177.4,601.0
1786590369.775149,3972.8,397.0,4807.7,9177.4,601.0
1786590369.874920,3972.8,397.0,4807.7,9177.4,601.0
1786590369.974891,3972.8,397.0,4807.7,9177.4,601.0
1786590370.074919,3972.8,397.0,4807.7,9177.4,601.0
1786590370.174961,3972.8,397.0,4807.7,9177.4,601.0
1786590370.274926,3972.8,397.0,4807.7,9177.4,601.0
1786590370.374939,3972.8,397.0,4807.7,9177.4,601.0
1786590370.475050,3972.8,397.0,4807.7,9177.4,601.0
1786590370.574961,3972.8,397.0,4807.7,9177.4,601.0
1786590370.674951,3972.8,397.0,4807.7,9177.4,601.0
1786590370.775018,3972.8,397.0,4807.7,9177.4,601.0
1786590370.874957,3972.8,397.0,4807.7,9177.4,601.0
1786590370.974943,3971.2,397.0,4807.7,9175.8,601.0
1786590371.074936,3971.2,397.0,4807.7,9175.8,601.0
1786590371.174988,3971.2,397.0,4807.7,9175.8,601.0
1786590371.275188,3971.2,397.0,4807.7,9175.8,601.0
1786590371.375063,3972.8,397.0,4807.7,9177.4,601.0
1786590371.475134,3972.8,397.0,4807.7,9177.4,601.0
1786590371.575004,3971.2,397.0,4807.7,9175.8,601.0
1786590371.674941,3972.8,397.0,4907.8,9277.6,601.0
1786590371.775074,3971.2,397.0,4807.7,9175.8,601.0
1786590371.874927,3972.8,397.0,4807.7,9177.4,601.0
1786590371.975159,3971.2,793.9,4907.8,9673.0,601.0
1786590372.075264,3971.2,793.9,4907.8,9673.0,701.1
1786590372.175235,3971.2,793.9,4907.8,9673.0,701.1
1786590372.275305,3971.2,1190.9,5008.0,10170.1,701.1
1786590372.375176,3971.2,1190.9,4907.8,10069.9,701.1
1786590372.474916,3971.2,793.9,4907.8,9673.0,701.1
1786590372.574934,3971.2,793.9,4907.8,9673.0,701.1
1786590372.674897,3971.2,793.9,4907.8,9673.0,601.0
1786590372.775044,3971.2,793.9,4907.8,9673.0,601.0
1786590372.874949,3971.2,793.9,4907.8,9673.0,601.0
1786590372.974940,3971.2,793.9,4807.7,9572.8,601.0
1786590373.074937,3971.2,793.9,4807.7,9572.8,601.0
1786590373.175006,3971.2,397.0,4807.7,9175.8,601.0
1786590373.274936,3971.2,397.0,4807.7,9175.8,601.0
1786590373.374975,3971.2,397.0,4807.7,9175.8,601.0
1786590373.475225,3971.2,793.9,4807.7,9572.8,601.0
1786590373.574957,3971.2,793.9,4807.7,9572.8,601.0
1786590373.674928,3972.8,397.0,4807.7,9177.4,601.0
1786590373.775118,3972.8,397.0,4807.7,9177.4,601.0
1786590373.874916,3972.8,397.0,4807.7,9177.4,601.0
1786590373.974916,3972.8,397.1,4807.7,9177.6,601.0
1786590374.074903,3972.8,397.1,4807.7,9177.6,601.0
1786590374.175030,3972.8,397.0,4807.7,9177.4,601.0
1786590374.274897,3972.8,397.0,4807.7,9177.4,601.0
1786590374.375012,3972.8,397.0,4807.7,9177.4,601.0
1786590374.474933,3972.8,397.0,4807.7,9177.4,601.0
1786590374.574921,3972.8,397.0,4807.7,9177.4,601.0
1786590374.674933,3971.2,397.0,4807.7,9175.8,601.0
1786590374.775002,3971.2,397.0,4807.7,9175.8,601.0
1786590374.875062,3971.2,397.0,4807.7,9175.8,601.0
1786590374.975214,3971.2,793.9,4907.8,9673.0,601.0
1786590375.074901,3971.2,793.9,4807.7,9572.8,601.0
1786590375.174905,3971.2,397.0,4807.7,9175.8,601.0
1786590375.274913,3971.2,397.0,4807.7,9175.8,601.0
1786590375.374939,3971.2,397.0,4807.7,9175.8,601.0
1786590375.475121,3971.2,397.0,4807.7,9175.8,601.0
1786590375.574955,3971.2,397.0,4807.7,9175.8,601.0
1786590375.674977,3971.2,397.0,4807.7,9175.8,601.0
1786590375.775264,3971.2,793.9,4907.8,9673.0,601.0
1786590375.874933,3971.2,397.0,4807.7,9175.8,601.0
1786590375.975003,3971.2,397.0,4807.7,9175.8,601.0
1786590376.074893,3971.2,397.0,4807.7,9175.8,601.0
1786590376.174902,3971.2,397.0,4807.7,9175.8,601.0
1786590376.274915,3971.2,397.0,4807.7,9175.8,601.0
1786590376.374963,3971.2,397.0,4807.7,9175.8,601.0
1786590376.474974,3971.2,397.0,4807.7,9175.8,601.0
1786590376.574960,3971.2,397.0,4807.7,9175.8,601.0
1786590376.675036,3971.2,397.0,4807.7,9175.8,601.0
1786590376.775067,3971.2,397.0,4807.7,9175.8,601.0
1786590376.874910,3971.2,397.0,4807.7,9175.8,601.0
1786590376.974892,3971.2,397.0,4807.7,9175.8,601.0
1786590377.074943,3971.2,397.0,4807.7,9175.8,601.0
1786590377.174931,3971.2,397.0,4807.7,9175.8,601.0
1786590377.274945,3971.2,397.0,4807.7,9175.8,601.0
1786590377.374933,3971.2,397.0,4807.7,9175.8,601.0
1786590377.475224,3971.2,793.9,4807.7,9572.8,601.0
1786590377.575144,3971.2,793.9,4907.8,9673.0,601.0
1786590377.675092,3971.2,793.9,4907.8,9673.0,701.1
1786590377.775642,3971.2,1190.9,4907.8,10069.9,701.1
1786590377.875121,3971.2,1190.9,4907.8,10069.9,701.1
1786590377.974941,3971.2,793.9,4907.8,9673.0,701.1
1786590378.074890,3971.2,793.9,4907.8,9673.0,701.1
1786590378.174896,3971.2,793.9,4907.8,9673.0,601.0
1786590378.274940,3972.8,793.9,4907.8,9674.6,601.0
1786590378.374979,3972.8,793.9,4807.7,9574.4,601.0
1786590378.474943,3972.8,793.9,4807.7,9574.4,601.0
1786590378.574948,3972.8,794.2,4807.7,9574.7,601.0
1786590378.674968,3972.8,793.9,4807.7,9574.4,601.0
1786590378.775019,3972.8,397.0,4807.7,9177.4,601.0
1786590378.875014,3972.8,397.1,4807.7,9177.6,601.0
1786590378.975002,3972.8,397.1,4807.7,9177.6,601.0
1786590379.074915,3972.8,397.1,4807.7,9177.6,601.0
1786590379.174949,3972.8,397.1,4807.7,9177.6,601.0
1786590379.275240,3972.8,794.2,4907.8,9674.9,601.0
1786590379.375185,3972.8,794.2,4907.8,9674.9,701.1
1786590379.475390,3972.8,1191.4,5008.0,10172.2,701.1
1786590379.575236,3972.8,1588.5,5008.0,10569.3,801.3
1786590379.675379,3972.8,1588.5,5008.0,10569.3,801.3
1786590379.775512,3972.8,1588.5,5008.0,10569.3,801.3
1786590379.875102,3972.8,1191.4,5008.0,10172.2,701.1
1786590379.975181,3972.8,1191.4,5008.0,10172.2,701.1
1786590380.074916,3972.8,1191.4,4907.8,10072.0,701.1
1786590380.174927,3972.8,794.2,4907.8,9674.9,701.1
1786590380.274965,3972.8,794.2,4907.8,9674.9,601.0
1786590380.374974,3972.8,794.2,4907.8,9674.9,601.0
1786590380.474971,3972.8,794.2,4907.8,9674.9,601.0
1786590380.575007,3972.8,794.2,4907.8,9674.9,601.0
1786590380.674991,3972.8,794.2,4807.7,9574.7,601.0
1786590380.775043,3972.8,794.2,4807.7,9574.7,601.0
1786590380.875024,3972.8,794.2,4807.7,9574.7,601.0
1786590380.974972,3972.8,397.1,4807.7,9177.6,601.0
1786590381.074997,3972.8,397.0,4807.7,9177.4,601.0
1786590381.174997,3972.8,397.0,4807.7,9177.4,601.0
1786590381.274953,3972.8,397.0,4807.7,9177.4,601.0
1786590381.374940,3972.8,397.0,4807.7,9177.4,601.0
1786590381.475261,3972.8,397.0,4807.7,9177.4,601.0
1786590381.575081,3972.8,397.0,4807.7,9177.4,601.0
1786590381.675042,3972.8,397.0,4807.7,9177.4,601.0
1786590381.774932,3972.8,397.0,4807.7,9177.4,601.0
1786590381.875027,3972.8,397.0,4807.7,9177.4,601.0
1786590381.974990,3972.8,397.0,4807.7,9177.4,601.0
1786590382.074940,3972.8,397.0,4807.7,9177.4,601.0
1786590382.174963,3972.8,397.0,4807.7,9177.4,601.0
1786590382.275244,3972.8,397.0,4807.7,9177.4,601.0
1786590382.375030,3972.8,397.0,4807.7,9177.4,601.0
1786590382.475009,3972.8,397.0,4807.7,9177.4,601.0
1786590382.575031,3972.8,397.0,4807.7,9177.4,601.0
1786590382.674962,3972.8,397.0,4807.7,9177.4,601.0
1786590382.775028,3972.8,397.0,4807.7,9177.4,601.0
1786590382.874934,3972.8,397.0,4807.7,9177.4,601.0
1786590382.975120,3972.8,793.9,4807.7,9574.4,601.0
1786590383.075192,3971.2,793.9,4907.8,9673.0,701.1
1786590383.175329,3971.2,793.9,4907.8,9673.0,701.1
1786590383.275404,3971.2,1190.9,5008.0,10170.1,701.1
1786590383.375155,3972.8,1190.9,4907.8,10071.5,701.1
1786590383.475139,3972.8,793.9,4907.8,9674.6,701.1
1786590383.575002,3972.8,793.9,4907.8,9674.6,701.1
1786590383.674935,3972.8,793.9,4907.8,9674.6,601.0
1786590383.775038,3972.8,793.9,4907.8,9674.6,601.0
1786590383.875277,3971.2,793.9,4907.8,9673.0,701.1
1786590383.975344,3972.8,793.9,4907.8,9674.6,701.1
1786590384.074930,3972.8,793.9,4907.8,9674.6,601.0
1786590384.175035,3972.8,793.9,4907.8,9674.6,601.0
1786590384.274986,3971.2,793.9,4807.7,9572.8,601.0
1786590384.374919,3971.2,793.9,4807.7,9572.8,601.0
1786590384.475202,3971.2,793.9,4907.8,9673.0,601.0
1786590384.575232,3971.2,793.9,4907.8,9673.0,601.0
1786590384.674913,3971.2,793.9,4807.7,9572.8,601.0
1786590384.774983,3971.2,793.9,4807.7,9572.8,601.0
1786590384.874991,3972.8,793.9,4807.7,9574.4,601.0
1786590384.975230,3971.2,793.9,4907.8,9673.0,601.0
1786590385.074936,3972.8,793.9,4907.8,9674.6,601.0
1786590385.174922,3972.8,793.9,4807.7,9574.4,601.0
1786590385.274964,3972.8,397.0,4807.7,9177.4,601.0
1786590385.374969,3972.8,397.0,4807.7,9177.4,601.0
1786590385.475230,3972.8,793.9,4807.7,9574.4,601.0
1786590385.575063,3972.8,397.0,4807.7,9177.4,601.0
1786590385.674977,3972.8,397.0,4807.7,9177.4,601.0
1786590385.774965,3972.8,397.0,4807.7,9177.4,601.0
1786590385.875134,3971.2,397.0,4807.7,9175.8,601.0
1786590385.974982,3971.2,397.0,4807.7,9175.8,601.0
1786590386.074939,3971.2,397.0,4807.7,9175.8,601.0
1786590386.174918,3971.2,397.0,4807.7,9175.8,601.0
1786590386.274921,3971.2,397.0,4807.7,9175.8,601.0
1786590386.374940,3971.2,397.0,4807.7,9175.8,601.0
1786590386.474958,3971.2,397.0,4807.7,9175.8,601.0
1786590386.575010,3971.2,397.0,4807.7,9175.8,601.0
1786590386.674987,3971.2,397.0,4807.7,9175.8,601.0
1786590386.775313,3971.2,793.9,4807.7,9572.8,601.0
1786590386.875021,3971.2,793.9,4807.7,9572.8,601.0
1786590386.974962,3971.2,397.0,4807.7,9175.8,601.0
1786590387.074943,3971.2,397.0,4807.7,9175.8,601.0
1786590387.174949,3972.8,397.0,4807.7,9177.4,601.0
1786590387.274941,3972.8,397.0,4807.7,9177.4,601.0
1786590387.374951,3972.8,397.0,4807.7,9177.4,601.0
1786590387.475066,3972.8,397.0,4807.7,9177.4,601.0
1786590387.575094,3972.8,397.0,4807.7,9177.4,601.0
1786590387.674949,3972.8,397.0,4807.7,9177.4,601.0
1786590387.774933,3972.8,397.0,4807.7,9177.4,601.0
1786590387.875024,3972.8,397.0,4807.7,9177.4,601.0
1786590387.974935,3972.8,397.0,4807.7,9177.4,601.0
1786590388.074937,3972.8,397.0,4807.7,9177.4,601.0
1786590388.174951,3972.8,397.0,4807.7,9177.4,601.0
1786590388.274931,3972.8,397.0,4807.7,9177.4,601.0
1786590388.374954,3972.8,397.0,4807.7,9177.4,601.0
1786590388.475226,3972.8,793.9,4807.7,9574.4,601.0
1786590388.575243,3971.2,793.9,4907.8,9673.0,601.0
1786590388.675607,3971.2,793.9,4907.8,9673.0,701.1
1786590388.775391,3971.2,1190.9,4907.8,10069.9,701.1
1786590388.875227,3972.8,1190.9,4907.8,10071.5,701.1
1786590388.975004,3972.8,793.9,4907.8,9674.6,701.1
1786590389.075141,3971.2,793.9,4907.8,9673.0,701.1
1786590389.174942,3971.2,793.9,4907.8,9673.0,601.0
1786590389.274891,3971.2,793.9,4907.8,9673.0,601.0
1786590389.374905,3971.2,793.9,4907.8,9673.0,601.0
1786590389.475130,3971.2,793.9,4907.8,9673.0,601.0
1786590389.575075,3971.2,793.9,4807.7,9572.8,601.0
1786590389.674930,3971.2,793.9,4807.7,9572.8,601.0
1786590389.774948,3971.2,397.0,4807.7,9175.8,601.0
1786590389.875065,3972.8,397.0,4807.7,9177.4,601.0
1786590389.974964,3972.8,397.0,4807.7,9177.4,601.0
1786590390.074950,3972.8,397.0,4807.7,9177.4,601.0
1786590390.174954,3972.8,397.0,4807.7,9177.4,601.0
1786590390.275036,3972.8,397.0,4807.7,9177.4,601.0
1786590390.374961,3972.8,397.0,4807.7,9177.4,601.0
1786590390.474964,3972.8,397.0,4807.7,9177.4,601.0
1786590390.575024,3972.8,397.0,4807.7,9177.4,601.0
1786590390.674969,3972.8,397.0,4807.7,9177.4,601.0
1786590390.775023,3972.8,397.1,4807.7,9177.6,601.0
1786590390.874953,3972.8,397.1,4807.7,9177.6,601.0
1786590390.975166,3972.8,794.2,4807.7,9574.7,601.0
1786590391.074896,3972.8,397.1,4807.7,9177.6,601.0
1786590391.174922,3972.8,397.1,4807.7,9177.6,601.0
1786590391.274929,3972.8,397.1,4807.7,9177.6,601.0
1786590391.374930,3972.8,397.1,4807.7,9177.6,601.0
1786590391.475140,3972.8,397.1,4807.7,9177.6,601.0
1786590391.574994,3972.8,397.1,4807.7,9177.6,601.0
1786590391.675018,3972.8,397.1,4807.7,9177.6,601.0
1786590391.775028,3972.8,397.1,4807.7,9177.6,601.0
1786590391.875062,3972.8,397.1,4807.7,9177.6,601.0
1786590391.974924,3972.8,397.1,4807.7,9177.6,601.0
1786590392.074903,3972.8,397.1,4807.7,9177.6,601.0
1786590392.174902,3972.8,397.1,4807.7,9177.6,601.0
1786590392.274924,3972.8,397.1,4807.7,9177.6,601.0
1786590392.374960,3972.8,397.1,4807.7,9177.6,601.0
1786590392.474976,3972.8,397.0,4807.7,9177.4,601.0
1786590392.575023,3972.8,397.1,4807.7,9177.6,601.0
1786590392.674959,3972.8,397.0,4807.7,9177.4,601.0
1786590392.775136,3972.8,793.9,4907.8,9674.6,601.0
1786590392.875065,3972.8,793.9,4907.8,9674.6,601.0
1786590392.974913,3972.8,794.2,4907.8,9674.9,601.0
1786590393.074920,3972.8,794.2,4907.8,9674.9,601.0
1786590393.174971,3972.8,794.2,4907.8,9674.9,601.0
1786590393.275133,3972.8,794.2,4907.8,9674.9,601.0
1786590393.374934,3972.8,794.2,4807.7,9574.7,601.0
1786590393.475157,3972.8,794.2,4807.7,9574.7,601.0
1786590393.575061,3972.8,794.2,4807.7,9574.7,601.0
1786590393.674957,3972.8,397.1,4807.7,9177.6,601.0
1786590393.774924,3972.8,397.1,4807.7,9177.6,601.0
1786590393.875022,3972.8,397.1,4807.7,9177.6,601.0
1786590393.975179,3972.8,793.9,4807.7,9574.4,601.0
1786590394.075388,3972.8,793.9,4907.8,9674.6,601.0
1786590394.175394,3972.8,1190.9,4907.8,10071.5,701.1
1786590394.275239,3972.8,1190.9,4907.8,10071.5,701.1
1786590394.375230,3972.8,1190.9,4907.8,10071.5,701.1
1786590394.474964,3972.8,793.9,4907.8,9674.6,701.1
1786590394.575006,3972.8,793.9,4907.8,9674.6,701.1
1786590394.674961,3972.8,793.9,4907.8,9674.6,601.0
1786590394.775052,3972.8,794.2,4907.8,9674.9,601.0
1786590394.875049,3972.8,794.2,4907.8,9674.9,601.0
1786590394.975650,3972.8,794.2,4907.8,9674.9,601.0
1786590395.075225,3972.8,794.2,4907.8,9674.9,601.0
1786590395.174915,3972.8,794.2,4807.7,9574.7,601.0
1786590395.274916,3972.8,794.2,4807.7,9574.7,601.0
1786590395.374897,3972.8,794.2,4807.7,9574.7,601.0
1786590395.475216,3972.8,793.9,4807.7,9574.4,601.0
1786590395.575018,3972.8,793.9,4807.7,9574.4,601.0
1786590395.674948,3972.8,793.9,4807.7,9574.4,601.0
1786590395.774931,3972.8,793.9,4807.7,9574.4,601.0
1786590395.875083,3972.8,397.0,4807.7,9177.4,601.0
1786590395.974967,3972.8,397.0,4807.7,9177.4,601.0
1786590396.074950,3972.8,397.0,4807.7,9177.4,601.0
1786590396.174953,3972.8,397.0,4807.7,9177.4,601.0
1786590396.274986,3972.8,397.0,4807.7,9177.4,601.0
1786590396.374965,3972.8,397.0,4807.7,9177.4,601.0
1786590396.474953,3972.8,397.0,4807.7,9177.4,601.0
1786590396.575113,3972.8,397.0,4807.7,9177.4,601.0
1786590396.675029,3972.8,397.0,4807.7,9177.4,601.0
1786590396.774994,3972.8,397.0,4807.7,9177.4,601.0
1786590396.874950,3972.8,397.0,4807.7,9177.4,601.0
1786590396.974962,3972.8,397.0,4807.7,9177.4,601.0
1786590397.074974,3972.8,397.1,4807.7,9177.6,601.0
1786590397.174951,3972.8,397.1,4807.7,9177.6,601.0
1786590397.275002,3972.8,397.1,4807.7,9177.6,601.0
1786590397.374952,3972.8,397.1,4807.7,9177.6,601.0
1786590397.475078,3972.8,397.1,4807.7,9177.6,601.0
1786590397.575058,3972.8,397.1,4807.7,9177.6,601.0
1786590397.675004,3972.8,397.1,4807.7,9177.6,601.0
1786590397.775184,3972.8,794.2,4807.7,9574.7,601.0
1786590397.875115,3972.8,397.0,4807.7,9177.4,601.0
1786590397.974988,3972.8,397.0,4807.7,9177.4,601.0
1786590398.075933,3972.8,397.0,4807.7,9177.4,601.0
1786590398.175048,3972.8,793.9,4807.7,9574.4,601.0
1786590398.274946,3972.8,793.9,4807.7,9574.4,601.0
1786590398.374951,3972.8,397.0,4807.7,9177.4,601.0
1786590398.475023,3971.2,397.0,4807.7,9175.8,601.0
1786590398.575075,3972.8,397.0,4807.7,9177.4,601.0
1786590398.674983,3972.8,397.0,4807.7,9177.4,601.0
1786590398.775054,3972.8,397.0,4807.7,9177.4,601.0
1786590398.874977,3972.8,397.1,4807.7,9177.6,601.0
1786590398.974963,3972.8,397.1,4807.7,9177.6,601.0
