epoch_s,gpu_soc_mw,cpu_cv_mw,sys_5v0_mw,total_mw,vddq_mw
1786591290.031032,3972.8,794.2,4507.2,9274.2,500.8
1786591290.131017,3972.8,794.2,4507.2,9274.2,500.8
1786591290.231298,3972.8,793.9,4507.2,9273.9,500.8
1786591290.331242,3972.8,1190.9,4607.4,9771.0,601.0
1786591290.431382,3972.8,1190.9,4607.4,9771.0,601.0
1786591290.531583,3972.8,1190.9,4707.5,9871.2,601.0
1786591290.631222,3972.8,1190.9,4607.4,9771.0,601.0
1786591290.731303,3972.8,1191.4,4607.4,9771.5,500.8
1786591290.831078,3972.8,794.2,4507.2,9274.2,500.8
1786591290.931016,3575.5,794.2,4507.2,8877.0,500.8
1786591291.031005,3972.8,794.2,4507.2,9274.2,400.0
1786591291.131007,3575.5,794.2,4407.0,8776.8,400.6
1786591291.231104,3575.5,794.2,4407.0,8776.8,400.6
1786591291.331034,3575.5,794.2,4407.0,8776.8,400.6
1786591291.431116,3575.5,793.9,4407.0,8776.5,400.6
1786591291.531078,3575.5,397.0,4407.0,8379.5,400.6
1786591291.631134,3575.5,397.0,4407.0,8379.5,400.6
1786591291.731294,3575.5,793.9,4407.0,8776.5,400.6
1786591291.831299,3575.5,793.9,4407.0,8776.5,400.6
1786591291.931015,3575.5,793.9,4407.0,8776.5,400.6
1786591292.031030,3575.5,793.9,4407.0,8776.5,400.6
1786591292.131099,3972.8,793.9,4507.2,9273.9,500.8
1786591292.231528,3972.8,1190.9,4507.2,9670.9,500.8
1786591292.331412,3972.8,1190.9,4607.4,9771.0,601.0
1786591292.431167,3972.8,1191.4,4607.4,9771.5,601.0
1786591292.531024,3972.8,1191.4,4507.2,9671.4,500.8
1786591292.631296,3972.8,1190.9,4507.2,9670.9,500.8
1786591292.731472,3972.8,1190.9,4607.4,9771.0,601.0
1786591292.831348,3972.8,1190.9,4607.4,9771.0,601.0
1786591292.931082,3972.8,1191.4,4607.4,9771.5,601.0
1786591293.030994,3972.8,1191.4,4607.4,9771.5,500.8
1786591293.130966,3575.5,1191.4,4507.2,9274.1,500.8
1786591293.231032,3972.8,794.2,4507.2,9274.2,500.8
1786591293.331003,3575.5,794.2,4507.2,8877.0,400.6
1786591293.431132,3575.5,794.2,4407.0,8776.8,400.6
1786591293.531162,3575.5,794.2,4407.0,8776.8,400.6
1786591293.631042,3575.5,794.2,4407.0,8776.8,400.6
1786591293.731117,3972.8,794.2,4407.0,9174.1,400.6
1786591293.831019,3575.5,794.2,4407.0,8776.8,400.6
1786591293.931450,3972.8,794.2,4407.0,9174.1,400.6
1786591294.031188,3575.5,794.2,4407.0,8776.8,400.6
1786591294.130972,3575.5,794.2,4407.0,8776.8,400.6
1786591294.230976,3575.5,397.1,4407.0,8379.7,400.6
1786591294.330950,3575.5,397.1,4407.0,8379.7,400.6
1786591294.431012,3575.5,397.1,4407.0,8379.7,400.6
1786591294.531036,3575.5,397.1,4407.0,8379.7,400.6
1786591294.631010,3575.5,397.1,4407.0,8379.7,400.6
1786591294.731015,3575.5,397.1,4407.0,8379.7,400.6
1786591294.831079,3575.5,397.1,4407.0,8379.7,400.6
1786591294.930995,3575.5,397.1,4407.0,8379.7,400.6
1786591295.030992,3575.5,397.1,4407.0,8379.7,400.6
1786591295.130982,3575.5,397.1,4407.0,8379.7,400.6
1786591295.231009,3575.5,397.1,4407.0,8379.7,400.6
1786591295.330993,3575.5,397.1,4407.0,8379.7,400.6
1786591295.431137,3575.5,397.1,4407.0,8379.7,400.6
1786591295.531136,3575.5,397.1,4407.0,8379.7,400.6
1786591295.631037,3575.5,397.1,4407.0,8379.7,400.6
1786591295.731332,3972.8,794.2,4407.0,9174.1,400.6
1786591295.831348,3972.8,794.2,4507.2,9274.2,500.8
1786591295.931416,3972.8,794.2,4507.2,9274.2,601.0
1786591296.031479,3972.8,1191.4,4607.4,9771.5,601.0
1786591296.131301,3972.8,1191.4,4607.4,9771.5,601.0
1786591296.231024,3972.8,794.2,4507.2,9274.2,500.8
1786591296.331060,3972.8,794.2,4507.2,9274.2,500.8
1786591296.431021,3972.8,794.2,4507.2,9274.2,500.8
1786591296.531023,3972.8,794.2,4507.2,9274.2,400.6
1786591296.631042,3972.8,794.2,4407.0,9174.1,400.6
1786591296.731137,3575.5,794.2,4407.0,8776.8,400.6
1786591296.831129,3972.8,794.2,4407.0,9174.1,400.6
1786591296.930964,3575.5,794.2,4407.0,8776.8,400.6
1786591297.030969,3575.5,397.1,4407.0,8379.7,400.6
1786591297.130965,3575.5,397.1,4407.0,8379.7,400.6
1786591297.231036,3575.5,397.1,4407.0,8379.7,400.6
1786591297.331093,3575.5,397.1,4407.0,8379.7,400.6
1786591297.431088,3575.5,397.1,4407.0,8379.7,400.0
1786591297.531272,3972.8,397.1,4407.0,8777.0,400.6
1786591297.631066,3575.5,397.1,4407.0,8379.7,400.6
1786591297.731153,3575.5,397.1,4407.0,8379.7,400.6
1786591297.831034,3575.5,397.1,4407.0,8379.7,400.6
1786591297.931006,3575.5,397.1,4407.0,8379.7,400.6
1786591298.030972,3575.5,397.1,4407.0,8379.7,400.6
1786591298.130972,3575.5,397.1,4407.0,8379.7,400.6
1786591298.231231,3575.5,397.1,4407.0,8379.7,400.6
1786591298.330964,3575.5,397.1,4407.0,8379.7,400.6
1786591298.430985,3575.5,397.1,4407.0,8379.7,400.6
1786591298.530990,3575.5,397.1,4407.0,8379.7,400.6
1786591298.631090,3575.5,397.1,4407.0,8379.7,400.6
1786591298.731707,3972.8,794.2,4407.0,9174.1,400.6
1786591298.831171,3575.5,794.2,4407.0,8776.8,400.6
1786591298.931015,3972.8,794.2,4407.0,9174.1,400.6
1786591299.030977,3575.5,397.1,4407.0,8379.7,400.6
1786591299.130979,3575.5,397.1,4407.0,8379.7,400.6
1786591299.231012,3575.5,397.1,4407.0,8379.7,400.6
1786591299.331017,3575.5,397.1,4407.0,8379.7,400.6
1786591299.431072,3575.5,397.1,4407.0,8379.7,400.6
1786591299.531222,3575.5,397.1,4407.0,8379.7,400.6
1786591299.631086,3575.5,397.1,4407.0,8379.7,400.6
1786591299.731123,3575.5,397.1,4407.0,8379.7,400.6
1786591299.831128,3575.5,397.1,4407.0,8379.7,400.6
1786591299.931034,3575.5,397.1,4407.0,8379.7,400.6
1786591300.031015,3575.5,397.1,4407.0,8379.7,400.6
1786591300.131016,3575.5,397.1,4407.0,8379.7,400.0
1786591300.231042,3575.5,397.1,4407.0,8379.7,400.6
1786591300.331037,3575.5,397.1,4407.0,8379.7,400.6
1786591300.431353,3575.5,397.1,4407.0,8379.7,400.6
1786591300.531267,3575.5,397.1,4407.0,8379.7,400.6
1786591300.631052,3575.5,397.1,4407.0,8379.7,400.6
1786591300.731090,3575.5,397.1,4407.0,8379.7,400.6
1786591300.831094,3575.5,397.1,4407.0,8379.7,400.6
1786591300.931022,3575.5,397.1,4407.0,8379.7,400.6
1786591301.031018,3575.5,397.1,4407.0,8379.7,400.6
1786591301.131003,3575.5,397.1,4407.0,8379.7,400.6
1786591301.231281,3972.8,794.2,4407.0,9174.1,400.6
1786591301.331277,3972.8,794.2,4507.2,9274.2,500.8
1786591301.431454,3972.8,794.2,4507.2,9274.2,601.0
1786591301.531345,3972.8,1191.4,4607.4,9771.5,601.0
1786591301.631251,3972.8,1191.4,4607.4,9771.5,601.0
1786591301.731189,3972.8,794.2,4607.4,9374.4,500.8
1786591301.830999,3972.8,794.2,4507.2,9274.2,500.8
1786591301.930941,3972.8,794.2,4507.2,9274.2,500.8
1786591302.030990,3972.8,794.2,4507.2,9274.2,400.6
1786591302.131215,3972.8,794.2,4407.0,9174.1,400.6
1786591302.231025,3575.5,794.2,4407.0,8776.8,400.6
1786591302.331007,3575.5,794.2,4407.0,8776.8,400.6
1786591302.431097,3972.8,397.1,4407.0,8777.0,400.6
1786591302.531223,3575.5,794.2,4407.0,8776.8,400.6
1786591302.631206,3575.5,397.1,4407.0,8379.7,400.6
1786591302.731350,3972.8,794.2,4407.0,9174.1,400.6
1786591302.831168,3575.5,794.2,4407.0,8776.8,400.6
1786591302.930992,3575.5,397.1,4407.0,8379.7,400.6
1786591303.030985,3575.5,397.1,4407.0,8379.7,400.6
1786591303.130965,3575.5,397.1,4407.0,8379.7,400.6
1786591303.231063,3575.5,397.1,4407.0,8379.7,400.6
1786591303.331018,3575.5,397.1,4407.0,8379.7,400.6
1786591303.431068,3575.5,397.1,4407.0,8379.7,400.6
1786591303.531135,3575.5,397.1,4407.0,8379.7,400.6
1786591303.631069,3575.5,397.1,4407.0,8379.7,400.6
1786591303.731215,3575.5,397.1,4407.0,8379.7,400.6
1786591303.831088,3575.5,397.1,4407.0,8379.7,400.6
1786591303.931052,3575.5,397.1,4407.0,8379.7,400.6
1786591304.030997,3575.5,397.1,4407.0,8379.7,400.6
1786591304.131006,3575.5,397.1,4407.0,8379.7,400.6
1786591304.231018,3575.5,397.1,4407.0,8379.7,400.6
1786591304.331010,3575.5,397.1,4407.0,8379.7,400.6
1786591304.431021,3575.5,397.1,4407.0,8379.7,400.6
1786591304.531042,3575.5,397.1,4407.0,8379.7,400.6
1786591304.631070,3575.5,397.1,4407.0,8379.7,400.6
1786591304.731092,3575.5,397.1,4407.0,8379.7,400.6
1786591304.831147,3575.5,397.1,4407.0,8379.7,400.0
1786591304.931434,3575.5,397.1,4407.0,8379.7,400.6
1786591305.031219,3575.5,397.1,4407.0,8379.7,400.6
1786591305.131041,3575.5,397.1,4407.0,8379.7,400.6
1786591305.231044,3575.5,397.1,4407.0,8379.7,400.0
1786591305.331014,3575.5,397.1,4407.0,8379.7,400.0
1786591305.431081,3575.5,397.1,4407.0,8379.7,400.6
1786591305.531203,3575.5,397.1,4407.0,8379.7,400.6
1786591305.631014,3575.5,397.1,4407.0,8379.7,400.6
1786591305.731091,3575.5,397.1,4407.0,8379.7,400.6
1786591305.831065,3575.5,397.1,4407.0,8379.7,400.6
1786591305.931012,3575.5,397.1,4407.0,8379.7,400.6
1786591306.031035,3575.5,397.1,4407.0,8379.7,400.6
1786591306.131073,3575.5,397.1,4407.0,8379.7,400.0
1786591306.231205,3575.5,397.1,4407.0,8379.7,400.0
1786591306.331115,3575.5,397.1,4407.0,8379.7,400.6
1786591306.431024,3575.5,397.1,4407.0,8379.7,400.0
1786591306.531022,3575.5,397.1,4407.0,8379.7,400.6
1786591306.631070,3575.5,397.1,4407.0,8379.7,400.0
1786591306.731297,3575.5,794.2,4407.0,8776.8,400.6
1786591306.831277,3972.8,793.9,4507.2,9273.9,500.8
1786591306.931377,3972.8,793.9,4607.4,9374.1,601.0
1786591307.031620,3972.8,1191.4,4607.4,9771.5,601.0
1786591307.131277,3972.8,1191.4,4607.4,9771.5,601.0
1786591307.230974,3972.8,794.2,4607.4,9374.4,500.8
1786591307.330961,3972.8,794.2,4507.2,9274.2,500.8
1786591307.431134,3575.5,794.2,4507.2,8877.0,500.8
1786591307.531123,3575.5,794.2,4507.2,8877.0,400.6
1786591307.631005,3575.5,794.2,4507.2,8877.0,400.6
1786591307.731074,3575.5,794.2,4407.0,8776.8,400.6
1786591307.831282,3972.8,794.2,4507.2,9274.2,500.8
1786591307.931251,3972.8,794.2,4507.2,9274.2,500.0
1786591308.031002,3575.5,794.2,4507.2,8877.0,400.6
1786591308.130956,3575.5,794.2,4407.0,8776.8,400.0
1786591308.230958,3575.5,794.2,4407.0,8776.8,400.0
1786591308.330976,3575.5,794.2,4407.0,8776.8,400.6
1786591308.430996,3575.5,397.1,4407.0,8379.7,400.0
1786591308.531005,3575.5,397.1,4407.0,8379.7,400.6
1786591308.631049,3575.5,397.1,4407.0,8379.7,400.6
1786591308.731076,3575.5,397.1,4407.0,8379.7,400.6
1786591308.831313,3575.5,794.2,4407.0,8776.8,400.6
1786591308.931013,3575.5,794.2,4407.0,8776.8,400.6
1786591309.031021,3575.5,397.1,4407.0,8379.7,400.6
1786591309.131294,3575.5,794.2,4407.0,8776.8,400.6
1786591309.231008,3575.5,794.2,4407.0,8776.8,400.0
1786591309.330963,3575.5,397.1,4407.0,8379.7,400.6
1786591309.431121,3575.5,397.1,4407.0,8379.7,400.6
1786591309.531074,3575.5,397.1,4407.0,8379.7,400.6
1786591309.630989,3575.5,397.1,4407.0,8379.7,400.6
1786591309.731077,3972.8,397.1,4407.0,8777.0,400.0
1786591309.831009,3575.5,397.1,4407.0,8379.7,400.6
1786591309.930992,3575.5,397.1,4407.0,8379.7,400.6
1786591310.031009,3575.5,397.1,4407.0,8379.7,400.6
1786591310.131006,3575.5,397.1,4407.0,8379.7,400.6
1786591310.231023,3575.5,397.1,4407.0,8379.7,400.6
1786591310.331020,3575.5,397.1,4407.0,8379.7,400.6
1786591310.431050,3575.5,397.1,4407.0,8379.7,400.6
1786591310.531035,3575.5,397.1,4407.0,8379.7,400.6
1786591310.631054,3575.5,397.1,4407.0,8379.7,400.6
1786591310.731089,3575.5,397.1,4407.0,8379.7,400.6
1786591310.831091,3575.5,397.1,4407.0,8379.7,400.6
1786591310.930961,3575.5,397.1,4407.0,8379.7,400.6
1786591311.030951,3575.5,397.1,4407.0,8379.7,400.6
1786591311.130962,3575.5,397.1,4407.0,8379.7,400.0
1786591311.231234,3575.5,794.2,4407.0,8776.8,400.6
1786591311.330972,3575.5,397.1,4407.0,8379.7,400.6
1786591311.431161,3575.5,397.1,4407.0,8379.7,400.6
1786591311.531143,3575.5,397.1,4407.0,8379.7,400.0
1786591311.631016,3575.5,397.1,4407.0,8379.7,400.6
1786591311.731039,3575.5,397.1,4407.0,8379.7,400.6
1786591311.830997,3575.5,397.1,4407.0,8379.7,400.6
1786591311.930996,3575.5,397.1,4407.0,8379.7,400.6
1786591312.031018,3575.5,397.1,4407.0,8379.7,400.6
1786591312.131035,3575.5,397.1,4407.0,8379.7,400.6
1786591312.231423,3575.5,793.9,4407.0,8776.5,400.6
1786591312.331220,3575.5,793.9,4507.2,8876.6,500.8
1786591312.431168,3972.8,794.2,4507.2,9274.2,601.0
1786591312.531329,3972.8,1191.4,4607.4,9771.5,601.0
1786591312.631043,3972.8,1191.4,4607.4,9771.5,601.0
1786591312.730987,3972.8,794.2,4507.2,9274.2,500.8
1786591312.831023,3575.5,794.2,4507.2,8877.0,500.8
1786591312.930953,3575.5,794.2,4507.2,8877.0,500.8
1786591313.030966,3575.5,794.2,4507.2,8877.0,400.6
1786591313.130991,3575.5,794.2,4407.0,8776.8,400.6
1786591313.230972,3575.5,794.2,4407.0,8776.8,400.6
1786591313.331023,3575.5,794.2,4407.0,8776.8,400.6
1786591313.431412,3575.5,794.2,4407.0,8776.8,400.6
1786591313.531283,3575.5,794.2,4407.0,8776.8,400.6
1786591313.630984,3575.5,794.2,4407.0,8776.8,400.0
1786591313.731145,3575.5,794.2,4407.0,8776.8,400.0
1786591313.831029,3575.5,397.1,4407.0,8379.7,400.6
1786591313.930987,3575.5,397.1,4407.0,8379.7,400.6
1786591314.030972,3575.5,397.1,4407.0,8379.7,400.6
1786591314.131018,3972.8,397.1,4407.0,8777.0,400.6
1786591314.231015,3575.5,397.1,4407.0,8379.7,400.6
1786591314.331023,3575.5,397.1,4407.0,8379.7,400.6
1786591314.431019,3575.5,397.1,4407.0,8379.7,400.6
1786591314.531031,3575.5,397.1,4407.0,8379.7,400.6
1786591314.631050,3575.5,397.1,4407.0,8379.7,400.6
1786591314.731404,3575.5,794.2,4407.0,8776.8,400.6
1786591314.831097,3575.5,397.1,4407.0,8379.7,400.6
1786591314.930980,3575.5,397.1,4407.0,8379.7,400.6
1786591315.031523,3575.5,794.2,4407.0,8776.8,400.6
1786591315.131456,3972.8,794.2,4507.2,9274.2,500.8
1786591315.231487,3972.8,1191.4,4607.4,9771.5,601.0
1786591315.331240,3972.8,1191.4,4607.4,9771.5,500.8
1786591315.431160,3972.8,1191.4,4507.2,9671.4,500.8
1786591315.531099,3972.8,794.2,4507.2,9274.2,500.8
1786591315.631241,3972.8,794.2,4507.2,9274.2,500.8
1786591315.731782,3972.8,1191.4,4607.4,9771.5,601.0
1786591315.831462,3972.8,1191.4,4607.4,9771.5,601.0
1786591315.931063,3972.8,1191.4,4607.4,9771.5,601.0
1786591316.030962,3972.8,1191.4,4507.2,9671.4,500.8
1786591316.130955,3972.8,794.2,4507.2,9274.2,500.8
1786591316.230999,3972.8,794.2,4507.2,9274.2,500.0
1786591316.330997,3575.5,794.2,4507.2,8877.0,400.6
1786591316.430989,3575.5,794.2,4407.0,8776.8,400.6
1786591316.531026,3575.5,794.2,4407.0,8776.8,400.6
1786591316.631135,3972.8,794.2,4407.0,9174.1,400.6
1786591316.731076,3575.5,794.2,4407.0,8776.8,400.6
1786591316.831114,3575.5,794.2,4407.0,8776.8,400.6
1786591316.931049,3575.5,397.1,4407.0,8379.7,400.0
1786591317.031021,3575.5,397.1,4407.0,8379.7,400.6
1786591317.131041,3575.5,397.1,4407.0,8379.7,400.6
1786591317.230996,3575.5,397.1,4407.0,8379.7,400.0
1786591317.331312,3972.8,794.2,4407.0,9174.1,400.6
1786591317.431133,3575.5,794.2,4407.0,8776.8,400.6
1786591317.531223,3575.5,397.1,4407.0,8379.7,400.6
1786591317.630997,3575.5,397.1,4407.0,8379.7,400.0
1786591317.731639,3972.8,794.2,4407.0,9174.1,500.8
1786591317.831218,3972.8,794.2,4507.2,9274.2,500.8
1786591317.931211,3972.8,1191.4,4607.4,9771.5,601.0
1786591318.031679,3972.8,1191.4,4607.4,9771.5,601.0
1786591318.131238,3972.8,1191.4,4607.4,9771.5,601.0
1786591318.230969,3972.8,794.2,4507.2,9274.2,500.8
1786591318.331039,3972.8,794.2,4507.2,9274.2,500.0
1786591318.430990,3575.5,794.2,4507.2,8877.0,500.0
1786591318.530993,3575.5,794.2,4507.2,8877.0,400.6
1786591318.631004,3575.5,794.2,4407.0,8776.8,400.6
1786591318.731052,3575.5,794.2,4407.0,8776.8,400.6
1786591318.831358,3575.5,794.2,4507.2,8877.0,400.6
1786591318.931030,3575.5,794.2,4407.0,8776.8,400.0
1786591319.030986,3575.5,794.2,4407.0,8776.8,400.0
1786591319.130973,3575.5,794.2,4407.0,8776.8,400.6
1786591319.230999,3575.5,397.1,4407.0,8379.7,400.6
1786591319.331013,3575.5,397.1,4407.0,8379.7,400.6
1786591319.431152,3575.5,397.1,4407.0,8379.7,400.6
1786591319.531105,3575.5,397.1,4407.0,8379.7,400.6
1786591319.630992,3575.5,397.1,4407.0,8379.7,400.6
1786591319.730959,3575.5,397.1,4407.0,8379.7,400.0
1786591319.831188,3575.5,397.1,4407.0,8379.7,400.0
1786591319.931509,3575.5,397.1,4407.0,8379.7,400.6
1786591320.031250,3575.5,794.2,4407.0,8776.8,400.6
1786591320.131041,3575.5,397.1,4407.0,8379.7,400.0
1786591320.231002,3972.8,397.1,4407.0,8777.0,400.6
1786591320.330933,3575.5,397.1,4407.0,8379.7,400.6
1786591320.431005,3575.5,397.1,4407.0,8379.7,400.6
1786591320.530996,3575.5,397.1,4407.0,8379.7,400.0
1786591320.630998,3575.5,397.1,4407.0,8379.7,400.6
1786591320.731919,3575.5,397.1,4407.0,8379.7,400.6
1786591320.831004,3575.5,397.1,4407.0,8379.7,400.6
1786591320.931031,3575.5,397.1,4407.0,8379.7,400.0
1786591321.030976,3575.5,397.1,4407.0,8379.7,400.0
1786591321.130985,3575.5,397.1,4407.0,8379.7,400.6
1786591321.230982,3575.5,397.1,4407.0,8379.7,400.6
1786591321.331063,3575.5,397.1,4407.0,8379.7,400.6
1786591321.431126,3575.5,397.1,4407.0,8379.7,400.6
1786591321.531192,3575.5,397.1,4407.0,8379.7,400.6
1786591321.631065,3575.5,397.1,4407.0,8379.7,400.6
1786591321.731286,3972.8,794.2,4407.0,9174.1,400.6
1786591321.831418,3972.8,794.2,4507.2,9274.2,500.8
1786591321.931456,3972.8,794.2,4607.4,9374.4,601.0
1786591322.031675,3972.8,1191.4,4607.4,9771.5,601.0
1786591322.131013,3972.8,1191.4,4607.4,9771.5,601.0
1786591322.231264,3972.8,794.2,4607.4,9374.4,500.8
1786591322.331154,3972.8,794.2,4507.2,9274.2,500.8
1786591322.430959,3972.8,794.2,4507.2,9274.2,500.0
1786591322.530994,3575.5,794.2,4507.2,8877.0,500.8
1786591322.630933,3575.5,794.2,4407.0,8776.8,400.0
1786591322.731004,3575.5,794.2,4407.0,8776.8,400.6
1786591322.831078,3575.5,794.2,4407.0,8776.8,400.6
1786591322.930980,3575.5,794.2,4407.0,8776.8,400.6
1786591323.030963,3575.5,397.1,4407.0,8379.7,400.6
1786591323.130992,3575.5,397.1,4407.0,8379.7,400.6
1786591323.231255,3575.5,794.2,4407.0,8776.8,400.6
1786591323.331274,3972.8,794.2,4507.2,9274.2,500.8
1786591323.431560,3972.8,1191.4,4607.4,9771.5,601.0
1786591323.531712,3972.8,1191.4,4607.4,9771.5,601.0
1786591323.631075,3974.4,1191.4,4607.4,9773.1,601.0
1786591323.730975,3974.4,794.2,4507.2,9275.8,500.8
1786591323.831093,3974.4,794.2,4507.2,9275.8,500.8
1786591323.930986,3577.0,794.2,4507.2,8878.4,500.8
1786591324.030951,3577.0,794.2,4507.2,8878.4,400.6
1786591324.131029,3577.0,794.2,4407.0,8778.2,400.6
1786591324.230965,3577.0,794.2,4407.0,8778.2,400.6
1786591324.331021,3575.5,794.2,4407.0,8776.8,400.6
1786591324.431663,3575.5,794.2,4407.0,8776.8,400.6
1786591324.531224,3972.8,794.2,4407.0,9174.1,400.6
1786591324.631012,3972.8,794.2,4407.0,9174.1,400.6
1786591324.731099,3575.5,397.1,4407.0,8379.7,400.6
1786591324.831027,3575.5,397.1,4407.0,8379.7,400.6
1786591324.931074,3575.5,397.1,4407.0,8379.7,400.6
1786591325.031019,3575.5,397.1,4407.0,8379.7,400.6
1786591325.131034,3575.5,397.1,4407.0,8379.7,400.6
1786591325.231009,3575.5,397.1,4407.0,8379.7,400.0
1786591325.330990,3575.5,397.1,4407.0,8379.7,400.6
1786591325.431012,3575.5,397.1,4407.0,8379.7,400.6
1786591325.531135,3575.5,397.1,4407.0,8379.7,400.6
1786591325.630995,3575.5,397.1,4407.0,8379.7,400.6
1786591325.730989,3575.5,397.1,4407.0,8379.7,400.0
1786591325.831127,3575.5,397.1,4407.0,8379.7,400.0
1786591325.931082,3575.5,397.1,4407.0,8379.7,400.6
1786591326.030982,3575.5,397.1,4407.0,8379.7,400.6
1786591326.130994,3575.5,397.1,4407.0,8379.7,400.6
1786591326.231012,3575.5,397.1,4407.0,8379.7,400.6
1786591326.331120,3575.5,397.1,4407.0,8379.7,400.6
1786591326.430984,3575.5,397.1,4407.0,8379.7,400.0
1786591326.530954,3575.5,397.1,4407.0,8379.7,400.0
1786591326.631109,3575.5,397.1,4407.0,8379.7,400.6
1786591326.731326,3575.5,794.2,4407.0,8776.8,400.6
1786591326.831064,3575.5,397.1,4407.0,8379.7,400.0
1786591326.931063,3575.5,397.1,4407.0,8379.7,400.6
1786591327.030978,3575.5,397.1,4407.0,8379.7,400.0
1786591327.131047,3575.5,397.1,4407.0,8379.7,400.6
1786591327.230991,3575.5,397.1,4407.0,8379.7,400.6
1786591327.331002,3575.5,397.1,4407.0,8379.7,400.6
1786591327.431124,3575.5,397.1,4407.0,8379.7,400.6
1786591327.531113,3575.5,397.1,4407.0,8379.7,400.6
1786591327.631016,3575.5,397.1,4407.0,8379.7,400.6
1786591327.731020,3575.5,397.1,4407.0,8379.7,400.6
1786591327.831123,3575.5,397.1,4407.0,8379.7,400.6
1786591327.931303,3575.5,794.2,4407.0,8776.8,400.6
1786591328.031324,3575.5,794.2,4407.0,8776.8,400.6
1786591328.131028,3575.5,794.2,4407.0,8776.8,400.6
1786591328.231008,3575.5,794.2,4407.0,8776.8,400.6
1786591328.330979,3575.5,794.2,4407.0,8776.8,400.6
1786591328.431016,3575.5,397.1,4407.0,8379.7,400.6
1786591328.531048,3575.5,397.1,4407.0,8379.7,400.6
1786591328.631061,3575.5,397.1,4407.0,8379.7,400.6
1786591328.731254,3575.5,794.2,4407.0,8776.8,400.6
1786591328.831313,3972.8,794.2,4507.2,9274.2,500.8
1786591328.931598,3972.8,1191.4,4607.4,9771.5,601.0
1786591329.031401,3972.8,1191.4,4607.4,9771.5,601.0
1786591329.131239,3972.8,1191.4,4607.4,9771.5,601.0
1786591329.231032,3972.8,1191.4,4607.4,9771.5,500.8
1786591329.331061,3972.8,794.2,4507.2,9274.2,500.8
1786591329.430997,3575.5,794.2,4507.2,8877.0,500.8
1786591329.531089,3575.5,794.2,4507.2,8877.0,400.0
1786591329.630962,3575.5,794.2,4407.0,8776.8,400.6
1786591329.730989,3575.5,794.2,4407.0,8776.8,400.6
1786591329.831154,3575.5,794.2,4407.0,8776.8,400.6
1786591329.931147,3575.5,794.2,4407.0,8776.8,400.6
1786591330.031021,3575.5,794.2,4407.0,8776.8,400.6
1786591330.131072,3575.5,397.1,4407.0,8379.7,400.0
1786591330.231037,3575.5,397.1,4407.0,8379.7,400.6
1786591330.330999,3575.5,397.1,4407.0,8379.7,400.6
1786591330.431262,3972.8,397.1,4407.0,8777.0,400.6
1786591330.531009,3575.5,397.1,4407.0,8379.7,400.6
1786591330.631006,3575.5,397.1,4407.0,8379.7,400.6
1786591330.731011,3575.5,397.1,4407.0,8379.7,400.6
1786591330.831041,3575.5,397.1,4407.0,8379.7,400.6
1786591330.930993,3575.5,397.1,4407.0,8379.7,400.6
1786591331.031007,3575.5,397.1,4407.0,8379.7,400.6
1786591331.131087,3575.5,397.1,4407.0,8379.7,400.6
1786591331.231301,3972.8,397.1,4407.0,8777.0,400.6
1786591331.331047,3575.5,397.1,4407.0,8379.7,400.6
1786591331.431120,3575.5,397.1,4407.0,8379.7,400.0
1786591331.531237,3575.5,397.1,4407.0,8379.7,400.6
1786591331.631028,3972.8,397.1,4407.0,8777.0,400.6
1786591331.731077,3575.5,397.1,4407.0,8379.7,400.0
1786591331.831225,3575.5,397.1,4407.0,8379.7,400.6
1786591331.931014,3575.5,397.1,4407.0,8379.7,400.6
1786591332.031033,3575.5,397.1,4407.0,8379.7,400.6
1786591332.131248,3575.5,397.1,4407.0,8379.7,400.6
1786591332.231030,3575.5,397.1,4407.0,8379.7,400.6
1786591332.331005,3575.5,397.1,4407.0,8379.7,400.6
1786591332.431024,3575.5,397.1,4407.0,8379.7,400.6
1786591332.531006,3972.8,397.1,4407.0,8777.0,400.0
1786591332.630995,3575.5,397.1,4407.0,8379.7,400.6
1786591332.731023,3575.5,397.1,4407.0,8379.7,400.6
1786591332.831047,3575.5,397.1,4407.0,8379.7,400.6
1786591332.931005,3575.5,397.1,4407.0,8379.7,400.6
1786591333.031030,3575.5,397.1,4407.0,8379.7,400.6
1786591333.131099,3575.5,397.1,4407.0,8379.7,400.6
1786591333.231014,3575.5,397.1,4407.0,8379.7,400.6
1786591333.331011,3575.5,397.1,4407.0,8379.7,400.6
1786591333.431794,3575.5,397.1,4407.0,8379.7,400.6
1786591333.531262,3575.5,397.1,4407.0,8379.7,400.0
1786591333.631005,3575.5,397.1,4407.0,8379.7,400.6
1786591333.730949,3575.5,397.1,4407.0,8379.7,400.6
1786591333.831170,3575.5,397.1,4407.0,8379.7,400.6
1786591333.931021,3575.5,397.1,4407.0,8379.7,400.6
1786591334.031012,3575.5,397.1,4407.0,8379.7,400.6
1786591334.131053,3575.5,397.1,4407.0,8379.7,400.6
1786591334.231299,3972.8,794.2,4407.0,9174.1,400.6
1786591334.331225,3972.8,794.2,4507.2,9274.2,500.8
1786591334.431260,3972.8,794.2,4507.2,9274.2,601.0
1786591334.531851,3972.8,1191.4,4607.4,9771.5,601.0
1786591334.631206,3972.8,1191.4,4607.4,9771.5,601.0
1786591334.731003,3972.8,794.2,4507.2,9274.2,500.8
1786591334.831118,3972.8,794.2,4507.2,9274.2,500.8
1786591334.931230,3575.5,794.2,4507.2,8877.0,500.8
1786591335.031233,3972.8,794.2,4507.2,9274.2,500.8
1786591335.131339,3972.8,1191.4,4607.4,9771.5,601.0
1786591335.231638,3972.8,1191.4,4607.4,9771.5,601.0
1786591335.331324,3972.8,1191.4,4607.4,9771.5,601.0
1786591335.431037,3972.8,1191.4,4607.4,9771.5,601.0
1786591335.531237,3972.8,794.2,4507.2,9274.2,500.8
1786591335.631000,3575.5,794.2,4507.2,8877.0,500.8
1786591335.731375,3972.8,794.2,4507.2,9274.2,500.8
1786591335.831232,3575.5,794.2,4507.2,8877.0,500.8
1786591335.931047,3575.5,794.2,4507.2,8877.0,400.0
1786591336.031017,3575.5,794.2,4407.0,8776.8,400.0
1786591336.131117,3575.5,794.2,4407.0,8776.8,400.6
1786591336.231069,3575.5,794.2,4407.0,8776.8,400.6
1786591336.331120,3575.5,397.1,4407.0,8379.7,400.0
1786591336.431044,3575.5,397.1,4407.0,8379.7,400.0
1786591336.531009,3575.5,397.1,4407.0,8379.7,400.0
1786591336.631006,3575.5,397.1,4407.0,8379.7,400.0
1786591336.731039,3575.5,397.1,4407.0,8379.7,400.0
1786591336.831054,3575.5,397.1,4407.0,8379.7,400.6
1786591336.931025,3575.5,397.1,4407.0,8379.7,400.0
1786591337.031000,3575.5,397.1,4407.0,8379.7,400.6
1786591337.131028,3575.5,397.1,4407.0,8379.7,400.0
1786591337.231022,3575.5,397.1,4407.0,8379.7,400.0
1786591337.331071,3575.5,397.1,4407.0,8379.7,400.6
1786591337.430994,3575.5,397.1,4407.0,8379.7,400.6
1786591337.531138,3575.5,397.1,4407.0,8379.7,400.0
1786591337.631249,3575.5,397.1,4407.0,8379.7,400.6
1786591337.730985,3575.5,397.1,4407.0,8379.7,400.6
1786591337.831180,3575.5,397.1,4407.0,8379.7,400.6
1786591337.931533,3575.5,397.1,4407.0,8379.7,400.6
1786591338.032304,3575.5,794.2,4507.2,8877.0,500.8
1786591338.131412,3972.8,1191.4,4607.4,9771.5,601.0
1786591338.231310,3972.8,1191.4,4607.4,9771.5,601.0
1786591338.331111,3972.8,1191.4,4607.4,9771.5,500.8
1786591338.430996,3972.8,1191.4,4507.2,9671.4,500.8
1786591338.531270,3972.8,1191.4,4507.2,9671.4,500.8
1786591338.631325,3972.8,1191.4,4607.4,9771.5,601.0
1786591338.731375,3972.8,1191.4,4607.4,9771.5,601.0
1786591338.831192,3972.8,1191.4,4607.4,9771.5,601.0
1786591338.931277,3972.8,1191.4,4607.4,9771.5,601.0
1786591339.030992,3972.8,1191.4,4507.2,9671.4,500.8
1786591339.131003,3972.8,794.2,4507.2,9274.2,500.8
1786591339.231041,3575.5,794.2,4507.2,8877.0,500.8
1786591339.331119,3575.5,794.2,4507.2,8877.0,400.6
1786591339.431041,3575.5,794.2,4407.0,8776.8,400.6
1786591339.531165,3575.5,794.2,4407.0,8776.8,400.0
1786591339.631132,3575.5,794.2,4407.0,8776.8,400.6
1786591339.731263,3575.5,794.2,4407.0,8776.8,400.6
1786591339.831289,3972.8,794.2,4507.2,9274.2,500.8
1786591339.931345,3972.8,1191.4,4607.4,9771.5,601.0
1786591340.031483,3972.8,1191.4,4607.4,9771.5,601.0
1786591340.131361,3972.8,1191.4,4607.4,9771.5,601.0
1786591340.230960,3972.8,794.2,4607.4,9374.4,500.8
1786591340.331005,3972.8,794.2,4507.2,9274.2,500.8
1786591340.430987,3575.5,794.2,4507.2,8877.0,500.8
1786591340.530957,3575.5,794.2,4507.2,8877.0,400.6
1786591340.631013,3575.5,794.2,4407.0,8776.8,400.6
1786591340.731025,3575.5,794.2,4407.0,8776.8,400.6
1786591340.831047,3575.5,794.2,4407.0,8776.8,400.6
1786591340.931019,3575.5,397.1,4407.0,8379.7,400.6
1786591341.031024,3575.5,397.1,4407.0,8379.7,400.6
1786591341.131017,3575.5,397.1,4407.0,8379.7,400.6
1786591341.231023,3575.5,397.1,4407.0,8379.7,400.6
1786591341.331057,3575.5,397.1,4407.0,8379.7,400.0
1786591341.431044,3575.5,397.1,4407.0,8379.7,400.0
1786591341.531251,3575.5,397.1,4407.0,8379.7,400.6
1786591341.631004,3575.5,397.1,4407.0,8379.7,400.6
1786591341.730999,3575.5,397.1,4407.0,8379.7,400.6
1786591341.831098,3575.5,397.1,4407.0,8379.7,400.6
1786591341.931011,3575.5,397.1,4407.0,8379.7,400.6
1786591342.031001,3575.5,397.1,4407.0,8379.7,400.6
1786591342.131093,3575.5,397.1,4407.0,8379.7,400.6
1786591342.231241,3575.5,794.2,4407.0,8776.8,400.6
1786591342.331048,3575.5,397.1,4407.0,8379.7,400.6
1786591342.430977,3575.5,397.1,4407.0,8379.7,400.6
1786591342.531032,3575.5,397.1,4407.0,8379.7,400.0
1786591342.631011,3575.5,397.1,4407.0,8379.7,400.6
1786591342.731050,3575.5,397.1,4407.0,8379.7,400.6
1786591342.831140,3575.5,397.1,4407.0,8379.7,400.0
1786591342.931070,3575.5,397.1,4407.0,8379.7,400.6
1786591343.031004,3575.5,397.1,4407.0,8379.7,400.0
1786591343.131052,3575.5,397.1,4407.0,8379.7,400.6
1786591343.231057,3575.5,397.1,4407.0,8379.7,400.6
1786591343.331149,3575.5,397.1,4407.0,8379.7,400.6
1786591343.431053,3575.5,397.1,4407.0,8379.7,400.6
1786591343.531158,3575.5,397.1,4407.0,8379.7,400.6
1786591343.631024,3575.5,397.1,4407.0,8379.7,400.0
1786591343.731032,3575.5,397.1,4407.0,8379.7,400.6
1786591343.831110,3575.5,397.1,4407.0,8379.7,400.6
1786591343.931087,3575.5,397.1,4407.0,8379.7,400.6
1786591344.031010,3575.5,397.1,4407.0,8379.7,400.6
1786591344.131062,3575.5,397.1,4407.0,8379.7,400.0
1786591344.231027,3575.5,397.1,4407.0,8379.7,400.6
1786591344.331043,3575.5,397.1,4407.0,8379.7,400.0
1786591344.431548,3575.5,397.1,4407.0,8379.7,400.6
1786591344.531171,3575.5,397.1,4407.0,8379.7,400.0
1786591344.631259,3575.5,794.2,4407.0,8776.8,400.6
1786591344.730967,3575.5,397.1,4407.0,8379.7,400.6
1786591344.830963,3575.5,397.1,4407.0,8379.7,400.0
1786591344.931000,3575.5,397.1,4407.0,8379.7,400.6
1786591345.030988,3575.5,397.1,4407.0,8379.7,400.6
1786591345.131019,3575.5,397.1,4407.0,8379.7,400.0
1786591345.231265,3575.5,794.2,4407.0,8776.8,400.6
1786591345.331267,3972.8,794.2,4507.2,9274.2,500.8
1786591345.431316,3972.8,794.2,4607.4,9374.4,601.0
1786591345.531665,3972.8,1191.4,4607.4,9771.5,601.0
1786591345.631128,3972.8,1191.4,4607.4,9771.5,601.0
1786591345.730968,3972.8,794.2,4507.2,9274.2,500.8
1786591345.831327,3972.8,794.2,4507.2,9274.2,500.8
1786591345.931022,3575.5,794.2,4507.2,8877.0,500.8
1786591346.030993,3575.5,794.2,4507.2,8877.0,500.8
1786591346.130995,3575.5,794.2,4507.2,8877.0,400.6
1786591346.230996,3575.5,794.2,4407.0,8776.8,400.6
1786591346.331064,3575.5,794.2,4407.0,8776.8,400.6
1786591346.431015,3575.5,794.2,4407.0,8776.8,400.6
1786591346.531000,3575.5,794.2,4407.0,8776.8,400.6
1786591346.630982,3575.5,397.1,4407.0,8379.7,400.6
1786591346.731282,3575.5,794.2,4407.0,8776.8,400.6
1786591346.831013,3575.5,794.2,4407.0,8776.8,400.6
1786591346.930996,3575.5,397.1,4407.0,8379.7,400.6
1786591347.031015,3575.5,397.1,4407.0,8379.7,400.6
1786591347.131117,3575.5,397.1,4407.0,8379.7,400.6
1786591347.231028,3575.5,397.1,4407.0,8379.7,400.6
1786591347.331081,3575.5,397.1,4407.0,8379.7,400.6
1786591347.431037,3575.5,397.1,4407.0,8379.7,400.6
1786591347.531135,3575.5,397.1,4407.0,8379.7,400.6
1786591347.631069,3575.5,397.1,4407.0,8379.7,400.6
1786591347.731000,3575.5,397.1,4407.0,8379.7,400.0
1786591347.831063,3575.5,397.1,4407.0,8379.7,400.6
1786591347.930998,3575.5,397.1,4407.0,8379.7,400.6
1786591348.031327,3972.8,794.2,4407.0,9174.1,500.8
1786591348.131097,3575.5,794.2,4407.0,8776.8,400.6
1786591348.230994,3575.5,794.2,4407.0,8776.8,400.6
1786591348.331028,3575.5,794.2,4407.0,8776.8,400.6
1786591348.431018,3575.5,794.2,4407.0,8776.8,400.6
1786591348.531053,3575.5,794.2,4407.0,8776.8,400.0
1786591348.630998,3575.5,397.1,4407.0,8379.7,400.6
1786591348.730996,3575.5,397.1,4407.0,8379.7,400.6
1786591348.831008,3972.8,397.1,4407.0,8777.0,400.6
1786591348.931598,3972.8,794.2,4407.0,9174.1,400.6
1786591349.031283,3972.8,794.2,4407.0,9174.1,400.6
1786591349.131070,3575.5,794.2,4407.0,8776.8,400.0
1786591349.231006,3575.5,794.2,4407.0,8776.8,400.6
1786591349.331035,3575.5,794.2,4407.0,8776.8,400.6
1786591349.431033,3575.5,397.1,4407.0,8379.7,400.6
1786591349.531199,3972.8,397.1,4407.0,8777.0,400.6
1786591349.630986,3575.5,397.1,4407.0,8379.7,400.6
1786591349.730966,3575.5,397.1,4407.0,8379.7,400.0
1786591349.831050,3575.5,397.1,4407.0,8379.7,400.6
1786591349.930981,3575.5,397.1,4407.0,8379.7,400.6
1786591350.031004,3575.5,397.1,4407.0,8379.7,400.6
1786591350.131105,3575.5,397.1,4407.0,8379.7,400.6
1786591350.231022,3575.5,397.1,4407.0,8379.7,400.6
1786591350.331054,3575.5,397.1,4407.0,8379.7,400.6
1786591350.431021,3575.5,397.1,4407.0,8379.7,400.6
1786591350.531036,3575.5,397.1,4407.0,8379.7,400.0
1786591350.631038,3575.5,397.1,4407.0,8379.7,400.6
1786591350.731353,3575.5,794.2,4407.0,8776.8,400.6
1786591350.831299,3972.8,794.2,4507.2,9274.2,500.8
1786591350.931346,3972.8,794.2,4507.2,9274.2,601.0
1786591351.031365,3972.8,1191.4,4607.4,9771.5,601.0
1786591351.131304,3972.8,1191.4,4607.4,9771.5,601.0
1786591351.230981,3972.8,794.2,4607.4,9374.4,500.8
1786591351.331015,3972.8,794.2,4507.2,9274.2,500.8
1786591351.430992,3575.5,794.2,4507.2,8877.0,500.8
1786591351.531078,3575.5,794.2,4507.2,8877.0,400.6
1786591351.630978,3575.5,794.2,4407.0,8776.8,400.6
1786591351.730979,3575.5,794.2,4407.0,8776.8,400.6
1786591351.831091,3575.5,794.2,4407.0,8776.8,400.6
1786591351.931022,3575.5,397.1,4407.0,8379.7,400.0
1786591352.031341,3575.5,794.2,4407.0,8776.8,400.6
1786591352.131365,3972.8,794.2,4507.2,9274.2,500.8
1786591352.231305,3972.8,794.2,4507.2,9274.2,500.8
1786591352.331105,3575.5,794.2,4507.2,8877.0,500.8
1786591352.431545,3972.8,794.2,4507.2,9274.2,500.8
1786591352.531455,3972.8,1191.4,4607.4,9771.5,601.0
1786591352.631676,3972.8,1191.4,4707.5,9871.7,601.0
1786591352.731343,3972.8,1191.4,4707.5,9871.7,601.0
1786591352.831517,3972.8,1191.4,4707.5,9871.7,601.0
1786591352.931310,3972.8,1191.4,4707.5,9871.7,701.1
1786591353.031327,3972.8,1191.4,4707.5,9871.7,701.1
1786591353.131300,3972.8,1191.4,4707.5,9871.7,701.1
1786591353.231305,3972.8,1191.4,4707.5,9871.7,701.1
1786591353.331369,3972.8,1191.4,4807.7,9971.8,701.1
1786591353.431509,3972.8,1191.4,4807.7,9971.8,801.3
1786591353.531358,3972.8,1191.4,4807.7,9971.8,701.1
1786591353.631342,3972.8,1191.4,4807.7,9971.8,701.1
1786591353.731333,3972.8,1191.4,4807.7,9971.8,801.3
1786591353.831355,3972.8,1191.4,4807.7,9971.8,701.1
1786591353.931346,3972.8,1191.4,4807.7,9971.8,701.1
1786591354.031331,3972.8,1191.4,4807.7,9971.8,701.1
1786591354.131325,3972.8,1588.5,4807.7,10369.0,701.1
1786591354.231307,3972.8,1588.5,4807.7,10369.0,701.1
1786591354.331300,3972.8,1588.5,4807.7,10369.0,701.1
1786591354.431279,3972.8,1588.5,4707.5,10268.8,701.1
1786591354.531341,3972.8,1588.5,4707.5,10268.8,701.1
1786591354.631309,4368.3,1587.8,5108.2,11064.3,1001.6
1786591354.731393,4370.1,1587.8,5508.8,11466.7,1302.1
1786591354.831445,4767.4,1587.8,5709.1,12064.3,1402.2
1786591354.931360,5164.6,1588.5,5909.4,12662.6,1600.0
1786591355.031324,5164.6,1588.5,6009.6,12762.7,1700.0
1786591355.131375,5164.6,1588.5,6109.8,12862.9,1700.0
1786591355.231330,4767.4,1588.5,5909.4,12265.3,1402.2
1786591355.331957,4767.4,1588.5,5709.1,12065.0,1302.1
1786591355.432961,4767.4,1588.5,5508.8,11864.6,1201.9
1786591355.531348,4370.1,1588.5,5408.6,11367.2,1001.6
1786591355.631726,4767.4,1588.5,5508.8,11864.6,1201.9
1786591355.731296,5162.6,1190.9,5709.1,12062.6,1400.0
1786591355.831215,6353.9,1190.9,6109.8,13654.6,1600.0
1786591355.931375,5959.2,1191.4,6109.8,13260.3,1600.0
1786591356.031451,5561.9,1191.4,5809.3,12562.6,1400.0
1786591356.131341,5164.6,1191.4,5609.0,11965.0,1200.0
1786591356.231562,4767.4,1191.4,5408.6,11367.4,1101.8
1786591356.331265,4767.4,1588.5,5308.5,11664.3,1001.6
1786591356.431603,4370.1,1588.5,5208.3,11166.9,1001.6
1786591356.531651,4370.1,1985.6,5208.3,11564.0,1001.6
1786591356.631305,4370.1,1588.5,5208.3,11166.9,1001.6
1786591356.731377,4370.1,1588.5,5108.2,11066.7,901.4
1786591356.831324,3972.8,1588.5,5008.0,10569.3,801.3
1786591356.931279,3972.8,1588.5,5008.0,10569.3,801.3
1786591357.031286,3972.8,1588.5,5008.0,10569.3,801.3
1786591357.131309,3972.8,1588.5,4907.8,10469.1,801.3
1786591357.231228,3972.8,1588.5,4907.8,10469.1,701.1
1786591357.331758,3972.8,1587.8,4907.8,10468.5,801.3
1786591357.431319,3972.8,1190.9,4907.8,10071.5,801.3
1786591357.531339,4368.3,1587.8,5108.2,11064.3,1001.6
1786591357.631732,4370.1,1587.8,5208.3,11166.2,1101.8
1786591357.731337,4370.1,1587.8,5208.3,11166.2,1001.6
1786591357.831335,4370.1,1190.9,5208.3,10769.3,1101.8
1786591357.931308,4767.4,1190.9,5308.5,11266.7,1101.8
1786591358.031167,5561.9,1190.9,5408.6,12161.4,1101.8
1786591358.131075,5959.2,1190.9,5408.6,12558.7,1101.8
1786591358.231012,6356.5,793.9,5408.6,12559.0,1101.8
1786591358.331005,6753.8,794.2,5408.6,12956.6,1101.8
1786591358.431004,6753.8,794.2,5408.6,12956.6,1101.8
1786591358.530991,7151.0,794.2,5408.6,13353.9,1101.8
1786591358.630969,7151.0,794.2,5408.6,13353.9,1101.8
1786591358.730982,7151.0,794.2,5408.6,13353.9,1101.8
1786591358.831017,7548.3,397.0,5408.6,13353.9,1101.8
1786591358.930994,7548.3,397.0,5408.6,13353.9,1101.8
1786591359.031275,7548.3,793.9,5508.8,13851.0,1201.9
1786591359.130980,7548.3,793.9,5508.8,13851.0,1101.8
1786591359.231027,7548.3,397.0,5508.8,13454.1,1201.9
1786591359.331114,7548.3,397.0,5508.8,13454.1,1101.8
1786591359.430975,7548.3,397.0,5508.8,13454.1,1101.8
1786591359.531073,7548.3,397.0,5508.8,13454.1,1101.8
1786591359.630954,7548.3,397.0,5508.8,13454.1,1101.8
1786591359.731053,7945.6,397.0,5508.8,13851.4,1101.8
1786591359.831042,7945.6,397.0,5508.8,13851.4,1101.8
1786591359.931273,7945.6,397.0,5508.8,13851.4,1201.9
1786591360.031228,7945.6,793.9,5508.8,14248.3,1201.9
1786591360.131053,7945.6,397.0,5508.8,13851.4,1201.9
1786591360.231022,7942.4,397.0,5508.8,13848.2,1201.9
1786591360.331117,7945.6,397.0,5508.8,13851.4,1201.9
1786591360.431006,7945.6,397.0,5508.8,13851.4,1201.9
1786591360.531160,7945.6,793.9,5508.8,14248.3,1201.9
1786591360.630985,7945.6,397.0,5508.8,13851.4,1201.9
1786591360.731011,7945.6,397.0,5508.8,13851.4,1101.8
1786591360.831400,7945.6,793.9,5508.8,14248.3,1201.9
1786591360.931642,7942.4,793.9,5508.8,14245.1,1201.9
1786591361.031406,7945.6,1190.9,5609.0,14745.4,1201.9
1786591361.131054,7945.6,1190.9,5508.8,14645.3,1201.9
1786591361.230959,7945.6,1190.9,5508.8,14645.3,1201.9
1786591361.331075,7945.6,794.2,5508.8,14248.6,1201.9
1786591361.431561,7945.6,1190.9,5508.8,14645.3,1201.9
1786591361.531650,7945.6,1190.9,5609.0,14745.4,1201.9
1786591361.631378,7945.6,1587.8,5609.0,15142.4,1201.9
1786591361.731167,7945.6,1588.5,5609.0,15143.0,1201.9
1786591361.831377,7945.6,1588.5,5609.0,15143.0,1201.9
1786591361.931332,7945.6,1588.5,5609.0,15143.0,1201.9
1786591362.031146,7945.6,1191.4,5609.0,14745.9,1201.9
1786591362.131396,7945.6,1191.4,5609.0,14745.9,1201.9
1786591362.231015,7945.6,1191.4,5609.0,14745.9,1201.9
1786591362.330936,7945.6,1191.4,5508.8,14645.8,1201.9
1786591362.431094,7945.6,794.2,5508.8,14248.6,1201.9
1786591362.531018,7945.6,794.2,5508.8,14248.6,1201.9
1786591362.631003,7945.6,794.2,5508.8,14248.6,1201.9
1786591362.730973,7945.6,794.2,5508.8,14248.6,1201.9
1786591362.831021,7945.6,794.2,5508.8,14248.6,1201.9
1786591362.931021,7945.6,794.2,5508.8,14248.6,1101.8
1786591363.031059,7945.6,794.2,5508.8,14248.6,1101.8
1786591363.131017,7945.6,794.2,5508.8,14248.6,1101.8
1786591363.231024,7945.6,397.1,5508.8,13851.5,1101.8
1786591363.331033,7945.6,397.1,5508.8,13851.5,1101.8
1786591363.431088,7945.6,397.1,5508.8,13851.5,1101.8
1786591363.531113,7945.6,397.1,5508.8,13851.5,1101.8
1786591363.631049,7945.6,397.1,5508.8,13851.5,1101.8
1786591363.731008,7945.6,397.1,5508.8,13851.5,1101.8
1786591363.831097,7945.6,397.1,5508.8,13851.5,1101.8
1786591363.931005,7945.6,397.1,5508.8,13851.5,1101.8
1786591364.030992,7945.6,397.1,5508.8,13851.5,1101.8
1786591364.131007,7945.6,397.1,5508.8,13851.5,1101.8
1786591364.231246,7945.6,794.2,5508.8,14248.6,1201.9
1786591364.330973,7945.6,794.2,5508.8,14248.6,1201.9
1786591364.431039,7945.6,397.1,5508.8,13851.5,1201.9
1786591364.530980,7945.6,397.1,5508.8,13851.5,1201.9
1786591364.630994,7945.6,397.0,5508.8,13851.4,1201.9
1786591364.731084,7945.6,397.0,5508.8,13851.4,1101.8
1786591364.831204,7945.6,397.0,5508.8,13851.4,1201.9
1786591364.931001,7945.6,397.0,5508.8,13851.4,1101.8
1786591365.030972,7945.6,397.0,5508.8,13851.4,1101.8
1786591365.131093,7945.6,397.1,5508.8,13851.5,1101.8
1786591365.231023,7945.6,397.1,5508.8,13851.5,1101.8
1786591365.331045,7945.6,397.0,5508.8,13851.4,1101.8
1786591365.431121,7945.6,397.0,5508.8,13851.4,1101.8
1786591365.531343,7942.4,397.0,5508.8,13848.2,1101.8
1786591365.631017,7942.4,397.0,5508.8,13848.2,1101.8
1786591365.730992,7942.4,397.0,5508.8,13848.2,1101.8
1786591365.831109,7942.4,397.0,5508.8,13848.2,1101.8
1786591365.930986,7942.4,397.0,5508.8,13848.2,1101.8
1786591366.031029,7942.4,397.0,5508.8,13848.2,1101.8
1786591366.131219,7942.4,793.9,5508.8,14245.1,1201.9
1786591366.231035,7945.6,794.2,5508.8,14248.6,1201.9
1786591366.331015,7945.6,794.2,5508.8,14248.6,1201.9
1786591366.431316,7945.6,794.2,5508.8,14248.6,1201.9
1786591366.531208,7945.6,794.2,5508.8,14248.6,1201.9
1786591366.631059,7945.6,397.1,5508.8,13851.5,1201.9
1786591366.731059,7945.6,397.1,5508.8,13851.5,1201.9
1786591366.831036,7945.6,397.1,5508.8,13851.5,1201.9
1786591366.931185,7945.6,397.1,5508.8,13851.5,1201.9
1786591367.031223,7945.6,793.9,5508.8,14248.3,1201.9
1786591367.131233,7945.6,794.2,5508.8,14248.6,1201.9
1786591367.231305,7942.4,1190.9,5508.8,14642.1,1201.9
1786591367.331274,7942.4,1190.9,5609.0,14742.2,1201.9
1786591367.431435,7945.6,1588.5,5609.0,15143.0,1201.9
1786591367.531343,7945.6,1588.5,5609.0,15143.0,1201.9
1786591367.631289,7945.6,1191.4,5609.0,14745.9,1201.9
1786591367.730996,7945.6,1191.4,5508.8,14645.8,1201.9
1786591367.831128,7945.6,1191.4,5508.8,14645.8,1201.9
1786591367.931019,7945.6,794.2,5508.8,14248.6,1201.9
1786591368.031016,7945.6,794.2,5508.8,14248.6,1201.9
1786591368.131313,7945.6,794.2,5508.8,14248.6,1201.9
1786591368.230999,7945.6,794.2,5508.8,14248.6,1201.9
1786591368.330994,7945.6,794.2,5508.8,14248.6,1201.9
1786591368.431057,7945.6,794.2,5508.8,14248.6,1201.9
1786591368.530999,7945.6,794.2,5508.8,14248.6,1201.9
1786591368.631063,7945.6,794.2,5508.8,14248.6,1201.9
1786591368.731216,7945.6,794.2,5508.8,14248.6,1201.9
1786591368.831184,7945.6,794.2,5508.8,14248.6,1201.9
1786591368.930970,7945.6,794.2,5508.8,14248.6,1101.8
1786591369.031268,7945.6,794.2,5508.8,14248.6,1201.9
1786591369.130952,7945.6,794.2,5508.8,14248.6,1201.9
1786591369.231069,7945.6,794.2,5508.8,14248.6,1201.9
1786591369.330978,7945.6,794.2,5508.8,14248.6,1201.9
1786591369.431067,7945.6,397.1,5508.8,13851.5,1201.9
1786591369.531092,7945.6,397.1,5508.8,13851.5,1201.9
1786591369.631072,7945.6,397.1,5508.8,13851.5,1201.9
1786591369.731042,7945.6,397.1,5508.8,13851.5,1201.9
1786591369.831031,7945.6,397.1,5508.8,13851.5,1201.9
1786591369.931239,7945.6,794.2,5508.8,14248.6,1201.9
1786591370.030983,7945.6,397.1,5508.8,13851.5,1101.8
1786591370.130955,7945.6,397.1,5508.8,13851.5,1201.9
1786591370.230973,7945.6,397.1,5508.8,13851.5,1101.8
1786591370.330962,7945.6,397.1,5508.8,13851.5,1201.9
1786591370.431087,7945.6,397.1,5508.8,13851.5,1101.8
1786591370.531032,7945.6,397.1,5508.8,13851.5,1201.9
1786591370.631042,7945.6,397.1,5508.8,13851.5,1201.9
1786591370.731058,7945.6,397.1,5508.8,13851.5,1201.9
1786591370.831043,7945.6,397.1,5508.8,13851.5,1101.8
1786591370.931316,7945.6,397.1,5508.8,13851.5,1201.9
1786591371.031138,7945.6,397.1,5508.8,13851.5,1101.8
1786591371.130964,7945.6,397.1,5508.8,13851.5,1201.9
1786591371.230978,7945.6,397.1,5508.8,13851.5,1101.8
1786591371.330930,7945.6,397.1,5508.8,13851.5,1201.9
1786591371.431072,7945.6,397.1,5508.8,13851.5,1201.9
1786591371.531131,7945.6,397.1,5508.8,13851.5,1201.9
1786591371.631093,7945.6,397.1,5508.8,13851.5,1201.9
1786591371.730995,7945.6,397.1,5508.8,13851.5,1201.9
1786591371.830987,7945.6,397.1,5508.8,13851.5,1201.9
1786591371.931252,7945.6,794.2,5508.8,14248.6,1101.8
1786591372.030986,7945.6,397.1,5508.8,13851.5,1201.9
1786591372.130997,7945.6,397.1,5508.8,13851.5,1201.9
1786591372.230989,7945.6,397.1,5508.8,13851.5,1201.9
1786591372.330956,7945.6,397.1,5508.8,13851.5,1201.9
1786591372.431314,7945.6,397.1,5508.8,13851.5,1201.9
1786591372.531238,7945.6,794.2,5508.8,14248.6,1201.9
1786591372.631231,7945.6,794.2,5508.8,14248.6,1201.9
1786591372.731668,7945.6,1191.4,5609.0,14745.9,1201.9
1786591372.831259,7945.6,1191.4,5609.0,14745.9,1201.9
1786591372.930974,7945.6,1191.4,5609.0,14745.9,1201.9
1786591373.030977,7945.6,794.2,5508.8,14248.6,1201.9
1786591373.130951,7945.6,794.2,5508.8,14248.6,1201.9
1786591373.231284,7945.6,794.2,5508.8,14248.6,1201.9
1786591373.331054,7945.6,794.2,5508.8,14248.6,1201.9
1786591373.431043,7945.6,794.2,5508.8,14248.6,1201.9
1786591373.531099,7945.6,794.2,5508.8,14248.6,1201.9
1786591373.631023,7945.6,794.2,5508.8,14248.6,1201.9
1786591373.730972,7945.6,794.2,5508.8,14248.6,1201.9
1786591373.830971,7945.6,397.1,5508.8,13851.5,1201.9
1786591373.931100,7945.6,397.1,5508.8,13851.5,1101.8
1786591374.030997,7945.6,397.1,5508.8,13851.5,1201.9
1786591374.130981,7945.6,397.1,5508.8,13851.5,1101.8
1786591374.231028,7945.6,397.1,5508.8,13851.5,1201.9
1786591374.330993,7945.6,397.1,5508.8,13851.5,1101.8
1786591374.431089,7945.6,397.1,5508.8,13851.5,1101.8
1786591374.531038,7945.6,397.1,5508.8,13851.5,1201.9
1786591374.631052,7945.6,397.1,5508.8,13851.5,1101.8
1786591374.731042,7945.6,397.1,5508.8,13851.5,1201.9
1786591374.831056,7945.6,397.1,5508.8,13851.5,1201.9
1786591374.931012,7945.6,397.1,5508.8,13851.5,1201.9
1786591375.030991,7945.6,397.1,5508.8,13851.5,1201.9
1786591375.130985,7945.6,397.1,5508.8,13851.5,1201.9
1786591375.230993,7945.6,397.1,5508.8,13851.5,1201.9
1786591375.330992,7945.6,397.1,5508.8,13851.5,1201.9
1786591375.431267,7945.6,794.2,5508.8,14248.6,1201.9
1786591375.531205,7945.6,397.1,5508.8,13851.5,1201.9
1786591375.631039,7945.6,397.1,5508.8,13851.5,1201.9
1786591375.731012,7945.6,397.1,5508.8,13851.5,1101.8
1786591375.830986,7945.6,397.1,5508.8,13851.5,1201.9
1786591375.931064,7945.6,397.1,5508.8,13851.5,1201.9
1786591376.030989,7945.6,397.1,5508.8,13851.5,1201.9
1786591376.130988,7945.6,397.1,5508.8,13851.5,1201.9
1786591376.231020,7945.6,397.1,5508.8,13851.5,1101.8
1786591376.330978,7945.6,397.1,5508.8,13851.5,1201.9
1786591376.430980,7945.6,397.1,5508.8,13851.5,1101.8
1786591376.531112,7945.6,397.1,5508.8,13851.5,1101.8
1786591376.631068,7945.6,397.1,5508.8,13851.5,1201.9
1786591376.731055,7945.6,397.1,5508.8,13851.5,1101.8
1786591376.831090,7945.6,397.1,5508.8,13851.5,1201.9
1786591376.930995,7945.6,397.1,5508.8,13851.5,1101.8
1786591377.030976,7945.6,397.1,5508.8,13851.5,1101.8
1786591377.130980,7945.6,397.1,5508.8,13851.5,1201.9
1786591377.231000,7945.6,397.1,5508.8,13851.5,1201.9
1786591377.330990,7945.6,397.1,5508.8,13851.5,1101.8
1786591377.431653,7945.6,397.1,5508.8,13851.5,1201.9
1786591377.531245,7945.6,397.1,5508.8,13851.5,1201.9
1786591377.631057,7945.6,397.1,5508.8,13851.5,1201.9
1786591377.730958,7945.6,397.1,5508.8,13851.5,1201.9
1786591377.830969,7945.6,397.1,5508.8,13851.5,1201.9
1786591377.931362,7945.6,397.1,5508.8,13851.5,1201.9
1786591378.031244,7942.4,793.9,5508.8,14245.1,1201.9
1786591378.131414,7942.4,793.9,5508.8,14245.1,1201.9
1786591378.231966,7942.4,1190.9,5609.0,14742.2,1201.9
1786591378.331269,7942.4,1190.9,5609.0,14742.2,1201.9
1786591378.430962,7945.6,793.9,5609.0,14348.5,1201.9
1786591378.530949,7945.6,793.9,5609.0,14348.5,1201.9
1786591378.630953,7945.6,793.9,5508.8,14248.3,1201.9
1786591378.731039,7945.6,793.9,5508.8,14248.3,1201.9
1786591378.831050,7945.6,794.2,5508.8,14248.6,1201.9
1786591378.930985,7945.6,794.2,5508.8,14248.6,1201.9
1786591379.031235,7945.6,794.2,5508.8,14248.6,1201.9
1786591379.131263,7945.6,794.2,5508.8,14248.6,1201.9
1786591379.230995,7945.6,794.2,5508.8,14248.6,1201.9
1786591379.330977,7945.6,794.2,5508.8,14248.6,1201.9
1786591379.430984,7945.6,794.2,5508.8,14248.6,1201.9
1786591379.531012,7945.6,794.2,5508.8,14248.6,1201.9
1786591379.631021,7945.6,397.1,5508.8,13851.5,1201.9
1786591379.731177,7945.6,794.2,5508.8,14248.6,1201.9
1786591379.830978,7945.6,794.2,5508.8,14248.6,1201.9
1786591379.931321,7945.6,794.2,5508.8,14248.6,1201.9
1786591380.031031,7945.6,794.2,5508.8,14248.6,1201.9
1786591380.131005,7945.6,397.1,5508.8,13851.5,1201.9
1786591380.231084,7945.6,397.1,5508.8,13851.5,1201.9
1786591380.331009,7945.6,397.1,5508.8,13851.5,1201.9
1786591380.431180,7945.6,397.1,5508.8,13851.5,1201.9
1786591380.531220,7945.6,794.2,5508.8,14248.6,1201.9
1786591380.631329,7945.6,794.2,5508.8,14248.6,1201.9
1786591380.731460,7945.6,1191.4,5609.0,14745.9,1201.9
1786591380.831280,7945.6,1191.4,5609.0,14745.9,1201.9
1786591380.930980,7945.6,794.2,5609.0,14348.8,1201.9
1786591381.030951,7945.6,794.2,5609.0,14348.8,1201.9
1786591381.130945,7945.6,794.2,5508.8,14248.6,1201.9
1786591381.230968,7945.6,794.2,5508.8,14248.6,1201.9
1786591381.331088,7945.6,794.2,5508.8,14248.6,1201.9
1786591381.431001,7945.6,794.2,5508.8,14248.6,1201.9
1786591381.531095,7945.6,794.2,5508.8,14248.6,1201.9
1786591381.631033,7945.6,794.2,5508.8,14248.6,1201.9
1786591381.731027,7945.6,794.2,5508.8,14248.6,1201.9
1786591381.831055,7945.6,397.1,5508.8,13851.5,1201.9
1786591381.931521,7945.6,794.2,5508.8,14248.6,1201.9
1786591382.031139,7945.6,794.2,5508.8,14248.6,1201.9
1786591382.131030,7945.6,794.2,5508.8,14248.6,1201.9
1786591382.231001,7945.6,397.1,5508.8,13851.5,1201.9
1786591382.331079,7945.6,397.1,5508.8,13851.5,1201.9
1786591382.431013,7945.6,397.1,5508.8,13851.5,1201.9
1786591382.531080,7945.6,397.1,5508.8,13851.5,1201.9
1786591382.630997,7945.6,397.1,5508.8,13851.5,1201.9
1786591382.731093,7945.6,397.1,5508.8,13851.5,1201.9
1786591382.831247,7945.6,397.1,5508.8,13851.5,1201.9
1786591382.931083,7945.6,397.1,5508.8,13851.5,1201.9
1786591383.031052,7945.6,397.1,5508.8,13851.5,1201.9
1786591383.131017,7945.6,397.1,5508.8,13851.5,1201.9
1786591383.230989,7945.6,397.1,5508.8,13851.5,1201.9
1786591383.331021,7945.6,397.1,5508.8,13851.5,1201.9
1786591383.431461,7945.6,794.2,5508.8,14248.6,1201.9
1786591383.531278,7945.6,794.2,5508.8,14248.6,1201.9
1786591383.631224,7945.6,794.2,5609.0,14348.8,1201.9
1786591383.731190,8342.9,1191.4,5609.0,15143.2,1201.9
1786591383.831525,8342.9,1588.5,5709.1,15640.5,1302.1
1786591383.931573,8342.9,1588.5,5709.1,15640.5,1302.1
1786591384.031317,8342.9,1588.5,5709.1,15640.5,1302.1
1786591384.130992,8342.9,1588.5,5609.0,15540.3,1302.1
1786591384.230985,8342.9,1191.4,5609.0,15143.2,1201.9
1786591384.332929,8342.9,1191.4,5609.0,15143.2,1302.1
1786591384.431407,8342.9,1588.5,5709.1,15640.5,1201.9
1786591384.531304,8342.9,1588.5,5609.0,15540.3,1201.9
1786591384.631007,7945.6,1191.4,5609.0,14745.9,1201.9
1786591384.731032,8342.9,1191.4,5609.0,15143.2,1201.9
1786591384.831045,7945.6,1191.4,5609.0,14745.9,1201.9
1786591384.930963,7945.6,794.2,5609.0,14348.8,1201.9
1786591385.030952,7945.6,794.2,5609.0,14348.8,1201.9
1786591385.130961,7945.6,794.2,5508.8,14248.6,1201.9
1786591385.230969,8342.9,794.2,5609.0,14746.1,1201.9
1786591385.330990,8342.9,794.2,5508.8,14645.9,1201.9
1786591385.431017,7945.6,794.2,5508.8,14248.6,1201.9
1786591385.531165,8342.9,794.2,5508.8,14645.9,1201.9
1786591385.631035,7945.6,397.1,5508.8,13851.5,1201.9
1786591385.730985,7945.6,397.1,5508.8,13851.5,1201.9
1786591385.831000,8342.9,397.1,5508.8,14248.8,1201.9
1786591385.931231,7945.6,794.2,5508.8,14248.6,1201.9
1786591386.031005,7945.6,397.1,5508.8,13851.5,1201.9
1786591386.131026,7945.6,397.1,5508.8,13851.5,1201.9
1786591386.231241,7945.6,794.2,5508.8,14248.6,1201.9
1786591386.330980,7945.6,397.1,5508.8,13851.5,1201.9
1786591386.430988,7945.6,397.1,5508.8,13851.5,1201.9
1786591386.531003,8342.9,397.1,5508.8,14248.8,1201.9
1786591386.631016,8342.9,397.1,5508.8,14248.8,1201.9
1786591386.731052,7945.6,397.1,5508.8,13851.5,1201.9
1786591386.831045,7945.6,397.1,5508.8,13851.5,1201.9
1786591386.930992,8342.9,397.1,5508.8,14248.8,1201.9
1786591387.031000,7945.6,397.1,5508.8,13851.5,1201.9
1786591387.131034,7945.6,397.1,5508.8,13851.5,1201.9
1786591387.230983,8342.9,397.1,5508.8,14248.8,1201.9
1786591387.330994,7945.6,397.1,5508.8,13851.5,1201.9
1786591387.431003,7945.6,397.1,5508.8,13851.5,1201.9
1786591387.531132,8342.9,397.1,5508.8,14248.8,1201.9
1786591387.631030,8342.9,397.1,5508.8,14248.8,1201.9
1786591387.730999,7945.6,397.1,5508.8,13851.5,1201.9
1786591387.831033,8342.9,397.1,5508.8,14248.8,1201.9
1786591387.931125,7945.6,397.1,5508.8,13851.5,1201.9
1786591388.031044,7945.6,397.1,5508.8,13851.5,1201.9
1786591388.131370,8342.9,397.1,5508.8,14248.8,1201.9
1786591388.231287,7945.6,794.2,5508.8,14248.6,1201.9
1786591388.330975,7945.6,794.2,5508.8,14248.6,1201.9
1786591388.431306,8342.9,794.2,5609.0,14746.1,1201.9
1786591388.531224,7945.6,794.2,5508.8,14248.6,1201.9
1786591388.631034,8342.9,794.2,5508.8,14645.9,1201.9
1786591388.731100,8342.9,397.1,5609.0,14349.0,1201.9
1786591388.831077,8342.9,794.2,5609.0,14746.1,1201.9
1786591388.931100,8342.9,794.2,5609.0,14746.1,1201.9
1786591389.031182,8342.9,794.2,5609.0,14746.1,1201.9
1786591389.131278,8342.9,1191.4,5609.0,15143.2,1201.9
1786591389.231349,8342.9,1191.4,5609.0,15143.2,1302.1
1786591389.331248,8342.9,1191.4,5609.0,15143.2,1201.9
1786591389.430992,8342.9,1191.4,5609.0,15143.2,1201.9
1786591389.531270,8342.9,794.2,5609.0,14746.1,1201.9
1786591389.631005,8342.9,794.2,5609.0,14746.1,1201.9
1786591389.730952,8342.9,794.2,5609.0,14746.1,1201.9
1786591389.830989,8342.9,794.2,5609.0,14746.1,1201.9
1786591389.931078,8342.9,794.2,5508.8,14645.9,1201.9
1786591390.030967,8342.9,794.2,5508.8,14645.9,1201.9
1786591390.130966,8342.9,794.2,5508.8,14645.9,1201.9
1786591390.230941,8342.9,397.1,5508.8,14248.8,1201.9
1786591390.330952,8342.9,397.1,5508.8,14248.8,1201.9
1786591390.431036,8342.9,397.1,5508.8,14248.8,1201.9
1786591390.531078,8342.9,397.1,5508.8,14248.8,1201.9
1786591390.631019,7945.6,397.1,5508.8,13851.5,1201.9
1786591390.731308,8342.9,794.2,5508.8,14645.9,1201.9
1786591390.831046,8342.9,397.1,5609.0,14349.0,1201.9
1786591390.931043,8342.9,397.1,5508.8,14248.8,1201.9
1786591391.030984,8342.9,397.1,5609.0,14349.0,1201.9
1786591391.130952,8342.9,397.1,5609.0,14349.0,1201.9
1786591391.230956,8342.9,397.1,5609.0,14349.0,1201.9
1786591391.330952,8342.9,397.1,5609.0,14349.0,1201.9
1786591391.430964,8342.9,397.1,5609.0,14349.0,1201.9
1786591391.531129,8342.9,397.1,5609.0,14349.0,1201.9
1786591391.631005,8342.9,397.1,5609.0,14349.0,1201.9
1786591391.730985,8342.9,397.1,5609.0,14349.0,1201.9
1786591391.831010,8342.9,397.1,5609.0,14349.0,1201.9
1786591391.931120,8342.9,397.1,5609.0,14349.0,1201.9
1786591392.030996,8342.9,397.1,5609.0,14349.0,1201.9
1786591392.131214,8342.9,397.1,5609.0,14349.0,1201.9
1786591392.231012,8342.9,397.1,5609.0,14349.0,1201.9
1786591392.331038,8342.9,397.1,5609.0,14349.0,1201.9
1786591392.431039,8342.9,397.1,5609.0,14349.0,1201.9
1786591392.531033,8342.9,397.1,5609.0,14349.0,1201.9
1786591392.631017,8342.9,397.1,5609.0,14349.0,1201.9
1786591392.730986,8342.9,397.1,5508.8,14248.8,1201.9
1786591392.831008,8342.9,397.1,5508.8,14248.8,1201.9
1786591392.931312,8342.9,397.1,5609.0,14349.0,1201.9
1786591393.031089,8342.9,397.1,5508.8,14248.8,1201.9
1786591393.130952,8342.9,397.1,5609.0,14349.0,1201.9
1786591393.230958,8342.9,397.1,5609.0,14349.0,1201.9
1786591393.330958,8342.9,397.1,5609.0,14349.0,1201.9
1786591393.430986,8342.9,397.1,5508.8,14248.8,1201.9
1786591393.531137,8342.9,397.1,5609.0,14349.0,1201.9
1786591393.631024,8342.9,397.1,5609.0,14349.0,1201.9
1786591393.730996,8342.9,397.1,5609.0,14349.0,1201.9
1786591393.831007,8342.9,397.1,5609.0,14349.0,1201.9
1786591393.931137,8342.9,397.1,5508.8,14248.8,1201.9
1786591394.031023,8342.9,397.1,5508.8,14248.8,1201.9
1786591394.131016,8342.9,397.1,5609.0,14349.0,1201.9
1786591394.231141,8342.9,397.1,5508.8,14248.8,1201.9
1786591394.331110,8342.9,397.1,5508.8,14248.8,1201.9
1786591394.431283,8342.9,397.1,5508.8,14248.8,1201.9
1786591394.531358,8342.9,794.2,5609.0,14746.1,1201.9
1786591394.631237,8342.9,794.2,5609.0,14746.1,1201.9
1786591394.731474,8342.9,1191.4,5609.0,15143.2,1201.9
1786591394.831250,8342.9,1191.4,5609.0,15143.2,1302.1
1786591394.930974,8342.9,794.2,5609.0,14746.1,1201.9
1786591395.030941,8342.9,794.2,5609.0,14746.1,1201.9
1786591395.130950,8342.9,794.2,5609.0,14746.1,1201.9
1786591395.231225,8342.9,794.2,5609.0,14746.1,1201.9
1786591395.330970,8342.9,794.2,5609.0,14746.1,1201.9
1786591395.430975,8342.9,794.2,5609.0,14746.1,1201.9
1786591395.531072,8342.9,794.2,5609.0,14746.1,1201.9
1786591395.631005,8342.9,794.2,5508.8,14645.9,1201.9
1786591395.731037,8342.9,794.2,5508.8,14645.9,1201.9
1786591395.831113,8342.9,397.1,5508.8,14248.8,1201.9
1786591395.931136,8342.9,397.1,5609.0,14349.0,1201.9
1786591396.031036,8342.9,397.1,5609.0,14349.0,1201.9
1786591396.131027,8342.9,397.1,5609.0,14349.0,1201.9
1786591396.231009,8342.9,397.1,5508.8,14248.8,1201.9
1786591396.330980,8342.9,397.1,5609.0,14349.0,1201.9
1786591396.431002,8342.9,397.1,5609.0,14349.0,1201.9
1786591396.531005,8342.9,397.1,5609.0,14349.0,1201.9
1786591396.631052,8342.9,397.1,5609.0,14349.0,1201.9
1786591396.731043,8342.9,397.1,5609.0,14349.0,1201.9
1786591396.831036,8342.9,397.1,5609.0,14349.0,1201.9
1786591396.930987,8342.9,397.1,5508.8,14248.8,1201.9
1786591397.030985,8342.9,397.1,5508.8,14248.8,1201.9
1786591397.130996,8342.9,397.1,5508.8,14248.8,1201.9
1786591397.231009,8342.9,397.1,5508.8,14248.8,1201.9
1786591397.331028,8342.9,397.1,5508.8,14248.8,1201.9
1786591397.431755,8342.9,397.1,5508.8,14248.8,1201.9
1786591397.531258,8342.9,397.1,5609.0,14349.0,1201.9
1786591397.631074,8342.9,397.1,5508.8,14248.8,1201.9
1786591397.730984,8342.9,397.1,5508.8,14248.8,1201.9
1786591397.830989,8342.9,397.1,5508.8,14248.8,1201.9
1786591397.931064,8342.9,397.1,5609.0,14349.0,1201.9
1786591398.030965,8342.9,397.1,5508.8,14248.8,1201.9
1786591398.131007,8342.9,397.1,5508.8,14248.8,1201.9
1786591398.231019,8342.9,397.1,5508.8,14248.8,1201.9
1786591398.331101,8342.9,397.1,5508.8,14248.8,1201.9
1786591398.431007,8342.9,397.1,5508.8,14248.8,1201.9
1786591398.531006,8342.9,397.1,5609.0,14349.0,1201.9
1786591398.631044,8342.9,397.1,5508.8,14248.8,1201.9
1786591398.731044,8342.9,397.1,5508.8,14248.8,1201.9
1786591398.831063,8342.9,397.1,5609.0,14349.0,1201.9
1786591398.930993,8342.9,397.1,5508.8,14248.8,1201.9
1786591399.030987,8342.9,397.1,5508.8,14248.8,1201.9
1786591399.131221,8342.9,794.2,5609.0,14746.1,1201.9
1786591399.231245,8342.9,794.2,5609.0,14746.1,1201.9
1786591399.330986,8342.9,794.2,5609.0,14746.1,1201.9
1786591399.431056,8342.9,397.1,5609.0,14349.0,1201.9
1786591399.531099,8342.9,397.1,5609.0,14349.0,1201.9
1786591399.631007,8342.9,397.1,5609.0,14349.0,1201.9
1786591399.731220,8342.9,794.2,5609.0,14746.1,1201.9
1786591399.831011,8342.9,794.2,5609.0,14746.1,1201.9
1786591399.931297,8342.9,794.2,5609.0,14746.1,1201.9
1786591400.031168,8342.9,794.2,5609.0,14746.1,1201.9
1786591400.131227,8342.9,794.2,5609.0,14746.1,1201.9
1786591400.231355,8342.9,1191.4,5609.0,15143.2,1201.9
1786591400.331251,8342.9,1191.4,5609.0,15143.2,1302.1
1786591400.430982,8342.9,1191.4,5609.0,15143.2,1201.9
1786591400.530984,8342.9,794.2,5609.0,14746.1,1201.9
1786591400.630999,8342.9,794.2,5609.0,14746.1,1201.9
1786591400.731002,8342.9,794.2,5609.0,14746.1,1201.9
1786591400.831080,8342.9,794.2,5609.0,14746.1,1201.9
1786591400.931029,8342.9,794.2,5609.0,14746.1,1201.9
1786591401.031006,8342.9,794.2,5609.0,14746.1,1201.9
1786591401.130977,8342.9,794.2,5609.0,14746.1,1201.9
1786591401.230982,8342.9,794.2,5609.0,14746.1,1201.9
1786591401.330985,8342.9,397.1,5609.0,14349.0,1201.9
1786591401.431007,8342.9,397.1,5609.0,14349.0,1201.9
1786591401.531142,8342.9,397.1,5609.0,14349.0,1201.9
1786591401.631040,8342.9,397.1,5609.0,14349.0,1201.9
1786591401.731004,8342.9,397.1,5609.0,14349.0,1201.9
1786591401.831018,8342.9,397.1,5609.0,14349.0,1201.9
1786591401.931576,8342.9,794.2,5609.0,14746.1,1201.9
1786591402.031217,8342.9,794.2,5609.0,14746.1,1201.9
1786591402.131016,8342.9,794.2,5609.0,14746.1,1201.9
1786591402.231056,8342.9,794.2,5609.0,14746.1,1201.9
1786591402.331019,8342.9,397.1,5609.0,14349.0,1201.9
1786591402.431126,8342.9,397.1,5609.0,14349.0,1201.9
1786591402.531077,8342.9,397.1,5609.0,14349.0,1201.9
1786591402.631063,8342.9,397.1,5609.0,14349.0,1201.9
1786591402.731061,8342.9,397.1,5609.0,14349.0,1201.9
1786591402.831075,8342.9,397.1,5609.0,14349.0,1201.9
1786591402.931044,8342.9,397.1,5609.0,14349.0,1201.9
1786591403.031033,8342.9,397.1,5609.0,14349.0,1201.9
1786591403.131017,8342.9,397.1,5609.0,14349.0,1201.9
1786591403.231041,8342.9,397.1,5508.8,14248.8,1201.9
1786591403.330971,8342.9,397.1,5508.8,14248.8,1201.9
1786591403.431000,8342.9,397.1,5609.0,14349.0,1201.9
1786591403.531142,8342.9,397.1,5609.0,14349.0,1201.9
1786591403.631114,8342.9,397.1,5609.0,14349.0,1201.9
1786591403.731018,8342.9,397.1,5609.0,14349.0,1201.9
1786591403.831036,8342.9,397.1,5609.0,14349.0,1201.9
1786591403.931749,8342.9,794.2,5609.0,14746.1,1201.9
1786591404.031270,8342.9,794.2,5609.0,14746.1,1201.9
1786591404.131013,8342.9,794.2,5609.0,14746.1,1201.9
1786591404.231251,8342.9,794.2,5609.0,14746.1,1201.9
1786591404.330983,8342.9,794.2,5609.0,14746.1,1201.9
1786591404.430967,8342.9,794.2,5609.0,14746.1,1201.9
1786591404.530966,8342.9,794.2,5609.0,14746.1,1201.9
1786591404.631017,8342.9,397.1,5609.0,14349.0,1201.9
1786591404.731112,8342.9,397.1,5508.8,14248.8,1201.9
1786591404.831029,8342.9,397.1,5609.0,14349.0,1201.9
1786591404.930959,8342.9,397.1,5609.0,14349.0,1201.9
1786591405.030967,8342.9,397.1,5609.0,14349.0,1201.9
1786591405.130945,8342.9,397.1,5508.8,14248.8,1201.9
1786591405.230994,8342.9,397.1,5508.8,14248.8,1201.9
1786591405.331043,8342.9,397.1,5508.8,14248.8,1201.9
1786591405.431429,8342.9,397.1,5609.0,14349.0,1201.9
1786591405.531486,8342.9,794.2,5609.0,14746.1,1201.9
1786591405.631224,8342.9,794.2,5609.0,14746.1,1201.9
1786591405.731325,8342.9,1191.4,5609.0,15143.2,1201.9
1786591405.831306,8342.9,1191.4,5709.1,15243.4,1302.1
1786591405.931486,8342.9,1191.4,5609.0,15143.2,1201.9
1786591406.031188,8342.9,1191.4,5609.0,15143.2,1201.9
1786591406.131008,8342.9,794.2,5609.0,14746.1,1201.9
1786591406.231300,8342.9,794.2,5609.0,14746.1,1201.9
1786591406.330999,8342.9,794.2,5609.0,14746.1,1201.9
1786591406.431634,8342.9,794.2,5609.0,14746.1,1201.9
1786591406.531294,8342.9,794.2,5609.0,14746.1,1201.9
1786591406.631026,8342.9,794.2,5609.0,14746.1,1201.9
1786591406.731111,8342.9,794.2,5609.0,14746.1,1201.9
1786591406.831178,8342.9,794.2,5609.0,14746.1,1201.9
1786591406.931518,8342.9,1191.4,5709.1,15243.4,1302.1
1786591407.031607,8342.9,1191.4,5709.1,15243.4,1302.1
1786591407.131243,8342.9,1191.4,5709.1,15243.4,1201.9
1786591407.230999,8342.9,1191.4,5609.0,15143.2,1201.9
1786591407.330965,8342.9,794.2,5609.0,14746.1,1201.9
1786591407.432708,8342.9,1191.4,5709.1,15243.4,1302.1
1786591407.531326,8342.9,1191.4,5709.1,15243.4,1302.1
1786591407.631360,8342.9,1191.4,5709.1,15243.4,1201.9
1786591407.731027,8342.9,1191.4,5709.1,15243.4,1201.9
1786591407.831055,8342.9,1191.4,5609.0,15143.2,1201.9
1786591407.931187,8342.9,794.2,5609.0,14746.1,1201.9
1786591408.031049,8342.9,794.2,5609.0,14746.1,1201.9
1786591408.131018,8342.9,794.2,5609.0,14746.1,1201.9
1786591408.231284,8342.9,794.2,5609.0,14746.1,1201.9
1786591408.331316,8342.9,794.2,5609.0,14746.1,1201.9
1786591408.431034,8342.9,794.2,5609.0,14746.1,1201.9
1786591408.531016,8342.9,794.2,5609.0,14746.1,1201.9
1786591408.630921,8342.9,794.2,5609.0,14746.1,1201.9
1786591408.731538,8342.9,794.2,5609.0,14746.1,1201.9
1786591408.831135,8342.9,794.2,5609.0,14746.1,1201.9
1786591408.930983,8342.9,794.2,5609.0,14746.1,1201.9
1786591409.030957,8342.9,794.2,5609.0,14746.1,1201.9
1786591409.130965,8342.9,397.1,5609.0,14349.0,1201.9
1786591409.231261,8342.9,794.2,5609.0,14746.1,1201.9
1786591409.330963,8342.9,794.2,5609.0,14746.1,1201.9
1786591409.430960,8342.9,794.2,5609.0,14746.1,1201.9
1786591409.531074,8342.9,397.1,5609.0,14349.0,1201.9
1786591409.630977,8342.9,397.1,5609.0,14349.0,1201.9
1786591409.731048,8342.9,397.1,5609.0,14349.0,1201.9
1786591409.831029,8342.9,397.1,5609.0,14349.0,1201.9
1786591409.931081,8342.9,397.1,5609.0,14349.0,1201.9
1786591410.030966,8342.9,397.1,5609.0,14349.0,1201.9
1786591410.130985,8342.9,397.1,5609.0,14349.0,1201.9
1786591410.231004,8342.9,397.1,5609.0,14349.0,1201.9
1786591410.331001,8342.9,397.1,5609.0,14349.0,1201.9
1786591410.431019,8342.9,397.1,5609.0,14349.0,1201.9
1786591410.531005,8342.9,397.1,5609.0,14349.0,1201.9
1786591410.630973,8342.9,397.1,5609.0,14349.0,1201.9
1786591410.731011,8342.9,397.1,5609.0,14349.0,1201.9
1786591410.831037,8342.9,397.1,5609.0,14349.0,1201.9
1786591410.931378,8342.9,397.1,5609.0,14349.0,1201.9
1786591411.031255,8342.9,794.2,5609.0,14746.1,1201.9
1786591411.131222,8342.9,794.2,5609.0,14746.1,1201.9
1786591411.231506,8342.9,1191.4,5609.0,15143.2,1201.9
1786591411.331322,8342.9,1191.4,5709.1,15243.4,1302.1
1786591411.431026,8342.9,1191.4,5609.0,15143.2,1302.1
1786591411.531095,8342.9,794.2,5609.0,14746.1,1201.9
1786591411.631027,8342.9,794.2,5609.0,14746.1,1201.9
1786591411.731033,8342.9,794.2,5609.0,14746.1,1201.9
1786591411.831125,8342.9,794.2,5609.0,14746.1,1201.9
1786591411.931249,8342.9,794.2,5609.0,14746.1,1201.9
1786591412.030994,8342.9,794.2,5609.0,14746.1,1201.9
1786591412.130961,8342.9,794.2,5609.0,14746.1,1201.9
1786591412.231015,8342.9,397.1,5609.0,14349.0,1201.9
1786591412.330985,8342.9,397.1,5609.0,14349.0,1201.9
1786591412.430984,8342.9,397.1,5609.0,14349.0,1201.9
1786591412.531038,8342.9,397.1,5609.0,14349.0,1201.9
1786591412.630985,8342.9,397.1,5609.0,14349.0,1201.9
1786591412.731335,8342.9,794.2,5609.0,14746.1,1201.9
1786591412.831240,8342.9,794.2,5609.0,14746.1,1201.9
1786591412.931299,8342.9,1191.4,5609.0,15143.2,1201.9
1786591413.031449,8342.9,1191.4,5609.0,15143.2,1302.1
1786591413.131253,8342.9,1191.4,5609.0,15143.2,1201.9
1786591413.231229,8342.9,794.2,5609.0,14746.1,1201.9
1786591413.330996,8342.9,794.2,5609.0,14746.1,1201.9
1786591413.430987,8342.9,794.2,5609.0,14746.1,1201.9
1786591413.531160,8342.9,794.2,5609.0,14746.1,1201.9
1786591413.631047,8342.9,794.2,5609.0,14746.1,1201.9
1786591413.731040,8342.9,794.2,5609.0,14746.1,1201.9
1786591413.831051,8342.9,794.2,5609.0,14746.1,1201.9
1786591413.931461,8342.9,794.2,5609.0,14746.1,1201.9
1786591414.031185,8342.9,794.2,5609.0,14746.1,1201.9
1786591414.131058,8342.9,794.2,5609.0,14746.1,1201.9
1786591414.230976,8342.9,794.2,5609.0,14746.1,1201.9
1786591414.330967,8342.9,794.2,5609.0,14746.1,1201.9
1786591414.430977,8342.9,794.2,5609.0,14746.1,1201.9
1786591414.531055,8342.9,397.1,5609.0,14349.0,1201.9
1786591414.631064,8342.9,397.1,5609.0,14349.0,1201.9
1786591414.731091,8342.9,397.1,5609.0,14349.0,1201.9
1786591414.831174,8342.9,397.1,5609.0,14349.0,1201.9
1786591414.930988,8342.9,397.1,5609.0,14349.0,1201.9
1786591415.031024,8342.9,397.1,5609.0,14349.0,1201.9
1786591415.131083,8342.9,397.1,5609.0,14349.0,1201.9
1786591415.230985,8342.9,397.1,5609.0,14349.0,1201.9
1786591415.330989,8342.9,397.1,5609.0,14349.0,1201.9
1786591415.431387,8342.9,397.1,5609.0,14349.0,1201.9
1786591415.531260,8342.9,397.1,5609.0,14349.0,1201.9
1786591415.630997,8342.9,397.1,5609.0,14349.0,1201.9
1786591415.731026,8342.9,397.1,5609.0,14349.0,1201.9
1786591415.831026,8342.9,397.1,5609.0,14349.0,1201.9
1786591415.931177,8342.9,397.1,5609.0,14349.0,1201.9
1786591416.031003,8342.9,397.1,5609.0,14349.0,1201.9
1786591416.131087,8342.9,397.1,5609.0,14349.0,1201.9
1786591416.231019,8342.9,397.1,5609.0,14349.0,1201.9
1786591416.331011,8342.9,397.1,5609.0,14349.0,1201.9
1786591416.431289,8342.9,397.1,5609.0,14349.0,1201.9
1786591416.531218,8342.9,794.2,5609.0,14746.1,1201.9
1786591416.631326,8342.9,794.2,5709.1,14846.2,1302.1
1786591416.731402,8342.9,1191.4,5709.1,15243.4,1302.1
1786591416.831288,8342.9,1191.4,5709.1,15243.4,1302.1
1786591416.931006,8342.9,1191.4,5709.1,15243.4,1201.9
1786591417.031092,8342.9,794.2,5609.0,14746.1,1201.9
1786591417.131068,8342.9,794.2,5609.0,14746.1,1201.9
1786591417.230963,8342.9,794.2,5609.0,14746.1,1201.9
1786591417.330960,8342.9,794.2,5609.0,14746.1,1201.9
1786591417.430958,8342.9,794.2,5609.0,14746.1,1201.9
1786591417.531086,8342.9,794.2,5609.0,14746.1,1201.9
1786591417.630995,8342.9,794.2,5609.0,14746.1,1201.9
1786591417.731325,8342.9,794.2,5609.0,14746.1,1201.9
1786591417.830985,8342.9,794.2,5609.0,14746.1,1201.9
1786591417.931273,8342.9,794.2,5609.0,14746.1,1201.9
1786591418.031223,8342.9,794.2,5609.0,14746.1,1201.9
1786591418.131021,8342.9,794.2,5609.0,14746.1,1201.9
1786591418.230958,8342.9,794.2,5609.0,14746.1,1201.9
1786591418.331011,8342.9,794.2,5609.0,14746.1,1201.9
1786591418.431023,8342.9,794.2,5609.0,14746.1,1201.9
1786591418.531008,8342.9,397.1,5609.0,14349.0,1201.9
1786591418.630993,8342.9,397.1,5609.0,14349.0,1201.9
1786591418.731043,8342.9,397.1,5609.0,14349.0,1201.9
1786591418.831021,8342.9,397.1,5609.0,14349.0,1201.9
1786591418.930996,8342.9,397.1,5609.0,14349.0,1201.9
1786591419.030958,8342.9,397.1,5609.0,14349.0,1201.9
1786591419.131038,8342.9,397.1,5609.0,14349.0,1201.9
1786591419.231551,8342.9,794.2,5609.0,14746.1,1201.9
1786591419.331236,8342.9,794.2,5609.0,14746.1,1201.9
1786591419.430959,8342.9,794.2,5609.0,14746.1,1201.9
1786591419.530977,8342.9,794.2,5609.0,14746.1,1201.9
1786591419.631005,8342.9,794.2,5609.0,14746.1,1201.9
1786591419.731017,8342.9,397.1,5609.0,14349.0,1201.9
1786591419.831019,8342.9,397.0,5609.0,14348.8,1201.9
1786591419.931509,8342.9,397.0,5609.0,14348.8,1201.9
1786591420.031298,8342.9,793.9,5609.0,14745.8,1201.9
1786591420.131090,8342.9,397.1,5609.0,14349.0,1201.9
1786591420.231020,8342.9,397.1,5609.0,14349.0,1201.9
1786591420.330996,8342.9,397.1,5609.0,14349.0,1201.9
1786591420.431030,8342.9,397.1,5609.0,14349.0,1201.9
1786591420.531007,8342.9,397.1,5609.0,14349.0,1201.9
1786591420.631066,8342.9,397.1,5609.0,14349.0,1201.9
1786591420.731006,8342.9,397.1,5609.0,14349.0,1201.9
1786591420.831085,8342.9,397.0,5609.0,14348.8,1201.9
1786591420.931103,8342.9,397.0,5609.0,14348.8,1201.9
1786591421.030963,8339.5,397.0,5609.0,14345.4,1201.9
1786591421.131031,8339.5,397.0,5609.0,14345.4,1201.9
1786591421.230991,8339.5,397.0,5609.0,14345.4,1201.9
1786591421.330975,8339.5,397.0,5609.0,14345.4,1201.9
1786591421.431033,8339.5,397.0,5609.0,14345.4,1201.9
1786591421.531080,8339.5,397.0,5609.0,14345.4,1201.9
1786591421.630979,8339.5,397.0,5609.0,14345.4,1201.9
1786591421.730988,8339.5,397.0,5609.0,14345.4,1201.9
1786591421.830997,8339.5,397.0,5609.0,14345.4,1201.9
1786591421.931203,8339.5,397.0,5609.0,14345.4,1201.9
1786591422.031282,8736.6,793.9,5709.1,15239.7,1302.1
1786591422.131253,8736.6,1190.9,5709.1,15636.6,1302.1
1786591422.231481,8339.5,1190.9,5709.1,15239.5,1302.1
1786591422.331322,8339.5,1190.9,5709.1,15239.5,1302.1
1786591422.430979,8342.9,1190.9,5709.1,15242.9,1302.1
1786591422.530988,8342.9,793.9,5709.1,14845.9,1201.9
1786591422.630952,8342.9,793.9,5609.0,14745.8,1201.9
1786591422.731033,8339.5,793.9,5609.0,14742.4,1201.9
1786591422.830965,8339.5,793.9,5609.0,14742.4,1201.9
1786591422.930961,8342.9,793.9,5609.0,14745.8,1201.9
1786591423.030953,8342.9,794.2,5609.0,14746.1,1201.9
1786591423.131087,8342.9,794.2,5609.0,14746.1,1201.9
1786591423.231001,8342.9,794.2,5609.0,14746.1,1201.9
1786591423.330987,8342.9,397.1,5609.0,14349.0,1201.9
1786591423.431038,8342.9,397.1,5609.0,14349.0,1201.9
1786591423.531004,8342.9,397.1,5609.0,14349.0,1201.9
1786591423.631038,8342.9,397.1,5609.0,14349.0,1201.9
1786591423.730987,8342.9,397.1,5609.0,14349.0,1201.9
1786591423.831000,8342.9,397.1,5609.0,14349.0,1201.9
1786591423.931046,8342.9,397.1,5609.0,14349.0,1201.9
1786591424.031024,8342.9,397.1,5609.0,14349.0,1201.9
1786591424.131041,8342.9,397.1,5609.0,14349.0,1201.9
1786591424.231004,8342.9,397.1,5609.0,14349.0,1201.9
1786591424.330981,8342.9,397.1,5609.0,14349.0,1201.9
1786591424.431733,8342.9,397.1,5609.0,14349.0,1201.9
1786591424.531235,8342.9,397.1,5609.0,14349.0,1201.9
1786591424.631136,8342.9,397.1,5609.0,14349.0,1201.9
1786591424.731012,8342.9,397.1,5609.0,14349.0,1201.9
1786591424.831169,8342.9,397.1,5609.0,14349.0,1201.9
1786591424.931031,8342.9,397.1,5609.0,14349.0,1201.9
1786591425.031078,8342.9,397.1,5609.0,14349.0,1201.9
1786591425.131059,8342.9,397.1,5609.0,14349.0,1201.9
1786591425.230984,8342.9,397.1,5609.0,14349.0,1201.9
1786591425.331012,8342.9,397.1,5609.0,14349.0,1201.9
1786591425.431003,8342.9,397.1,5609.0,14349.0,1201.9
1786591425.531044,8342.9,397.1,5609.0,14349.0,1201.9
1786591425.631067,8342.9,397.1,5609.0,14349.0,1201.9
1786591425.731004,8342.9,397.1,5609.0,14349.0,1201.9
1786591425.830975,8342.9,397.0,5609.0,14348.8,1201.9
1786591425.931371,8342.9,397.0,5609.0,14348.8,1201.9
1786591426.031266,8342.9,793.9,5609.0,14745.8,1201.9
1786591426.131218,8342.9,793.9,5609.0,14745.8,1201.9
1786591426.231381,8342.9,1190.9,5709.1,15242.9,1302.1
1786591426.331333,8342.9,1190.9,5709.1,15242.9,1302.1
1786591426.431020,8342.9,793.9,5709.1,14845.9,1302.1
1786591426.531023,8342.9,793.9,5709.1,14845.9,1302.1
1786591426.631042,8342.9,794.2,5609.0,14746.1,1201.9
1786591426.731285,8342.9,794.2,5609.0,14746.1,1201.9
1786591426.830990,8342.9,794.2,5609.0,14746.1,1201.9
1786591426.931011,8342.9,794.2,5609.0,14746.1,1201.9
1786591427.030994,8342.9,794.2,5609.0,14746.1,1201.9
1786591427.131048,8342.9,794.2,5609.0,14746.1,1201.9
1786591427.230970,8342.9,794.2,5609.0,14746.1,1201.9
1786591427.331011,8342.9,397.1,5609.0,14349.0,1201.9
1786591427.431259,8342.9,397.1,5609.0,14349.0,1201.9
1786591427.531295,8342.9,794.2,5609.0,14746.1,1201.9
1786591427.631363,8740.2,794.2,5709.1,15243.5,1302.1
1786591427.731458,8740.2,1191.4,5709.1,15640.6,1302.1
1786591427.831213,8740.2,1191.4,5709.1,15640.6,1302.1
1786591427.930979,8342.9,1191.4,5709.1,15243.4,1201.9
1786591428.031071,8342.9,794.2,5609.0,14746.1,1201.9
1786591428.131023,8342.9,794.2,5609.0,14746.1,1201.9
1786591428.231002,8342.9,794.2,5609.0,14746.1,1201.9
1786591428.331617,8342.9,794.2,5609.0,14746.1,1201.9
1786591428.431182,8740.2,794.2,5709.1,15243.5,1201.9
1786591428.530962,8740.2,794.2,5609.0,15143.4,1201.9
1786591428.630958,8342.9,794.2,5609.0,14746.1,1201.9
1786591428.730971,8342.9,794.2,5609.0,14746.1,1201.9
1786591428.830986,8342.9,794.2,5609.0,14746.1,1201.9
1786591428.931353,8342.9,794.2,5609.0,14746.1,1201.9
1786591429.031128,8342.9,794.2,5609.0,14746.1,1201.9
1786591429.131058,8342.9,794.2,5609.0,14746.1,1201.9
1786591429.231185,8342.9,397.1,5609.0,14349.0,1201.9
1786591429.331317,8342.9,794.2,5609.0,14746.1,1201.9
1786591429.431226,8342.9,794.2,5609.0,14746.1,1201.9
1786591429.531077,8342.9,794.2,5609.0,14746.1,1201.9
1786591429.630979,8342.9,794.2,5609.0,14746.1,1201.9
1786591429.730967,8342.9,794.2,5609.0,14746.1,1201.9
1786591429.831326,8339.5,793.9,5609.0,14742.4,1302.1
1786591429.931303,8342.9,1190.9,5709.1,15242.9,1302.1
1786591430.031269,8740.2,1191.4,5709.1,15640.6,1302.1
1786591430.131023,8342.9,1191.4,5709.1,15243.4,1302.1
1786591430.230981,8342.9,794.2,5609.0,14746.1,1201.9
1786591430.331301,8740.2,1190.9,5709.1,15640.2,1302.1
1786591430.431575,8740.2,1190.9,5709.1,15640.2,1302.1
1786591430.531404,8740.2,1587.8,5809.3,16137.3,1302.1
1786591430.631081,8740.2,1191.4,5709.1,15640.6,1302.1
1786591430.731005,8740.2,1191.4,5709.1,15640.6,1302.1
1786591430.831004,8342.9,794.2,5709.1,14846.2,1302.1
1786591430.931007,8740.2,794.2,5709.1,15243.5,1302.1
1786591431.031005,8342.9,794.2,5709.1,14846.2,1302.1
1786591431.131024,8740.2,794.2,5709.1,15243.5,1302.1
1786591431.231278,8342.9,794.2,5709.1,14846.2,1302.1
1786591431.330980,8740.2,794.2,5709.1,15243.5,1302.1
1786591431.430967,8342.9,794.2,5709.1,14846.2,1302.1
1786591431.530974,8740.2,794.2,5709.1,15243.5,1302.1
1786591431.630990,8342.9,794.2,5709.1,14846.2,1302.1
1786591431.730998,8740.2,397.0,5709.1,14846.2,1302.1
1786591431.830991,8342.9,397.0,5709.1,14449.0,1302.1
1786591431.930995,8736.6,397.0,5709.1,14842.7,1302.1
1786591432.031119,8736.6,397.0,5709.1,14842.7,1302.1
1786591432.131037,8339.5,397.0,5709.1,14445.6,1302.1
1786591432.231022,8736.6,397.0,5709.1,14842.7,1302.1
1786591432.330997,8740.2,397.0,5709.1,14846.2,1302.1
1786591432.431294,8736.6,793.9,6009.6,15540.2,1502.4
1786591432.531085,9133.8,397.0,6410.2,15941.0,1802.9
1786591432.631007,8740.2,397.1,6310.1,15447.4,1702.7
1786591432.730996,8740.2,397.1,6109.8,15247.0,1502.4
1786591432.831129,8342.9,397.1,6009.6,14749.6,1502.4
1786591432.931283,8342.9,397.1,5909.4,14649.4,1402.2
1786591433.031247,8342.9,794.2,5909.4,15046.6,1402.2
1786591433.131337,8342.9,794.2,5809.3,14946.4,1402.2
1786591433.231446,8342.9,1191.4,5809.3,15343.5,1402.2
1786591433.331244,7945.6,1191.4,5809.3,14946.2,1402.2
1786591433.431012,7945.6,1191.4,5809.3,14946.2,1302.1
1786591433.531302,7945.6,794.2,5709.1,14449.0,1302.1
1786591433.630954,7945.6,794.2,5709.1,14449.0,1302.1
1786591433.730958,7945.6,794.2,5709.1,14449.0,1302.1
1786591433.830987,7945.6,794.2,5709.1,14449.0,1302.1
1786591433.931226,7945.6,794.2,5709.1,14449.0,1302.1
1786591434.031106,7945.6,794.2,5709.1,14449.0,1302.1
1786591434.131047,7945.6,794.2,5709.1,14449.0,1302.1
1786591434.231218,7945.6,794.2,5709.1,14449.0,1302.1
1786591434.330987,7945.6,794.2,5709.1,14449.0,1302.1
1786591434.431035,7945.6,397.1,5609.0,13951.7,1302.1
1786591434.530983,7945.6,397.1,5609.0,13951.7,1302.1
1786591434.631192,7945.6,397.1,5709.1,14051.8,1302.1
1786591434.731006,7945.6,397.0,5709.1,14051.7,1302.1
1786591434.831016,7945.6,397.0,5709.1,14051.7,1302.1
1786591434.931263,7945.6,397.0,5709.1,14051.7,1302.1
1786591435.031012,8342.9,397.0,5709.1,14449.0,1302.1
1786591435.131032,8342.9,397.0,5709.1,14449.0,1302.1
1786591435.230984,8342.9,397.0,5709.1,14449.0,1302.1
1786591435.331257,8342.9,397.1,5709.1,14449.1,1302.1
1786591435.431422,8342.9,397.1,5709.1,14449.1,1302.1
1786591435.531306,8342.9,397.1,5709.1,14449.1,1302.1
1786591435.630974,8342.9,397.1,5709.1,14449.1,1302.1
1786591435.731260,8342.9,397.1,5709.1,14449.1,1302.1
1786591435.831010,8342.9,397.1,5709.1,14449.1,1302.1
1786591435.931148,8342.9,397.1,5709.1,14449.1,1302.1
1786591436.031030,8342.9,397.1,5709.1,14449.1,1302.1
1786591436.131183,8342.9,397.1,5709.1,14449.1,1302.1
1786591436.230952,8342.9,397.1,5709.1,14449.1,1302.1
1786591436.331025,8342.9,397.1,5709.1,14449.1,1302.1
1786591436.431004,8342.9,397.1,5709.1,14449.1,1302.1
1786591436.531285,8342.9,397.1,5709.1,14449.1,1302.1
1786591436.631001,8342.9,397.1,5709.1,14449.1,1302.1
1786591436.730992,8342.9,397.1,5709.1,14449.1,1302.1
1786591436.831042,8342.9,397.1,5709.1,14449.1,1302.1
1786591436.931297,8342.9,397.1,5709.1,14449.1,1302.1
1786591437.031030,8342.9,397.1,5709.1,14449.1,1302.1
1786591437.131099,8342.9,397.1,5709.1,14449.1,1302.1
1786591437.230990,8342.9,397.1,5709.1,14449.1,1302.1
1786591437.331282,8342.9,397.1,5709.1,14449.1,1302.1
1786591437.431015,8342.9,397.1,5709.1,14449.1,1302.1
1786591437.531219,8342.9,397.0,5709.1,14449.0,1302.1
1786591437.631004,8342.9,397.1,5709.1,14449.1,1302.1
1786591437.731310,8342.9,793.9,5709.1,14845.9,1302.1
1786591437.831016,8342.9,397.1,5709.1,14449.1,1302.1
1786591437.930982,8342.9,397.0,5709.1,14449.0,1302.1
1786591438.031110,8342.9,397.1,5709.1,14449.1,1302.1
1786591438.131266,8342.9,793.9,5809.3,14946.1,1302.1
1786591438.230996,8342.9,397.0,5809.3,14549.1,1302.1
1786591438.330980,8342.9,397.0,5809.3,14549.1,1302.1
1786591438.431234,8342.9,793.9,5809.3,14946.1,1302.1
1786591438.531312,8736.6,793.9,5809.3,15339.8,1402.2
1786591438.631212,8740.2,793.9,5809.3,15343.4,1402.2
1786591438.731400,8736.6,1190.9,5809.3,15736.8,1402.2
1786591438.831181,8740.2,1191.4,5909.4,15841.0,1402.2
1786591438.931378,8740.2,1191.4,5909.4,15841.0,1402.2
1786591439.030976,8740.2,794.2,5809.3,15343.7,1402.2
1786591439.131035,8740.2,794.2,5809.3,15343.7,1402.2
1786591439.231006,8740.2,794.2,5809.3,15343.7,1402.2
1786591439.331275,8740.2,793.9,5809.3,15343.4,1402.2
1786591439.431304,8740.2,793.9,5809.3,15343.4,1402.2
1786591439.531011,8740.2,793.9,5809.3,15343.4,1402.2
1786591439.630930,8740.2,793.9,5809.3,15343.4,1402.2
1786591439.730963,8740.2,793.9,5809.3,15343.4,1402.2
1786591439.831260,8740.2,794.2,5809.3,15343.7,1402.2
1786591439.931350,8740.2,794.2,5809.3,15343.7,1402.2
1786591440.031270,8740.2,794.2,5809.3,15343.7,1402.2
1786591440.131070,8740.2,794.2,5809.3,15343.7,1402.2
1786591440.230982,8740.2,794.2,5809.3,15343.7,1402.2
1786591440.331301,8740.2,794.2,5809.3,15343.7,1402.2
1786591440.431031,8740.2,794.2,5809.3,15343.7,1402.2
1786591440.531112,8740.2,794.2,5809.3,15343.7,1402.2
1786591440.631101,8740.2,794.2,5809.3,15343.7,1402.2
1786591440.731508,8740.2,794.2,5909.4,15443.8,1402.2
1786591440.831001,8740.2,794.2,5909.4,15443.8,1402.2
1786591440.930960,8740.2,397.1,5909.4,15046.7,1402.2
1786591441.030960,8740.2,397.1,5809.3,14946.6,1402.2
1786591441.131089,8740.2,397.1,5809.3,14946.6,1402.2
1786591441.231256,8740.2,794.2,5909.4,15443.8,1402.2
1786591441.331009,8740.2,794.2,5809.3,15343.7,1402.2
1786591441.431040,8740.2,397.1,5809.3,14946.6,1402.2
1786591441.531043,8740.2,397.1,5909.4,15046.7,1402.2
1786591441.630982,8740.2,397.1,5909.4,15046.7,1402.2
1786591441.731277,8740.2,397.1,5909.4,15046.7,1402.2
1786591441.830997,8740.2,397.1,5909.4,15046.7,1402.2
1786591441.931010,8740.2,397.1,5909.4,15046.7,1402.2
1786591442.031097,8740.2,397.1,5909.4,15046.7,1402.2
1786591442.131152,8740.2,397.1,5909.4,15046.7,1402.2
1786591442.231273,8740.2,794.2,5909.4,15443.8,1402.2
1786591442.331221,8740.2,794.2,5909.4,15443.8,1402.2
1786591442.430969,8740.2,794.2,5909.4,15443.8,1402.2
1786591442.530976,8740.2,397.1,5909.4,15046.7,1402.2
1786591442.630997,8740.2,397.1,5909.4,15046.7,1402.2
1786591442.731239,8740.2,397.1,5909.4,15046.7,1402.2
1786591442.830983,8740.2,397.1,5909.4,15046.7,1402.2
1786591442.930986,8740.2,397.1,5909.4,15046.7,1402.2
1786591443.030989,8740.2,397.1,5909.4,15046.7,1402.2
1786591443.131103,8740.2,397.1,5909.4,15046.7,1402.2
1786591443.231226,8740.2,397.1,5909.4,15046.7,1402.2
1786591443.331010,8740.2,397.1,5909.4,15046.7,1402.2
1786591443.431021,8740.2,397.1,5909.4,15046.7,1402.2
1786591443.531267,8740.2,793.9,5909.4,15443.5,1402.2
1786591443.630956,9137.4,793.9,6009.6,15941.0,1502.4
1786591443.731213,9137.4,1190.9,6009.6,16337.9,1502.4
1786591443.831019,9137.4,794.2,6009.6,15941.3,1402.2
1786591443.931180,8740.2,794.2,6009.6,15544.0,1402.2
1786591444.031342,8740.2,1191.4,6009.6,15941.1,1402.2
1786591444.131243,8740.2,1191.4,6009.6,15941.1,1402.2
1786591444.231317,9137.4,1191.4,6009.6,16338.4,1502.4
1786591444.331255,9137.4,1191.4,6009.6,16338.4,1502.4
1786591444.430987,9137.4,1191.4,6009.6,16338.4,1502.4
1786591444.530971,9137.4,1191.4,6009.6,16338.4,1402.2
1786591444.630940,9137.4,794.2,6009.6,15941.3,1402.2
1786591444.731304,9137.4,794.2,6009.6,15941.3,1402.2
1786591444.831004,9137.4,794.2,5909.4,15841.1,1402.2
1786591444.931010,9137.4,794.2,5909.4,15841.1,1402.2
1786591445.030993,9137.4,794.2,5909.4,15841.1,1402.2
1786591445.131114,9137.4,794.2,5909.4,15841.1,1402.2
1786591445.231272,9137.4,793.9,5909.4,15840.8,1402.2
1786591445.331031,9137.4,793.9,5909.4,15840.8,1402.2
1786591445.431034,9137.4,793.9,6009.6,15941.0,1402.2
1786591445.531148,9133.8,793.9,6009.6,15937.3,1402.2
1786591445.631154,9133.8,793.9,6209.9,16137.6,1602.6
1786591445.731012,9530.9,793.9,6610.6,16935.4,1900.0
1786591445.831261,9137.4,794.2,6610.6,16542.2,1900.0
1786591445.931073,9133.8,793.9,6911.0,16838.7,2100.0
1786591446.031337,9137.4,794.2,6810.9,16742.6,2000.0
1786591446.131068,9137.4,794.2,7111.4,17043.0,2200.0
1786591446.231254,9137.4,794.2,7011.2,16942.9,2100.0
1786591446.331193,9137.4,794.2,7211.5,17143.2,2200.0
1786591446.431576,9137.4,794.2,7111.4,17043.0,2100.0
1786591446.531300,9137.4,793.9,7311.7,17243.0,2200.0
1786591446.631193,9137.4,794.2,7211.5,17143.2,2200.0
1786591446.731212,9137.4,793.9,7311.7,17243.0,2200.0
1786591446.831142,9137.4,794.2,7411.8,17343.5,2300.0
1786591446.931272,9137.4,794.2,7311.7,17243.4,2200.0
1786591447.031021,9534.7,794.2,7411.8,17740.8,2300.0
1786591447.131272,9137.4,794.2,7311.7,17243.4,2200.0
1786591447.231052,9137.4,794.2,7411.8,17343.5,2300.0
1786591447.331266,9137.4,794.2,7311.7,17243.4,2200.0
1786591447.431057,9137.4,793.9,7411.8,17343.2,2300.0
1786591447.531353,9137.4,794.2,7311.7,17243.4,2200.0
1786591447.631000,9137.4,793.9,7411.8,17343.2,2300.0
1786591447.731275,9137.4,794.2,7311.7,17243.4,2200.0
1786591447.830976,9137.4,793.9,7411.8,17343.2,2300.0
1786591447.931260,9137.4,794.2,7311.7,17243.4,2200.0
1786591448.031091,9137.4,794.2,7411.8,17343.5,2300.0
1786591448.131284,8740.2,794.2,7211.5,16745.9,2200.0
1786591448.231095,9137.4,793.9,7411.8,17343.2,2300.0
1786591448.331216,9137.4,794.2,7311.7,17243.4,2200.0
1786591448.431334,9137.4,793.9,7411.8,17343.2,2300.0
1786591448.531303,9137.4,794.2,7411.8,17343.5,2300.0
1786591448.631180,9137.4,793.9,7411.8,17343.2,2300.0
1786591448.731307,9133.8,793.9,7512.0,17439.7,2300.0
1786591448.831060,9137.4,793.9,7411.8,17343.2,2300.0
1786591448.930974,9137.4,794.2,7512.0,17443.7,2400.0
1786591449.031242,9137.4,794.2,7411.8,17343.5,2200.0
1786591449.131068,9137.4,794.2,7512.0,17443.7,2300.0
1786591449.231249,9137.4,794.2,7311.7,17243.4,2200.0
1786591449.331571,9137.4,794.2,7512.0,17443.7,2300.0
1786591449.431403,9137.4,794.2,7311.7,17243.4,2200.0
1786591449.531179,9137.4,1191.4,7512.0,17840.8,2300.0
1786591449.631253,9137.4,1191.4,7311.7,17640.5,2200.0
1786591449.731340,9137.4,1191.4,7512.0,17840.8,2400.0
1786591449.831227,9137.4,1191.4,7311.7,17640.5,2200.0
1786591449.930938,9137.4,1191.4,7512.0,17840.8,2300.0
1786591450.031301,9141.1,1191.4,7311.7,17644.2,2200.0
1786591450.131085,9137.4,1191.4,7411.8,17740.6,2300.0
1786591450.231113,9137.4,794.2,7311.7,17243.4,2200.0
1786591450.331182,9137.4,794.2,7411.8,17343.5,2300.0
1786591450.431100,9137.4,794.2,7411.8,17343.5,2300.0
1786591450.531214,9137.4,794.2,7411.8,17343.5,2300.0
1786591450.631031,9534.7,794.2,7512.0,17841.0,2300.0
1786591450.731207,9137.4,794.2,7411.8,17343.5,2200.0
1786591450.830966,9137.4,794.2,7512.0,17443.7,2300.0
1786591450.931610,9137.4,794.2,7311.7,17243.4,2200.0
1786591451.031206,9137.4,794.2,7512.0,17443.7,2300.0
1786591451.131181,9137.4,794.2,7311.7,17243.4,2200.0
1786591451.230981,9137.4,794.2,7411.8,17343.5,2300.0
1786591451.331235,9137.4,794.2,7311.7,17243.4,2200.0
1786591451.431042,9137.4,794.2,7411.8,17343.5,2300.0
1786591451.531276,9137.4,794.2,7311.7,17243.4,2200.0
1786591451.630989,9137.4,794.2,7411.8,17343.5,2300.0
1786591451.731251,9137.4,794.2,7311.7,17243.4,2200.0
1786591451.830987,9137.4,794.2,7411.8,17343.5,2300.0
1786591451.931356,9137.4,794.2,7211.5,17143.2,2200.0
1786591452.031225,9137.4,794.2,7411.8,17343.5,2300.0
1786591452.131294,9137.4,794.2,7311.7,17243.4,2200.0
1786591452.231221,9137.4,794.2,7411.8,17343.5,2300.0
1786591452.331143,9137.4,794.2,7411.8,17343.5,2300.0
1786591452.431186,9137.4,794.2,7411.8,17343.5,2300.0
1786591452.531417,9534.7,793.9,7512.0,17840.6,2300.0
1786591452.631287,9137.4,794.2,7411.8,17343.5,2300.0
1786591452.731035,9137.4,794.2,7512.0,17443.7,2300.0
1786591452.831217,9137.4,794.2,7311.7,17243.4,2200.0
1786591452.931839,9133.8,793.9,7512.0,17439.7,2400.0
1786591453.031590,9137.4,1191.4,7411.8,17740.6,2300.0
1786591453.131312,9137.4,1587.8,7512.0,18237.3,2400.0
1786591453.231266,9137.4,1191.4,7411.8,17740.6,2200.0
1786591453.330959,9137.4,1191.4,7512.0,17840.8,2300.0
1786591453.431582,9137.4,1191.4,7311.7,17640.5,2200.0
1786591453.531414,9133.8,1190.9,7512.0,17836.6,2400.0
1786591453.631602,9137.4,1588.5,7411.8,18137.8,2200.0
1786591453.731227,9137.4,1587.8,7512.0,18237.3,2300.0
1786591453.831108,9137.4,1191.4,7311.7,17640.5,2200.0
1786591453.931097,9137.4,1190.9,7411.8,17740.2,2300.0
1786591454.031187,9137.4,1191.4,7411.8,17740.6,2300.0
1786591454.131129,9137.4,793.9,7411.8,17343.2,2300.0
1786591454.231121,9137.4,794.2,7512.0,17443.7,2300.0
1786591454.331185,9137.4,794.2,7411.8,17343.5,2300.0
1786591454.431003,9534.7,793.9,7512.0,17840.6,2400.0
1786591454.531225,9137.4,793.9,7411.8,17343.2,2300.0
1786591454.630997,9137.4,793.9,7512.0,17443.4,2400.0
1786591454.731232,9137.4,793.9,7311.7,17243.0,2200.0
1786591454.831010,9133.8,793.9,7512.0,17439.7,2300.0
1786591454.931403,9137.4,793.9,7311.7,17243.0,2200.0
1786591455.031255,9133.8,793.9,7512.0,17439.7,2300.0
1786591455.131237,9137.4,1191.4,7311.7,17640.5,2200.0
1786591455.231519,9133.8,1190.9,7512.0,17836.6,2400.0
1786591455.331291,9137.4,1191.4,7411.8,17740.6,2300.0
1786591455.431063,9137.4,1190.9,7512.0,17840.3,2400.0
1786591455.531218,8740.2,1191.4,7311.7,17243.2,2200.0
1786591455.631024,9137.4,793.9,7411.8,17343.2,2300.0
1786591455.731236,9137.4,794.2,7311.7,17243.4,2200.0
1786591455.831131,9137.4,793.9,7411.8,17343.2,2300.0
1786591455.931083,9137.4,794.2,7411.8,17343.5,2300.0
1786591456.031254,9137.4,794.2,7411.8,17343.5,2300.0
1786591456.131084,9137.4,794.2,7411.8,17343.5,2300.0
1786591456.231174,9137.4,794.2,7411.8,17343.5,2300.0
1786591456.330990,9534.7,794.2,7512.0,17841.0,2300.0
1786591456.431262,9137.4,794.2,7411.8,17343.5,2300.0
1786591456.530993,9137.4,794.2,7512.0,17443.7,2300.0
1786591456.631243,9137.4,794.2,7311.7,17243.4,2200.0
1786591456.731012,9137.4,794.2,7512.0,17443.7,2300.0
1786591456.831232,9137.4,794.2,7311.7,17243.4,2200.0
1786591456.931000,9137.4,793.9,7411.8,17343.2,2300.0
1786591457.031254,9137.4,794.2,7311.7,17243.4,2200.0
1786591457.131006,9137.4,793.9,7411.8,17343.2,2300.0
1786591457.231218,8740.2,794.2,7311.7,16846.1,2200.0
1786591457.331004,9137.4,793.9,7411.8,17343.2,2300.0
1786591457.431718,8740.2,794.2,7311.7,16846.1,2200.0
1786591457.531348,9137.4,793.9,7411.8,17343.2,2300.0
1786591457.631284,9137.4,794.2,7311.7,17243.4,2200.0
1786591457.731207,9137.4,793.9,7411.8,17343.2,2300.0
1786591457.831155,9137.4,794.2,7411.8,17343.5,2300.0
1786591457.931234,9137.4,793.9,7411.8,17343.2,2300.0
1786591458.031219,9133.8,793.9,7411.8,17339.5,2300.0
1786591458.131218,9137.4,793.9,7411.8,17343.2,2300.0
1786591458.231359,9530.9,793.9,7512.0,17836.8,2400.0
1786591458.331230,9133.8,1190.9,7411.8,17736.5,2300.0
1786591458.431506,9530.9,1190.9,7512.0,18233.8,2400.0
1786591458.531328,9137.4,1191.4,7411.8,17740.6,2300.0
1786591458.631230,9534.7,1190.9,7512.0,18237.6,2400.0
1786591458.731222,9137.4,1191.4,7411.8,17740.6,2300.0
1786591458.830954,9137.4,793.9,7512.0,17443.4,2400.0
1786591458.931303,9137.4,794.2,7311.7,17243.4,2200.0
1786591459.031010,9133.8,793.9,7512.0,17439.7,2300.0
1786591459.131232,9137.4,794.2,7311.7,17243.4,2200.0
1786591459.231020,9137.4,793.9,7411.8,17343.2,2300.0
1786591459.331296,8740.2,794.2,7311.7,16846.1,2200.0
1786591459.431287,9137.4,793.9,7411.8,17343.2,2300.0
1786591459.531282,9137.4,794.2,7311.7,17243.4,2200.0
1786591459.631255,9137.4,793.9,7411.8,17343.2,2300.0
1786591459.731314,9137.4,794.2,7411.8,17343.5,2300.0
1786591459.831251,9133.8,793.9,7411.8,17339.5,2300.0
1786591459.931054,9530.9,793.9,7512.0,17836.8,2300.0
1786591460.031328,9133.8,793.9,7411.8,17339.5,2300.0
1786591460.131023,9133.8,793.9,7512.0,17439.7,2400.0
1786591460.231246,9137.4,793.9,7311.7,17243.0,2300.0
1786591460.331029,9133.8,793.9,7512.0,17439.7,2300.0
1786591460.431370,9137.4,794.2,7311.7,17243.4,2200.0
1786591460.531285,9133.8,793.9,7512.0,17439.7,2300.0
1786591460.631235,9137.4,1191.4,7311.7,17640.5,2200.0
1786591460.731315,9133.8,1190.9,7512.0,17836.6,2400.0
1786591460.831290,9137.4,1191.4,7411.8,17740.6,2300.0
1786591460.930988,9137.4,1190.9,7512.0,17840.3,2400.0
1786591461.031250,9137.4,1191.4,7311.7,17640.5,2200.0
1786591461.131001,9137.4,794.2,7411.8,17343.5,2300.0
1786591461.231224,9137.4,794.2,7311.7,17243.4,2200.0
1786591461.331090,9137.4,794.2,7411.8,17343.5,2300.0
1786591461.431395,9137.4,794.2,7311.7,17243.4,2200.0
1786591461.531314,9137.4,794.2,7411.8,17343.5,2300.0
1786591461.631114,9137.4,794.2,7411.8,17343.5,2300.0
1786591461.731166,9137.4,794.2,7411.8,17343.5,2300.0
1786591461.831037,9534.7,794.2,7512.0,17841.0,2400.0
1786591461.931412,9137.4,794.2,7411.8,17343.5,2300.0
1786591462.031259,9534.7,794.2,7512.0,17841.0,2400.0
1786591462.131249,9137.4,794.2,7411.8,17343.5,2300.0
1786591462.231003,9137.4,794.2,7512.0,17443.7,2300.0
1786591462.331285,9137.4,794.2,7311.7,17243.4,2200.0
1786591462.431051,9137.4,794.2,7512.0,17443.7,2300.0
1786591462.531311,9137.4,794.2,7311.7,17243.4,2200.0
1786591462.631023,9137.4,794.2,7411.8,17343.5,2300.0
1786591462.731242,9137.4,794.2,7311.7,17243.4,2200.0
1786591462.831003,9137.4,794.2,7411.8,17343.5,2300.0
1786591462.931283,8743.7,794.2,7311.7,16849.6,2200.0
1786591463.031001,9137.4,794.2,7411.8,17343.5,2300.0
1786591463.131218,9141.1,794.2,7311.7,17247.0,2200.0
1786591463.231098,9137.4,794.2,7411.8,17343.5,2300.0
1786591463.331141,9137.4,794.2,7411.8,17343.5,2200.0
1786591463.431218,9137.4,794.2,7411.8,17343.5,2300.0
1786591463.531278,9137.4,794.2,7411.8,17343.5,2300.0
1786591463.631243,9137.4,794.2,7411.8,17343.5,2300.0
1786591463.731066,9534.7,794.2,7512.0,17841.0,2400.0
1786591463.831247,9137.4,794.2,7411.8,17343.5,2300.0
1786591463.931012,9534.7,794.2,7512.0,17841.0,2400.0
1786591464.031312,9137.4,794.2,7311.7,17243.4,2200.0
1786591464.131025,9137.4,794.2,7512.0,17443.7,2300.0
1786591464.231284,9137.4,794.2,7311.7,17243.4,2200.0
1786591464.330999,9137.4,794.2,7512.0,17443.7,2300.0
1786591464.431253,9137.4,794.2,7311.7,17243.4,2200.0
1786591464.531043,9137.4,794.2,7411.8,17343.5,2300.0
1786591464.631306,9137.4,794.2,7311.7,17243.4,2200.0
1786591464.731189,9137.4,794.2,7411.8,17343.5,2300.0
1786591464.831281,8740.2,794.2,7311.7,16846.1,2200.0
1786591464.931034,9137.4,794.2,7411.8,17343.5,2300.0
1786591465.031265,9137.4,794.2,7311.7,17243.4,2200.0
1786591465.131150,9137.4,794.2,7411.8,17343.5,2300.0
1786591465.231221,9137.4,794.2,7311.7,17243.4,2200.0
1786591465.331220,9137.4,794.2,7411.8,17343.5,2300.0
1786591465.431176,9137.4,794.2,7411.8,17343.5,2300.0
1786591465.531276,9137.4,794.2,7411.8,17343.5,2300.0
1786591465.631044,9534.7,794.2,7512.0,17841.0,2300.0
1786591465.731249,9137.4,794.2,7311.7,17243.4,2200.0
1786591465.831003,9137.4,794.2,7512.0,17443.7,2300.0
1786591465.931329,9137.4,794.2,7311.7,17243.4,2200.0
1786591466.031218,9137.4,794.2,7512.0,17443.7,2300.0
1786591466.131271,9137.4,1191.4,7311.7,17640.5,2300.0
1786591466.231301,9137.4,1191.4,7512.0,17840.8,2400.0
1786591466.331268,9137.4,1191.4,7411.8,17740.6,2300.0
1786591466.431055,9137.4,1191.4,7512.0,17840.8,2400.0
1786591466.531222,9137.4,1191.4,7311.7,17640.5,2200.0
1786591466.631114,9137.4,1191.4,7512.0,17840.8,2300.0
1786591466.731276,9137.4,794.2,7311.7,17243.4,2200.0
1786591466.831001,9137.4,794.2,7411.8,17343.5,2300.0
1786591466.931216,9137.4,794.2,7311.7,17243.4,2200.0
1786591467.031146,9137.4,794.2,7411.8,17343.5,2300.0
1786591467.131138,9137.4,794.2,7411.8,17343.5,2300.0
1786591467.231142,9137.4,794.2,7411.8,17343.5,2300.0
1786591467.331113,9137.4,794.2,7411.8,17343.5,2300.0
1786591467.431187,9137.4,794.2,7411.8,17343.5,2300.0
1786591467.531127,9534.7,794.2,7512.0,17841.0,2400.0
1786591467.631290,9137.4,794.2,7411.8,17343.5,2300.0
1786591467.731013,9137.4,794.2,7512.0,17443.7,2400.0
1786591467.831229,9137.4,794.2,7311.7,17243.4,2200.0
1786591467.930999,9137.4,794.2,7512.0,17443.7,2300.0
1786591468.031307,9137.4,794.2,7311.7,17243.4,2200.0
1786591468.130990,9137.4,794.2,7512.0,17443.7,2300.0
1786591468.231234,9137.4,794.2,7311.7,17243.4,2200.0
1786591468.330997,9137.4,794.2,7512.0,17443.7,2300.0
1786591468.431527,8740.2,794.2,7311.7,16846.1,2200.0
1786591468.531310,9137.4,793.9,7512.0,17443.4,2300.0
1786591468.631280,8740.2,794.2,7311.7,16846.1,2200.0
1786591468.731024,9137.4,794.2,7512.0,17443.7,2300.0
1786591468.831142,9137.4,794.2,7411.8,17343.5,2200.0
1786591468.931112,9137.4,794.2,7411.8,17343.5,2300.0
1786591469.031130,9137.4,794.2,7411.8,17343.5,2300.0
1786591469.131242,9137.4,794.2,7411.8,17343.5,2300.0
1786591469.231235,9137.4,794.2,7512.0,17443.7,2300.0
1786591469.331177,9137.4,794.2,7411.8,17343.5,2300.0
1786591469.431472,9534.7,793.9,7512.0,17840.6,2400.0
1786591469.531339,9137.4,793.9,7411.8,17343.2,2300.0
1786591469.631358,9137.4,1190.9,7612.2,17940.5,2400.0
1786591469.731320,9137.4,1588.5,7512.0,18237.9,2300.0
1786591469.831104,9137.4,1191.4,7612.2,17941.0,2400.0
1786591469.931326,9137.4,1191.4,7411.8,17740.6,2300.0
1786591470.031805,9137.4,1190.9,7512.0,17840.3,2400.0
1786591470.131360,9137.4,1588.5,7411.8,18137.8,2300.0
1786591470.231245,9137.4,1587.8,7512.0,18237.3,2400.0
1786591470.331441,9137.4,1588.5,7411.8,18137.8,2300.0
1786591470.431160,9137.4,1587.8,7512.0,18237.3,2400.0
1786591470.531027,9137.4,1588.5,7311.7,18037.6,2200.0
1786591470.630988,9137.4,1190.9,7411.8,17740.2,2300.0
1786591470.731259,9137.4,1191.4,7411.8,17740.6,2300.0
1786591470.831252,9137.4,1191.4,7411.8,17740.6,2300.0
1786591470.931003,9137.4,794.2,7411.8,17343.5,2300.0
1786591471.030967,9137.4,794.2,7411.8,17343.5,2300.0
1786591471.130992,9530.9,793.9,7512.0,17836.8,2400.0
1786591471.231008,9137.4,793.9,7411.8,17343.2,2300.0
1786591471.331033,9530.9,793.9,7512.0,17836.8,2400.0
1786591471.431419,9137.4,794.2,7411.8,17343.5,2300.0
1786591471.531347,9133.8,1190.9,7512.0,17836.6,2400.0
1786591471.631445,9137.4,1587.8,7411.8,18137.1,2300.0
1786591471.731688,9530.9,1587.8,7612.2,18730.9,2400.0
1786591471.831258,9137.4,1985.6,7512.0,18635.0,2300.0
1786591471.930996,9137.4,1588.5,7612.2,18338.1,2400.0
1786591472.031002,9137.4,1588.5,7411.8,18137.8,2300.0
1786591472.131112,9137.4,1191.4,7512.0,17840.8,2400.0
1786591472.231041,9137.4,1191.4,7311.7,17640.5,2200.0
1786591472.330996,9137.4,1191.4,7411.8,17740.6,2300.0
1786591472.430960,9137.4,794.2,7311.7,17243.4,2200.0
1786591472.531104,9137.4,794.2,7411.8,17343.5,2300.0
1786591472.631020,9137.4,794.2,7411.8,17343.5,2200.0
1786591472.730971,9137.4,794.2,7411.8,17343.5,2300.0
1786591472.831112,9137.4,794.2,7411.8,17343.5,2300.0
1786591472.931387,9137.4,793.9,7411.8,17343.2,2300.0
1786591473.031205,9534.7,793.9,7512.0,17840.6,2400.0
1786591473.131010,9137.4,794.2,7411.8,17343.5,2300.0
1786591473.230985,9137.4,794.2,7512.0,17443.7,2400.0
1786591473.330992,9137.4,794.2,7311.7,17243.4,2200.0
1786591473.431142,9137.4,794.2,7512.0,17443.7,2300.0
1786591473.531285,9137.4,794.2,7311.7,17243.4,2200.0
1786591473.631081,9137.4,794.2,7512.0,17443.7,2300.0
1786591473.731023,9137.4,794.2,7311.7,17243.4,2200.0
1786591473.831103,9137.4,794.2,7411.8,17343.5,2300.0
1786591473.931021,9137.4,794.2,7311.7,17243.4,2200.0
1786591474.030999,9137.4,794.2,7411.8,17343.5,2300.0
1786591474.131264,8740.2,794.2,7311.7,16846.1,2200.0
1786591474.231013,9137.4,794.2,7411.8,17343.5,2300.0
1786591474.331005,9137.4,794.2,7311.7,17243.4,2200.0
1786591474.430959,9137.4,794.2,7411.8,17343.5,2300.0
1786591474.531002,9137.4,794.2,7411.8,17343.5,2200.0
1786591474.631025,9137.4,794.2,7411.8,17343.5,2300.0
1786591474.730997,9137.4,794.2,7411.8,17343.5,2300.0
1786591474.831114,9137.4,794.2,7411.8,17343.5,2300.0
1786591474.931012,9534.7,794.2,7512.0,17841.0,2400.0
1786591475.031018,9137.4,794.2,7411.8,17343.5,2300.0
1786591475.130995,9137.4,794.2,7512.0,17443.7,2400.0
1786591475.231289,9137.4,794.2,7411.8,17343.5,2300.0
1786591475.330961,9137.4,794.2,7512.0,17443.7,2400.0
1786591475.431145,9137.4,794.2,7311.7,17243.4,2200.0
1786591475.531268,9137.4,794.2,7512.0,17443.7,2300.0
1786591475.631136,9137.4,794.2,7311.7,17243.4,2200.0
1786591475.730967,9137.4,794.2,7411.8,17343.5,2300.0
1786591475.831016,9137.4,794.2,7311.7,17243.4,2200.0
1786591475.931263,9137.4,794.2,7411.8,17343.5,2300.0
1786591476.031523,8743.7,1191.4,7311.7,17246.7,2200.0
1786591476.131529,9137.4,1191.4,7512.0,17840.8,2300.0
1786591476.231303,9141.1,1191.4,7411.8,17744.3,2200.0
1786591476.330997,9137.4,1191.4,7411.8,17740.6,2300.0
1786591476.431039,9137.4,1191.4,7411.8,17740.6,2300.0
1786591476.531584,9137.4,1191.4,7411.8,17740.6,2300.0
1786591476.631457,9534.7,1588.5,7512.0,18635.2,2400.0
1786591476.731287,9137.4,1588.5,7411.8,18137.8,2300.0
1786591476.831038,9534.7,1191.4,7512.0,18238.1,2400.0
1786591476.931210,9137.4,1191.4,7411.8,17740.6,2300.0
1786591477.031224,9534.7,1191.4,7512.0,18238.1,2400.0
1786591477.131317,9137.4,1588.5,7411.8,18137.8,2300.0
1786591477.231338,9534.7,1588.5,7512.0,18635.2,2400.0
1786591477.331367,9137.4,1588.5,7411.8,18137.8,2300.0
1786591477.431048,9137.4,1191.4,7512.0,17840.8,2400.0
1786591477.531379,9137.4,1191.4,7411.8,17740.6,2300.0
1786591477.631031,9137.4,1191.4,7512.0,17840.8,2300.0
1786591477.731012,9137.4,1191.4,7311.7,17640.5,2200.0
1786591477.831085,9137.4,793.9,7411.8,17343.2,2300.0
1786591477.931035,9137.4,794.2,7311.7,17243.4,2200.0
1786591478.030997,9137.4,793.9,7411.8,17343.2,2300.0
1786591478.131179,9137.4,794.2,7311.7,17243.4,2200.0
1786591478.231041,9137.4,793.9,7411.8,17343.2,2300.0
1786591478.330975,9133.8,793.9,7411.8,17339.5,2300.0
1786591478.430994,9133.8,793.9,7411.8,17339.5,2300.0
1786591478.531029,9133.8,793.9,7512.0,17439.7,2400.0
1786591478.631070,9137.4,794.2,7411.8,17343.5,2300.0
1786591478.730995,9137.4,794.2,7512.0,17443.7,2300.0
1786591478.831063,9137.4,794.2,7311.7,17243.4,2200.0
1786591478.931004,9137.4,794.2,7512.0,17443.7,2300.0
1786591479.030993,9137.4,794.2,7311.7,17243.4,2200.0
1786591479.130971,9137.4,794.2,7411.8,17343.5,2300.0
1786591479.231035,9137.4,794.2,7311.7,17243.4,2200.0
1786591479.330992,9137.4,794.2,7411.8,17343.5,2300.0
1786591479.432262,8740.2,794.2,7311.7,16846.1,2200.0
1786591479.531322,9137.4,794.2,7411.8,17343.5,2300.0
1786591479.631120,9137.4,794.2,7311.7,17243.4,2200.0
1786591479.731002,9137.4,794.2,7411.8,17343.5,2300.0
1786591479.831081,9137.4,794.2,7411.8,17343.5,2200.0
1786591479.931027,9137.4,794.2,7411.8,17343.5,2300.0
1786591480.031009,9137.4,794.2,7411.8,17343.5,2300.0
1786591480.131270,9137.4,794.2,7411.8,17343.5,2300.0
1786591480.230976,9534.7,794.2,7512.0,17841.0,2400.0
1786591480.331002,9137.4,794.2,7411.8,17343.5,2300.0
1786591480.431004,9137.4,794.2,7512.0,17443.7,2400.0
1786591480.531109,9137.4,794.2,7311.7,17243.4,2200.0
1786591480.631014,9137.4,794.2,7512.0,17443.7,2300.0
1786591480.730999,9137.4,794.2,7311.7,17243.4,2200.0
1786591480.831059,9137.4,793.9,7512.0,17443.4,2300.0
1786591480.931030,9137.4,794.2,7311.7,17243.4,2200.0
1786591481.031122,9133.8,793.9,7411.8,17339.5,2300.0
1786591481.131014,9137.4,794.2,7311.7,17243.4,2200.0
1786591481.231037,9133.8,793.9,7411.8,17339.5,2300.0
1786591481.331028,8740.2,794.2,7311.7,16846.1,2200.0
1786591481.430998,9137.4,793.9,7411.8,17343.2,2300.0
1786591481.531227,9137.4,794.2,7311.7,17243.4,2200.0
1786591481.631025,9133.8,793.9,7411.8,17339.5,2300.0
1786591481.731250,9137.4,793.9,7411.8,17343.2,2300.0
1786591481.831208,9137.4,793.9,7411.8,17343.2,2300.0
1786591481.930974,9530.9,793.9,7512.0,17836.8,2400.0
1786591482.030944,9137.4,793.9,7411.8,17343.2,2300.0
1786591482.131227,9137.4,793.9,7512.0,17443.4,2400.0
1786591482.231021,9137.4,794.2,7311.7,17243.4,2300.0
1786591482.330944,9137.4,794.2,7512.0,17443.7,2300.0
1786591482.431213,9137.4,794.2,7311.7,17243.4,2200.0
1786591482.531185,9137.4,794.2,7512.0,17443.7,2300.0
1786591482.631249,9137.4,1191.4,7311.7,17640.5,2300.0
1786591482.731625,9137.4,1191.4,7512.0,17840.8,2400.0
1786591482.831287,9137.4,1191.4,7411.8,17740.6,2300.0
1786591482.931000,9137.4,1191.4,7512.0,17840.8,2400.0
1786591483.031067,9137.4,1191.4,7311.7,17640.5,2200.0
1786591483.130959,9137.4,794.2,7411.8,17343.5,2300.0
1786591483.230978,9137.4,794.2,7311.7,17243.4,2200.0
1786591483.330986,9137.4,794.2,7411.8,17343.5,2300.0
1786591483.431002,9137.4,794.2,7411.8,17343.5,2300.0
1786591483.531245,9137.4,794.2,7411.8,17343.5,2300.0
1786591483.631033,9534.7,794.2,7512.0,17841.0,2300.0
1786591483.731025,9137.4,794.2,7411.8,17343.5,2300.0
1786591483.831115,9534.7,793.9,7512.0,17840.6,2400.0
1786591483.931385,9137.4,794.2,7411.8,17343.5,2300.0
1786591484.031127,9137.4,793.9,7512.0,17443.4,2400.0
1786591484.131189,9137.4,794.2,7411.8,17343.5,2200.0
1786591484.231018,9137.4,793.9,7512.0,17443.4,2300.0
1786591484.331075,9137.4,794.2,7311.7,17243.4,2200.0
1786591484.431016,9137.4,794.2,7512.0,17443.7,2300.0
1786591484.531229,9137.4,794.2,7311.7,17243.4,2200.0
1786591484.631188,9137.4,794.2,7411.8,17343.5,2300.0
1786591484.731043,8740.2,794.2,7311.7,16846.1,2200.0
1786591484.831042,9137.4,794.2,7411.8,17343.5,2300.0
1786591484.931022,9137.4,794.2,7311.7,17243.4,2200.0
1786591485.031486,9137.4,1190.9,7411.8,17740.2,2300.0
1786591485.131538,9137.4,1191.4,7411.8,17740.6,2300.0
1786591485.231186,9137.4,1191.4,7411.8,17740.6,2300.0
1786591485.330981,9137.4,1191.4,7512.0,17840.8,2300.0
1786591485.431085,9137.4,1191.4,7411.8,17740.6,2300.0
1786591485.531767,9534.7,1190.9,7512.0,18237.6,2400.0
1786591485.631894,9137.4,1588.5,7411.8,18137.8,2300.0
1786591485.731336,9534.7,1588.5,7512.0,18635.2,2400.0
1786591485.831040,9137.4,1588.5,7411.8,18137.8,2300.0
1786591485.930961,9137.4,1191.4,7512.0,17840.8,2400.0
1786591486.030974,9137.4,1191.4,7411.8,17740.6,2300.0
1786591486.131176,9137.4,1191.4,7512.0,17840.8,2300.0
1786591486.231258,9137.4,1191.4,7311.7,17640.5,2200.0
1786591486.331008,7945.6,1191.4,7011.2,16148.2,2000.0
1786591486.431312,7151.0,1191.4,6710.7,15053.1,1802.9
1786591486.531307,6753.8,1588.5,6410.2,14752.5,1602.6
1786591486.631447,5959.2,1588.5,6209.9,13757.6,1502.4
1786591486.731650,5561.9,1588.5,6009.6,13160.0,1402.2
1786591486.831598,5561.9,1588.5,5909.4,13059.8,1302.1
1786591486.931281,5164.6,1588.5,5809.3,12562.4,1302.1
1786591487.031310,4767.4,1588.5,5709.1,12065.0,1201.9
1786591487.131116,4767.4,1588.5,5609.0,11964.8,1201.9
1786591487.231318,4767.4,1588.5,5508.8,11864.6,1101.8
1786591487.331097,4370.1,1587.8,5508.8,11466.7,1101.8
1786591487.431019,4370.1,1587.8,5408.6,11366.6,1101.8
1786591487.531297,4370.1,1190.9,5408.6,10969.6,1101.8
1786591487.631045,4370.1,1191.4,5308.5,10869.9,1001.6
1786591487.731089,4370.1,1191.4,5108.2,10669.6,901.4
1786591487.831174,3972.8,1191.4,5008.0,10172.2,701.1
1786591487.931303,3972.8,794.2,4807.7,9574.7,701.1
1786591488.031231,3972.8,1191.4,4807.7,9971.8,701.1
1786591488.131625,3972.8,1191.4,4807.7,9971.8,701.1
1786591488.231332,3972.8,1191.4,4807.7,9971.8,701.1
1786591488.331318,3972.8,1191.4,4807.7,9971.8,701.1
1786591488.430985,3972.8,1191.4,4707.5,9871.7,601.0
1786591488.530964,3972.8,1191.4,4707.5,9871.7,601.0
1786591488.631310,3972.8,1191.4,4707.5,9871.7,601.0
1786591488.731177,3972.8,794.2,4607.4,9374.4,500.8
1786591488.831073,3972.8,794.2,4607.4,9374.4,500.8
1786591488.930972,3972.8,794.2,4507.2,9274.2,500.8
1786591489.030942,3972.8,794.2,4507.2,9274.2,500.8
1786591489.130965,3972.8,794.2,4507.2,9274.2,400.6
1786591489.231014,3972.8,794.2,4507.2,9274.2,400.6
1786591489.331043,3972.8,794.2,4407.0,9174.1,400.6
1786591489.430986,3972.8,794.2,4407.0,9174.1,400.6
1786591489.531307,3972.8,794.2,4507.2,9274.2,500.8
1786591489.630962,3972.8,794.2,4507.2,9274.2,400.6
1786591489.730968,3972.8,794.2,4407.0,9174.1,400.6
1786591489.831081,3972.8,794.2,4407.0,9174.1,400.6
1786591489.931035,3972.8,397.1,4407.0,8777.0,400.6
1786591490.031011,3972.8,397.1,4407.0,8777.0,400.6
1786591490.131070,3972.8,397.1,4407.0,8777.0,400.6
1786591490.230985,3972.8,397.1,4407.0,8777.0,400.6
1786591490.330988,3972.8,397.1,4407.0,8777.0,400.6
1786591490.431323,3972.8,397.1,4407.0,8777.0,400.6
1786591490.531081,3575.5,397.1,4407.0,8379.7,400.6
1786591490.630974,3972.8,397.1,4407.0,8777.0,400.6
1786591490.730958,3972.8,397.1,4407.0,8777.0,400.6
1786591490.830964,3972.8,397.1,4407.0,8777.0,400.6
1786591490.931014,3575.5,397.1,4407.0,8379.7,400.6
1786591491.030984,3575.5,397.1,4407.0,8379.7,400.6
1786591491.130985,3972.8,397.1,4407.0,8777.0,400.6
1786591491.230998,3972.8,397.1,4407.0,8777.0,400.6
1786591491.330978,3575.5,397.1,4407.0,8379.7,400.6
1786591491.431009,3972.8,397.1,4407.0,8777.0,400.6
1786591491.531139,3972.8,397.1,4407.0,8777.0,400.6
1786591491.630980,3972.8,397.1,4407.0,8777.0,400.6
1786591491.730996,3972.8,397.1,4407.0,8777.0,400.6
1786591491.831013,3972.8,397.1,4407.0,8777.0,400.6
1786591491.931062,3575.5,397.1,4407.0,8379.7,400.6
1786591492.031007,3972.8,397.1,4407.0,8777.0,400.6
1786591492.131107,3972.8,397.1,4407.0,8777.0,400.6
1786591492.231006,3575.5,397.1,4407.0,8379.7,400.6
1786591492.330989,3972.8,397.1,4407.0,8777.0,400.6
1786591492.431010,3972.8,397.1,4407.0,8777.0,400.6
1786591492.531027,3575.5,397.1,4407.0,8379.7,400.6
1786591492.630984,3972.8,397.1,4407.0,8777.0,400.6
1786591492.731259,3972.8,397.1,4407.0,8777.0,400.6
1786591492.831023,3972.8,397.1,4407.0,8777.0,400.6
1786591492.931052,3972.8,397.1,4407.0,8777.0,400.6
1786591493.031020,3972.8,397.1,4407.0,8777.0,400.6
1786591493.130972,3972.8,397.1,4407.0,8777.0,400.6
1786591493.230991,3972.8,397.1,4407.0,8777.0,400.6
1786591493.331015,3575.5,397.1,4407.0,8379.7,400.6
1786591493.431270,3972.8,397.1,4407.0,8777.0,400.6
1786591493.531255,3972.8,794.2,4507.2,9274.2,500.8
1786591493.631316,3972.8,794.2,4507.2,9274.2,500.8
1786591493.731703,3972.8,1191.4,4607.4,9771.5,601.0
1786591493.831282,3972.8,1191.4,4607.4,9771.5,601.0
1786591493.931027,3972.8,1191.4,4607.4,9771.5,500.8
1786591494.030934,3972.8,794.2,4507.2,9274.2,500.8
1786591494.131062,3972.8,794.2,4507.2,9274.2,500.8
1786591494.231016,3972.8,794.2,4507.2,9274.2,400.6
1786591494.330977,3972.8,794.2,4507.2,9274.2,400.6
1786591494.431012,3972.8,794.2,4407.0,9174.1,400.6
1786591494.530966,3972.8,794.2,4407.0,9174.1,400.6
1786591494.630947,3972.8,794.2,4407.0,9174.1,400.6
1786591494.730977,3972.8,794.2,4407.0,9174.1,400.6
1786591494.830997,3972.8,397.1,4407.0,8777.0,400.6
1786591494.931265,3972.8,794.2,4407.0,9174.1,400.6
1786591495.031175,3972.8,794.2,4407.0,9174.1,400.6
1786591495.130968,3575.5,794.2,4407.0,8776.8,400.6
1786591495.230958,3575.5,397.1,4407.0,8379.7,400.6
1786591495.330946,3972.8,397.1,4407.0,8777.0,400.6
1786591495.430987,3575.5,397.1,4407.0,8379.7,400.6
1786591495.531164,3972.8,397.1,4407.0,8777.0,400.6
1786591495.631000,3972.8,397.1,4407.0,8777.0,400.6
1786591495.731014,3972.8,397.1,4407.0,8777.0,400.6
1786591495.831054,3972.8,397.1,4407.0,8777.0,400.6
1786591495.931005,3972.8,397.1,4407.0,8777.0,400.6
1786591496.030980,3972.8,397.1,4407.0,8777.0,400.6
1786591496.131046,3972.8,397.1,4407.0,8777.0,400.6
1786591496.230996,3972.8,397.1,4407.0,8777.0,400.6
1786591496.331001,3575.5,397.1,4407.0,8379.7,400.6
1786591496.430991,3972.8,397.1,4407.0,8777.0,400.6
1786591496.531026,3972.8,397.1,4407.0,8777.0,400.6
1786591496.630964,3972.8,397.1,4407.0,8777.0,400.6
1786591496.730992,3972.8,397.1,4407.0,8777.0,400.6
1786591496.830994,3575.5,397.1,4407.0,8379.7,400.6
1786591496.931071,3972.8,397.1,4407.0,8777.0,400.6
1786591497.030994,3575.5,397.1,4407.0,8379.7,400.6
1786591497.130965,3972.8,397.1,4407.0,8777.0,400.0
1786591497.231238,3972.8,794.2,4407.0,9174.1,400.6
1786591497.331015,3972.8,397.1,4407.0,8777.0,400.6
1786591497.431004,3972.8,397.1,4407.0,8777.0,400.6
1786591497.531126,3972.8,397.1,4407.0,8777.0,400.6
1786591497.631022,3575.5,397.1,4407.0,8379.7,400.6
1786591497.730999,3972.8,397.1,4407.0,8777.0,400.6
1786591497.831084,3972.8,397.1,4407.0,8777.0,400.6
1786591497.931041,3972.8,397.1,4407.0,8777.0,400.6
1786591498.030957,3575.5,397.1,4407.0,8379.7,400.6
1786591498.131083,3972.8,397.1,4407.0,8777.0,400.6
1786591498.231040,3972.8,397.1,4407.0,8777.0,400.6
1786591498.331026,3575.5,397.1,4407.0,8379.7,400.6
1786591498.431092,3575.5,397.1,4407.0,8379.7,400.6
1786591498.531045,3575.5,397.1,4407.0,8379.7,400.6
1786591498.631304,3972.8,793.9,4407.0,9173.8,400.6
1786591498.731037,3972.8,793.9,4407.0,9173.8,400.6
1786591498.831038,3972.8,397.0,4407.0,8776.8,400.6
1786591498.931559,3972.8,793.9,4407.0,9173.8,400.6
1786591499.031375,3971.2,1190.9,4607.4,9769.4,601.0
1786591499.131371,3971.2,1587.8,4707.5,10266.6,601.0
1786591499.231665,3972.8,1587.8,4807.7,10368.3,701.1
1786591499.331280,3972.8,1588.5,4807.7,10369.0,701.1
1786591499.430980,3972.8,1588.5,4707.5,10268.8,601.0
1786591499.531612,3972.8,1587.8,4707.5,10268.2,601.0
1786591499.631614,3972.8,1587.8,4707.5,10268.2,701.1
1786591499.731285,3972.8,1587.8,4807.7,10368.3,701.1
1786591499.831045,3972.8,1588.5,4707.5,10268.8,601.0
1786591499.931010,3972.8,1191.4,4607.4,9771.5,601.0
1786591500.030994,3972.8,1191.4,4607.4,9771.5,500.8
1786591500.131066,3972.8,794.2,4507.2,9274.2,500.8
1786591500.230994,3972.8,794.2,4507.2,9274.2,500.8
1786591500.330951,3972.8,794.2,4507.2,9274.2,400.6
1786591500.430974,3972.8,794.2,4507.2,9274.2,400.6
1786591500.530995,3972.8,794.2,4407.0,9174.1,400.6
1786591500.630978,3972.8,794.2,4407.0,9174.1,400.6
1786591500.730992,3972.8,794.2,4407.0,9174.1,400.6
1786591500.831092,3972.8,794.2,4407.0,9174.1,400.6
1786591500.931060,3972.8,397.1,4407.0,8777.0,400.6
1786591501.031008,3972.8,397.1,4407.0,8777.0,400.6
1786591501.130997,3972.8,397.1,4407.0,8777.0,400.6
1786591501.230966,3972.8,397.1,4407.0,8777.0,400.6
1786591501.331029,3972.8,397.1,4407.0,8777.0,400.6
1786591501.431468,3972.8,397.1,4407.0,8777.0,400.6
1786591501.531283,3972.8,397.1,4407.0,8777.0,400.6
1786591501.630961,3972.8,397.1,4407.0,8777.0,400.6
1786591501.730998,3972.8,397.1,4407.0,8777.0,400.6
1786591501.830976,3972.8,397.1,4407.0,8777.0,400.6
1786591501.931092,3972.8,397.1,4407.0,8777.0,400.6
1786591502.030991,3972.8,397.1,4407.0,8777.0,400.6
1786591502.131105,3972.8,397.1,4407.0,8777.0,400.6
1786591502.230974,3575.5,397.1,4407.0,8379.7,400.6
1786591502.331028,3575.5,397.1,4407.0,8379.7,400.6
1786591502.430956,3972.8,397.1,4407.0,8777.0,400.6
1786591502.531044,3972.8,397.1,4407.0,8777.0,400.6
1786591502.630980,3972.8,397.1,4407.0,8777.0,400.6
1786591502.730974,3972.8,397.1,4407.0,8777.0,400.6
1786591502.830949,3972.8,397.1,4407.0,8777.0,400.6
1786591502.931038,3972.8,397.1,4407.0,8777.0,400.6
1786591503.030997,3972.8,397.1,4407.0,8777.0,400.6
1786591503.130955,3972.8,397.1,4407.0,8777.0,400.0
1786591503.230986,3972.8,397.1,4407.0,8777.0,400.6
1786591503.331018,3972.8,397.1,4407.0,8777.0,400.6
1786591503.430971,3575.5,397.1,4407.0,8379.7,400.6
1786591503.531139,3972.8,397.1,4407.0,8777.0,400.6
1786591503.630952,3575.5,397.1,4407.0,8379.7,400.6
1786591503.731277,3972.8,794.2,4407.0,9174.1,400.6
1786591503.831303,3972.8,794.2,4507.2,9274.2,500.8
1786591503.931444,3972.8,1191.4,4607.4,9771.5,601.0
1786591504.031418,3972.8,1191.4,4607.4,9771.5,601.0
1786591504.131246,3972.8,1191.4,4607.4,9771.5,601.0
1786591504.230972,3972.8,794.2,4607.4,9374.4,500.8
1786591504.330948,3972.8,794.2,4507.2,9274.2,500.8
1786591504.431182,3972.8,794.2,4507.2,9274.2,500.8
1786591504.531216,3972.8,794.2,4507.2,9274.2,500.8
1786591504.631325,3972.8,1191.4,4607.4,9771.5,601.0
1786591504.731305,3972.8,1191.4,4607.4,9771.5,601.0
1786591504.831308,3972.8,1191.4,4707.5,9871.7,701.1
1786591504.931002,3972.8,1588.5,4807.7,10369.0,701.1
1786591505.030965,3972.8,1588.5,4807.7,10369.0,701.1
1786591505.131029,3974.4,1191.4,4707.5,9873.3,701.1
1786591505.230982,3974.4,1191.4,4707.5,9873.3,601.0
1786591505.331001,3972.8,794.2,4607.4,9374.4,500.8
1786591505.430991,3972.8,794.2,4507.2,9274.2,500.8
1786591505.531135,3972.8,794.2,4507.2,9274.2,500.8
1786591505.631021,3972.8,794.2,4507.2,9274.2,400.6
1786591505.731011,3972.8,794.2,4507.2,9274.2,400.6
1786591505.830981,3972.8,794.2,4407.0,9174.1,400.6
1786591505.931258,3972.8,794.2,4407.0,9174.1,400.6
1786591506.031163,3972.8,794.2,4407.0,9174.1,400.6
1786591506.131130,3972.8,794.2,4407.0,9174.1,400.6
1786591506.230994,3972.8,794.2,4407.0,9174.1,400.6
1786591506.330994,3575.5,397.1,4407.0,8379.7,400.6
1786591506.430981,3972.8,397.1,4407.0,8777.0,400.0
1786591506.530995,3575.5,397.1,4407.0,8379.7,400.0
1786591506.631018,3972.8,397.1,4407.0,8777.0,400.6
1786591506.730997,3575.5,397.1,4407.0,8379.7,400.6
1786591506.831012,3575.5,397.1,4407.0,8379.7,400.6
1786591506.931033,3575.5,397.1,4407.0,8379.7,400.0
1786591507.030976,3575.5,397.1,4407.0,8379.7,400.6
1786591507.131043,3972.8,397.1,4407.0,8777.0,400.6
1786591507.230979,3972.8,397.1,4407.0,8777.0,400.6
1786591507.331002,3575.5,397.1,4407.0,8379.7,400.6
1786591507.430998,3972.8,397.1,4407.0,8777.0,400.6
1786591507.531204,3972.8,397.1,4407.0,8777.0,400.6
1786591507.631149,3972.8,397.1,4407.0,8777.0,400.6
1786591507.731025,3972.8,397.1,4407.0,8777.0,400.6
1786591507.830989,3575.5,397.1,4407.0,8379.7,400.6
1786591507.931101,3972.8,397.1,4407.0,8777.0,400.6
1786591508.031668,3972.8,794.2,4507.2,9274.2,500.8
1786591508.131518,3972.8,1191.4,4607.4,9771.5,601.0
1786591508.231282,3972.8,1191.4,4607.4,9771.5,601.0
1786591508.330968,3972.8,1191.4,4607.4,9771.5,500.8
1786591508.430940,3972.8,794.2,4507.2,9274.2,500.8
1786591508.530979,3972.8,794.2,4507.2,9274.2,500.8
1786591508.631365,3972.8,1190.9,4607.4,9771.0,601.0
1786591508.731450,3972.8,1587.8,4707.5,10268.2,601.0
1786591508.831208,3972.8,1588.5,4707.5,10268.8,601.0
1786591508.930989,3972.8,1191.4,4607.4,9771.5,500.8
1786591509.030969,3972.8,1191.4,4607.4,9771.5,500.8
1786591509.130934,3972.8,794.2,4507.2,9274.2,500.8
1786591509.230993,3972.8,794.2,4507.2,9274.2,400.6
1786591509.331000,3972.8,794.2,4507.2,9274.2,400.6
1786591509.431007,3972.8,794.2,4407.0,9174.1,400.6
1786591509.531244,3972.8,794.2,4507.2,9274.2,400.6
1786591509.631277,3972.8,794.2,4507.2,9274.2,500.8
1786591509.731000,3972.8,794.2,4507.2,9274.2,400.6
1786591509.830977,3972.8,794.2,4407.0,9174.1,400.6
1786591509.931253,3972.8,794.2,4407.0,9174.1,400.6
1786591510.031209,3972.8,794.2,4507.2,9274.2,500.8
1786591510.131222,3972.8,794.2,4507.2,9274.2,500.8
1786591510.231294,3972.8,1191.4,4607.4,9771.5,601.0
1786591510.331254,3974.4,1191.4,4607.4,9773.1,601.0
1786591510.430928,3974.4,1191.4,4607.4,9773.1,601.0
1786591510.530962,3974.4,794.2,4507.2,9275.8,500.8
1786591510.630969,3974.4,794.2,4507.2,9275.8,500.8
1786591510.730990,3974.4,794.2,4507.2,9275.8,500.8
1786591510.830984,3974.4,794.2,4507.2,9275.8,400.6
1786591510.931023,3974.4,794.2,4407.0,9175.7,400.6
1786591511.031001,3974.4,794.2,4407.0,9175.7,400.6
1786591511.130975,3974.4,794.2,4407.0,9175.7,400.6
1786591511.230968,3974.4,397.1,4407.0,8778.6,400.6
1786591511.331026,3972.8,794.2,4407.0,9174.1,400.6
1786591511.430988,3972.8,794.2,4407.0,9174.1,400.6
1786591511.531156,3972.8,794.2,4407.0,9174.1,400.6
1786591511.631012,3972.8,794.2,4407.0,9174.1,400.6
1786591511.731102,3972.8,794.2,4407.0,9174.1,400.6
1786591511.831002,3575.5,397.1,4407.0,8379.7,400.0
1786591511.931069,3972.8,397.1,4407.0,8777.0,400.6
1786591512.030976,3972.8,397.1,4407.0,8777.0,400.6
1786591512.131156,3972.8,397.1,4407.0,8777.0,400.6
1786591512.230970,3972.8,397.1,4407.0,8777.0,400.6
1786591512.330992,3972.8,397.1,4407.0,8777.0,400.6
1786591512.431418,3972.8,397.1,4407.0,8777.0,400.6
1786591512.531240,3972.8,794.2,4407.0,9174.1,400.0
1786591512.631001,3972.8,397.1,4407.0,8777.0,400.0
1786591512.730983,3972.8,397.1,4407.0,8777.0,400.6
1786591512.831017,3575.5,397.1,4407.0,8379.7,400.6
1786591512.931007,3972.8,397.1,4407.0,8777.0,400.6
1786591513.031013,3575.5,397.1,4407.0,8379.7,400.6
1786591513.131001,3972.8,397.1,4407.0,8777.0,400.6
1786591513.230966,3575.5,397.1,4407.0,8379.7,400.6
1786591513.330968,3972.8,397.1,4407.0,8777.0,400.6
1786591513.431009,3575.5,397.1,4407.0,8379.7,400.6
1786591513.531176,3972.8,397.1,4407.0,8777.0,400.6
1786591513.631002,3972.8,397.1,4407.0,8777.0,400.6
1786591513.731030,3972.8,397.1,4407.0,8777.0,400.6
1786591513.831038,3972.8,397.1,4407.0,8777.0,400.6
1786591513.931059,3972.8,397.1,4407.0,8777.0,400.6
1786591514.030982,3972.8,397.1,4407.0,8777.0,400.6
1786591514.131100,3972.8,397.1,4407.0,8777.0,400.6
1786591514.231100,3972.8,397.1,4407.0,8777.0,400.6
1786591514.330971,3972.8,397.1,4407.0,8777.0,400.6
1786591514.430969,3575.5,397.1,4407.0,8379.7,400.6
1786591514.531000,3575.5,397.1,4407.0,8379.7,400.6
1786591514.631009,3575.5,397.1,4407.0,8379.7,400.6
1786591514.731229,3972.8,397.1,4407.0,8777.0,400.6
1786591514.831013,3972.8,397.1,4407.0,8777.0,400.6
1786591514.930959,3972.8,397.1,4407.0,8777.0,400.6
1786591515.030965,3972.8,397.1,4407.0,8777.0,400.6
1786591515.130957,3575.5,397.1,4407.0,8379.7,400.6
1786591515.230948,3972.8,397.1,4407.0,8777.0,400.6
1786591515.330957,3972.8,397.1,4407.0,8777.0,400.6
1786591515.431223,3972.8,397.1,4407.0,8777.0,400.6
1786591515.531221,3972.8,793.9,4507.2,9273.9,500.8
1786591515.631216,3972.8,793.9,4507.2,9273.9,500.8
1786591515.731314,3972.8,1190.9,4607.4,9771.0,601.0
1786591515.831251,3972.8,1190.9,4607.4,9771.0,601.0
1786591515.930981,3972.8,794.2,4607.4,9374.4,500.8
1786591516.030959,3972.8,794.2,4507.2,9274.2,500.8
1786591516.131126,3972.8,794.2,4507.2,9274.2,500.8
1786591516.230988,3972.8,794.2,4507.2,9274.2,400.6
1786591516.331002,3972.8,794.2,4407.0,9174.1,400.6
1786591516.431000,3972.8,794.2,4407.0,9174.1,400.6
1786591516.531019,3972.8,794.2,4407.0,9174.1,400.6
1786591516.630989,3972.8,397.1,4407.0,8777.0,400.6
1786591516.731023,3972.8,397.1,4407.0,8777.0,400.6
1786591516.831001,3972.8,397.1,4407.0,8777.0,400.6
1786591516.931319,3972.8,397.1,4407.0,8777.0,400.6
1786591517.031213,3972.8,794.2,4507.2,9274.2,500.8
1786591517.131299,3972.8,794.2,4507.2,9274.2,500.8
1786591517.231406,3972.8,1191.4,4607.4,9771.5,601.0
1786591517.331289,3972.8,1191.4,4607.4,9771.5,601.0
1786591517.430968,3972.8,1191.4,4607.4,9771.5,500.8
1786591517.531085,3972.8,794.2,4507.2,9274.2,500.8
1786591517.630927,3972.8,794.2,4507.2,9274.2,500.8
1786591517.730985,3972.8,794.2,4507.2,9274.2,400.6
1786591517.830992,3972.8,794.2,4507.2,9274.2,400.6
1786591517.930989,3972.8,794.2,4407.0,9174.1,400.6
1786591518.030971,3972.8,794.2,4407.0,9174.1,400.6
1786591518.131211,3972.8,794.2,4407.0,9174.1,400.6
1786591518.231030,3972.8,397.1,4407.0,8777.0,400.6
1786591518.330966,3972.8,397.1,4407.0,8777.0,400.6
1786591518.430978,3575.5,397.1,4407.0,8379.7,400.6
1786591518.530984,3972.8,397.1,4407.0,8777.0,400.6
1786591518.630993,3972.8,397.1,4407.0,8777.0,400.6
1786591518.730965,3972.8,397.1,4407.0,8777.0,400.6
1786591518.831069,3972.8,397.1,4407.0,8777.0,400.6
1786591518.930993,3972.8,397.1,4407.0,8777.0,400.6
1786591519.031023,3972.8,397.1,4407.0,8777.0,400.6
1786591519.130995,3972.8,397.1,4407.0,8777.0,400.6
1786591519.231276,3972.8,794.2,4407.0,9174.1,400.6
1786591519.331020,3972.8,397.1,4407.0,8777.0,400.6
1786591519.430988,3972.8,397.1,4407.0,8777.0,400.6
1786591519.531130,3972.8,397.1,4407.0,8777.0,400.6
1786591519.631292,3972.8,794.2,4407.0,9174.1,400.6
1786591519.731311,3972.8,794.2,4407.0,9174.1,400.6
1786591519.831008,3972.8,794.2,4407.0,9174.1,400.6
1786591519.930980,3972.8,397.1,4407.0,8777.0,400.6
1786591520.030967,3972.8,397.1,4407.0,8777.0,400.6
1786591520.131027,3972.8,397.1,4407.0,8777.0,400.6
1786591520.231096,3972.8,397.1,4407.0,8777.0,400.0
1786591520.331028,3972.8,397.1,4407.0,8777.0,400.0
1786591520.431020,3972.8,793.9,4407.0,9173.8,400.6
1786591520.531008,3972.8,793.9,4407.0,9173.8,400.6
1786591520.630996,3972.8,793.9,4407.0,9173.8,400.6
1786591520.731008,3972.8,397.0,4407.0,8776.8,400.6
1786591520.830977,3972.8,397.1,4407.0,8777.0,400.6
1786591520.931075,3972.8,397.1,4407.0,8777.0,400.6
1786591521.031255,3972.8,793.9,4507.2,9273.9,500.8
1786591521.131284,3972.8,794.2,4507.2,9274.2,500.8
1786591521.231424,3972.8,1190.9,4607.4,9771.0,601.0
1786591521.331307,3972.8,1191.4,4607.4,9771.5,601.0
1786591521.431027,3972.8,1191.4,4607.4,9771.5,601.0
1786591521.531220,3972.8,794.2,4507.2,9274.2,500.8
1786591521.631280,3972.8,794.2,4507.2,9274.2,500.8
1786591521.731049,3972.8,794.2,4507.2,9274.2,500.8
1786591521.830991,3972.8,794.2,4507.2,9274.2,400.6
1786591521.931165,3972.8,794.2,4507.2,9274.2,400.6
1786591522.031660,3972.8,794.2,4507.2,9274.2,500.8
1786591522.131547,3972.8,1191.4,4607.4,9771.5,601.0
1786591522.231344,3972.8,1191.4,4607.4,9771.5,601.0
1786591522.331042,3972.8,1191.4,4607.4,9771.5,500.8
1786591522.430979,3972.8,1191.4,4507.2,9671.4,500.8
1786591522.531537,3972.8,1191.4,4607.4,9771.5,601.0
1786591522.631509,3972.8,1191.4,4607.4,9771.5,601.0
1786591522.731315,3972.8,1588.5,4707.5,10268.8,601.0
1786591522.830958,3972.8,1191.4,4607.4,9771.5,601.0
1786591522.930983,3972.8,1191.4,4607.4,9771.5,500.8
1786591523.030969,3972.8,794.2,4507.2,9274.2,500.8
1786591523.131026,3972.8,794.2,4507.2,9274.2,500.0
1786591523.231016,3972.8,794.2,4507.2,9274.2,400.6
1786591523.331117,3972.8,794.2,4407.0,9174.1,400.6
1786591523.431365,3972.8,794.2,4407.0,9174.1,400.6
1786591523.531259,3972.8,794.2,4407.0,9174.1,400.6
1786591523.630961,3972.8,794.2,4407.0,9174.1,400.6
1786591523.730975,3972.8,794.2,4407.0,9174.1,400.6
1786591523.831008,3972.8,794.2,4407.0,9174.1,400.0
1786591523.931044,3972.8,794.2,4407.0,9174.1,400.6
1786591524.031023,3972.8,397.1,4407.0,8777.0,400.6
1786591524.131016,3972.8,397.1,4407.0,8777.0,400.6
1786591524.231172,3972.8,397.1,4407.0,8777.0,400.6
1786591524.331086,3972.8,397.1,4407.0,8777.0,400.6
1786591524.431034,3972.8,397.1,4407.0,8777.0,400.6
1786591524.531035,3575.5,397.1,4407.0,8379.7,400.6
1786591524.631069,3972.8,397.1,4407.0,8777.0,400.6
1786591524.731071,3575.5,397.1,4407.0,8379.7,400.6
1786591524.831056,3972.8,397.1,4407.0,8777.0,400.6
1786591524.931049,3972.8,397.1,4407.0,8777.0,400.6
1786591525.031039,3972.8,397.1,4407.0,8777.0,400.6
1786591525.131025,3972.8,397.1,4407.0,8777.0,400.6
1786591525.231011,3972.8,397.1,4407.0,8777.0,400.6
1786591525.331113,3972.8,397.1,4407.0,8777.0,400.6
1786591525.431032,3972.8,397.1,4407.0,8777.0,400.6
1786591525.531127,3972.8,397.1,4407.0,8777.0,400.6
1786591525.630980,3972.8,397.1,4407.0,8777.0,400.6
1786591525.731284,3972.8,794.2,4407.0,9174.1,400.6
1786591525.831064,3972.8,397.1,4407.0,8777.0,400.6
1786591525.931030,3575.5,397.1,4407.0,8379.7,400.6
1786591526.031045,3972.8,397.1,4407.0,8777.0,400.6
1786591526.131111,3575.5,397.1,4407.0,8379.7,400.6
1786591526.231184,3972.8,397.1,4407.0,8777.0,400.6
1786591526.331119,3972.8,397.1,4407.0,8777.0,400.6
1786591526.431268,3972.8,397.1,4407.0,8777.0,400.6
1786591526.531227,3972.8,794.2,4507.2,9274.2,500.8
1786591526.631326,3972.8,794.2,4507.2,9274.2,500.8
1786591526.731660,3972.8,1191.4,4607.4,9771.5,601.0
1786591526.831286,3972.8,1191.4,4607.4,9771.5,601.0
1786591526.930988,3972.8,794.2,4607.4,9374.4,500.8
1786591527.030977,3972.8,794.2,4507.2,9274.2,500.8
1786591527.131002,3972.8,794.2,4507.2,9274.2,500.8
1786591527.231005,3972.8,794.2,4507.2,9274.2,400.6
1786591527.331116,3972.8,794.2,4407.0,9174.1,400.6
1786591527.431016,3972.8,794.2,4407.0,9174.1,400.6
1786591527.531128,3972.8,794.2,4407.0,9174.1,400.6
1786591527.631014,3972.8,794.2,4407.0,9174.1,400.6
1786591527.731021,3972.8,397.1,4407.0,8777.0,400.6
1786591527.830997,3972.8,397.1,4407.0,8777.0,400.6
1786591527.931175,3972.8,397.1,4407.0,8777.0,400.6
1786591528.031172,3972.8,397.1,4407.0,8777.0,400.6
1786591528.131098,3575.5,397.1,4407.0,8379.7,400.6
1786591528.231124,3972.8,397.1,4407.0,8777.0,400.6
1786591528.331086,3972.8,397.1,4407.0,8777.0,400.6
1786591528.431044,3972.8,397.1,4407.0,8777.0,400.6
1786591528.531002,3972.8,397.1,4407.0,8777.0,400.6
1786591528.630966,3575.5,397.1,4407.0,8379.7,400.6
1786591528.731174,3972.8,397.1,4407.0,8777.0,400.6
1786591528.831346,3972.8,794.2,4507.2,9274.2,500.8
1786591528.930988,3972.8,794.2,4407.0,9174.1,400.6
1786591529.030978,3972.8,794.2,4407.0,9174.1,400.6
1786591529.131000,3972.8,794.2,4407.0,9174.1,400.6
1786591529.230988,3972.8,397.1,4407.0,8777.0,400.6
1786591529.331090,3972.8,397.1,4407.0,8777.0,400.6
1786591529.431134,3972.8,397.1,4407.0,8777.0,400.6
1786591529.531215,3972.8,397.1,4407.0,8777.0,400.6
1786591529.631018,3972.8,397.1,4407.0,8777.0,400.0
1786591529.731292,3972.8,794.2,4407.0,9174.1,400.6
1786591529.830978,3972.8,794.2,4407.0,9174.1,400.0
1786591529.930977,3575.5,397.1,4407.0,8379.7,400.6
1786591530.030978,3972.8,397.1,4407.0,8777.0,400.6
1786591530.131035,3972.8,397.1,4407.0,8777.0,400.6
1786591530.231256,3972.8,794.2,4407.0,9174.1,400.6
1786591530.331042,3972.8,397.1,4407.0,8777.0,400.6
1786591530.430963,3972.8,397.1,4407.0,8777.0,400.6
1786591530.530991,3575.5,397.1,4407.0,8379.7,400.6
1786591530.630966,3972.8,397.1,4407.0,8777.0,400.6
1786591530.731262,3972.8,397.1,4407.0,8777.0,400.6
1786591530.831065,3575.5,397.1,4407.0,8379.7,400.6
1786591530.931106,3972.8,397.1,4407.0,8777.0,400.6
1786591531.031026,3575.5,397.1,4407.0,8379.7,400.6
1786591531.131486,3972.8,793.9,4507.2,9273.9,500.8
1786591531.231502,3972.8,1190.9,4607.4,9771.0,601.0
1786591531.331291,3972.8,1191.4,4607.4,9771.5,601.0
1786591531.431060,3972.8,1191.4,4507.2,9671.4,500.8
1786591531.531254,3972.8,794.2,4507.2,9274.2,500.8
1786591531.631272,3972.8,1191.4,4507.2,9671.4,500.8
1786591531.731506,3972.8,1190.9,4607.4,9771.0,601.0
1786591531.831484,3972.8,1587.8,4707.5,10268.2,601.0
1786591531.931295,3972.8,1588.5,4707.5,10268.8,701.1
1786591532.031042,3972.8,1588.5,4707.5,10268.8,701.1
1786591532.131373,3972.8,1588.5,4707.5,10268.8,701.1
1786591532.231263,3972.8,1588.5,4707.5,10268.8,701.1
1786591532.331053,3972.8,1191.4,4607.4,9771.5,601.0
1786591532.431337,3972.8,1191.4,4607.4,9771.5,500.8
1786591532.531273,3972.8,1191.4,4607.4,9771.5,500.8
1786591532.630986,3972.8,794.2,4507.2,9274.2,500.8
1786591532.731132,3972.8,794.2,4507.2,9274.2,500.8
1786591532.831019,3972.8,794.2,4507.2,9274.2,400.6
1786591532.930976,3972.8,794.2,4407.0,9174.1,400.6
1786591533.031038,3972.8,794.2,4407.0,9174.1,400.6
1786591533.131006,3972.8,794.2,4407.0,9174.1,400.6
1786591533.230996,3972.8,794.2,4407.0,9174.1,400.6
1786591533.331038,3972.8,397.1,4407.0,8777.0,400.6
1786591533.431034,3575.5,397.1,4407.0,8379.7,400.6
1786591533.531245,3972.8,397.1,4407.0,8777.0,400.6
1786591533.631005,3972.8,397.1,4407.0,8777.0,400.6
1786591533.730994,3575.5,397.1,4407.0,8379.7,400.6
1786591533.831012,3972.8,397.1,4407.0,8777.0,400.6
1786591533.931054,3972.8,397.1,4407.0,8777.0,400.6
1786591534.031071,3972.8,397.1,4407.0,8777.0,400.6
1786591534.131048,3972.8,397.1,4407.0,8777.0,400.6
1786591534.231082,3972.8,397.1,4407.0,8777.0,400.6
1786591534.331060,3972.8,397.0,4407.0,8776.8,400.6
1786591534.431135,3972.8,397.1,4407.0,8777.0,400.6
1786591534.531084,3972.8,397.1,4407.0,8777.0,400.6
1786591534.631043,3972.8,397.1,4407.0,8777.0,400.6
1786591534.731306,3972.8,793.9,4407.0,9173.8,400.6
1786591534.830979,3972.8,397.0,4407.0,8776.8,400.6
1786591534.930944,3575.5,397.1,4407.0,8379.7,400.6
1786591535.030952,3575.5,397.1,4407.0,8379.7,400.6
1786591535.131021,3972.8,397.1,4407.0,8777.0,400.0
1786591535.230996,3972.8,397.1,4407.0,8777.0,400.6
1786591535.331064,3972.8,397.1,4407.0,8777.0,400.6
1786591535.430973,3972.8,397.1,4407.0,8777.0,400.6
1786591535.531150,3972.8,397.1,4407.0,8777.0,400.6
1786591535.631006,3972.8,397.1,4407.0,8777.0,400.6
1786591535.730970,3972.8,397.1,4407.0,8777.0,400.0
1786591535.831032,3972.8,397.1,4407.0,8777.0,400.6
1786591535.931005,3972.8,397.1,4407.0,8777.0,400.6
1786591536.030960,3575.5,397.1,4407.0,8379.7,400.6
1786591536.131010,3575.5,397.1,4407.0,8379.7,400.6
1786591536.231120,3575.5,397.1,4407.0,8379.7,400.6
1786591536.331054,3575.5,397.1,4407.0,8379.7,400.6
1786591536.430990,3575.5,397.1,4407.0,8379.7,400.6
1786591536.530992,3972.8,397.1,4407.0,8777.0,400.6
1786591536.630986,3972.8,397.1,4407.0,8777.0,400.6
1786591536.730980,3575.5,397.1,4407.0,8379.7,400.6
1786591536.830976,3972.8,397.1,4407.0,8777.0,400.6
1786591536.931261,3972.8,397.1,4407.0,8777.0,400.6
1786591537.031170,3972.8,397.1,4407.0,8777.0,400.6
1786591537.130996,3575.5,397.1,4407.0,8379.7,400.6
1786591537.231312,3972.8,794.2,4407.0,9174.1,400.6
1786591537.331257,3972.8,794.2,4507.2,9274.2,500.8
1786591537.431239,3972.8,1191.4,4607.4,9771.5,601.0
1786591537.531348,3972.8,1191.4,4607.4,9771.5,601.0
1786591537.631243,3972.8,1191.4,4607.4,9771.5,601.0
1786591537.730978,3972.8,794.2,4507.2,9274.2,500.8
1786591537.830976,3972.8,794.2,4507.2,9274.2,500.8
1786591537.930960,3972.8,794.2,4507.2,9274.2,500.8
1786591538.030964,3972.8,794.2,4507.2,9274.2,400.6
1786591538.131024,3972.8,794.2,4407.0,9174.1,400.6
1786591538.231108,3972.8,794.2,4407.0,9174.1,400.6
1786591538.331059,3575.5,794.2,4407.0,8776.8,400.0
1786591538.431007,3575.5,794.2,4407.0,8776.8,400.0
1786591538.530988,3972.8,397.1,4407.0,8777.0,400.6
1786591538.630985,3972.8,397.1,4407.0,8777.0,400.6
1786591538.730978,3575.5,397.1,4407.0,8379.7,400.6
1786591538.830986,3575.5,397.1,4407.0,8379.7,400.6
1786591538.931010,3972.8,397.1,4407.0,8777.0,400.6
1786591539.031006,3972.8,397.1,4407.0,8777.0,400.6
1786591539.131038,3972.8,397.1,4407.0,8777.0,400.6
1786591539.231291,3972.8,397.1,4407.0,8777.0,400.6
1786591539.331034,3575.5,397.1,4407.0,8379.7,400.6
1786591539.430997,3972.8,397.0,4407.0,8776.8,400.6
1786591539.531212,3972.8,397.0,4407.0,8776.8,400.6
1786591539.631023,3972.8,397.0,4407.0,8776.8,400.6
1786591539.731526,3971.2,793.9,4407.0,9172.2,400.6
1786591539.830989,3972.8,793.9,4407.0,9173.8,400.6
1786591539.930962,3575.5,397.0,4407.0,8379.5,400.6
1786591540.030979,3972.8,397.0,4407.0,8776.8,400.6
1786591540.130993,3575.5,397.0,4407.0,8379.5,400.6
1786591540.231101,3972.8,397.0,4407.0,8776.8,400.6
1786591540.331012,3972.8,397.0,4407.0,8776.8,400.6
1786591540.431011,3971.2,397.0,4407.0,8775.2,400.6
1786591540.531021,3971.2,397.0,4407.0,8775.2,400.6
1786591540.631011,3575.5,397.0,4407.0,8379.5,400.6
1786591540.730991,3972.8,397.0,4407.0,8776.8,400.6
1786591540.830997,3972.8,397.0,4407.0,8776.8,400.6
1786591540.931005,3972.8,397.0,4407.0,8776.8,400.6
1786591541.031080,3575.5,397.1,4407.0,8379.7,400.6
1786591541.131033,3972.8,397.1,4407.0,8777.0,400.6
1786591541.230954,3575.5,397.0,4407.0,8379.5,400.6
1786591541.331022,3972.8,397.0,4407.0,8776.8,400.6
1786591541.431190,3972.8,397.0,4407.0,8776.8,400.6
1786591541.531580,3972.8,793.9,4407.0,9173.8,500.8
1786591541.631553,3972.8,793.9,4507.2,9273.9,500.8
1786591541.731382,3972.8,1190.9,4607.4,9771.0,601.0
1786591541.831512,3972.8,1190.9,4707.5,9871.2,601.0
1786591541.931249,3972.8,1191.4,4607.4,9771.5,601.0
1786591542.030995,3972.8,794.2,4607.4,9374.4,500.8
1786591542.131292,3972.8,794.2,4507.2,9274.2,500.8
1786591542.231215,3972.8,794.2,4507.2,9274.2,500.8
1786591542.331060,3972.8,794.2,4507.2,9274.2,400.6
1786591542.431023,3972.8,794.2,4407.0,9174.1,400.6
1786591542.531057,3972.8,794.2,4407.0,9174.1,400.6
1786591542.631045,3972.8,794.2,4407.0,9174.1,400.6
1786591542.731421,3972.8,793.9,4407.0,9173.8,400.6
1786591542.831274,3972.8,793.9,4507.2,9273.9,500.8
1786591542.931098,3972.8,1190.9,4607.4,9771.0,601.0
1786591543.031681,3972.8,1190.9,4607.4,9771.0,601.0
1786591543.131165,3972.8,1191.4,4607.4,9771.5,601.0
1786591543.231005,3972.8,794.2,4607.4,9374.4,500.8
1786591543.331071,3972.8,794.2,4507.2,9274.2,500.8
1786591543.430976,3972.8,794.2,4507.2,9274.2,500.8
1786591543.531101,3972.8,794.2,4507.2,9274.2,400.6
1786591543.630916,3972.8,794.2,4407.0,9174.1,400.6
1786591543.731234,3972.8,794.2,4407.0,9174.1,400.6
1786591543.830977,3972.8,794.2,4407.0,9174.1,400.6
1786591543.930978,3972.8,794.2,4407.0,9174.1,400.6
1786591544.030968,3575.5,794.2,4407.0,8776.8,400.6
1786591544.131130,3972.8,794.2,4407.0,9174.1,400.6
1786591544.231193,3972.8,397.1,4407.0,8777.0,400.6
1786591544.331154,3972.8,397.1,4407.0,8777.0,400.6
1786591544.431068,3575.5,397.1,4407.0,8379.7,400.6
1786591544.531030,3972.8,397.1,4407.0,8777.0,400.6
1786591544.631223,3972.8,794.2,4407.0,9174.1,400.6
1786591544.730958,3972.8,397.1,4407.0,8777.0,400.6
1786591544.830966,3575.5,397.1,4407.0,8379.7,400.6
1786591544.930956,3972.8,793.9,4407.0,9173.8,400.6
1786591545.031593,3972.8,793.9,4507.2,9273.9,500.8
1786591545.131603,3972.8,1190.9,4607.4,9771.0,601.0
1786591545.231163,3972.8,1191.4,4607.4,9771.5,500.8
1786591545.331068,3972.8,1191.4,4507.2,9671.4,500.8
1786591545.431024,3972.8,794.2,4507.2,9274.2,500.8
1786591545.531507,3972.8,1191.4,4607.4,9771.5,601.0
1786591545.631275,3972.8,1191.4,4607.4,9771.5,601.0
1786591545.731286,3972.8,1191.4,4607.4,9771.5,601.0
1786591545.830991,3972.8,1191.4,4607.4,9771.5,500.8
1786591545.930981,3972.8,1191.4,4507.2,9671.4,500.8
1786591546.030968,3972.8,794.2,4507.2,9274.2,500.8
1786591546.130994,3972.8,794.2,4507.2,9274.2,400.6
1786591546.231227,3972.8,794.2,4507.2,9274.2,400.6
1786591546.330942,3972.8,794.2,4407.0,9174.1,400.6
1786591546.430976,3575.5,794.2,4407.0,8776.8,400.6
1786591546.530969,3575.5,794.2,4407.0,8776.8,400.6
1786591546.630997,3575.5,794.2,4407.0,8776.8,400.6
1786591546.730988,3972.8,397.1,4407.0,8777.0,400.6
1786591546.830954,3972.8,397.1,4407.0,8777.0,400.0
1786591546.930982,3972.8,397.1,4407.0,8777.0,400.6
