epoch_s,gpu_soc_mw,cpu_cv_mw,sys_5v0_mw,total_mw,vddq_mw
1786591003.024839,3972.8,793.9,4407.0,9173.8,400.6
1786591003.125011,3972.8,794.2,4407.0,9174.1,400.6
1786591003.225080,3972.8,794.2,4507.2,9274.2,500.8
1786591003.325061,3972.8,793.9,4507.2,9273.9,500.8
1786591003.425257,3972.8,1190.9,4607.4,9771.0,601.0
1786591003.525209,3972.8,1190.9,4607.4,9771.0,601.0
1786591003.625076,3972.8,1191.4,4607.4,9771.5,601.0
1786591003.724794,3972.8,794.2,4607.4,9374.4,500.0
1786591003.824777,3972.8,794.2,4507.2,9274.2,500.8
1786591003.924915,3972.8,794.2,4507.2,9274.2,500.8
1786591004.024789,3972.8,794.2,4507.2,9274.2,400.6
1786591004.124793,3972.8,794.2,4407.0,9174.1,400.6
1786591004.224788,3972.8,794.2,4407.0,9174.1,400.6
1786591004.324761,3972.8,794.2,4407.0,9174.1,400.6
1786591004.424849,3972.8,397.1,4407.0,8777.0,400.6
1786591004.525072,3972.8,794.2,4507.2,9274.2,500.8
1786591004.625074,3972.8,794.2,4507.2,9274.2,500.8
1786591004.725410,3972.8,1191.4,4607.4,9771.5,601.0
1786591004.825139,3972.8,1191.4,4607.4,9771.5,601.0
1786591004.924802,3972.8,1191.4,4607.4,9771.5,601.0
1786591005.024967,3972.8,794.2,4507.2,9274.2,500.8
1786591005.124948,3972.8,794.2,4507.2,9274.2,500.8
1786591005.224913,3972.8,794.2,4507.2,9274.2,500.0
1786591005.324817,3972.8,794.2,4507.2,9274.2,400.0
1786591005.424819,3972.8,794.2,4407.0,9174.1,400.0
1786591005.524935,3972.8,794.2,4407.0,9174.1,400.0
1786591005.624773,3972.8,794.2,4407.0,9174.1,400.0
1786591005.724795,3972.8,397.1,4407.0,8777.0,400.6
1786591005.824888,3972.8,397.1,4407.0,8777.0,400.6
1786591005.924829,3972.8,397.1,4407.0,8777.0,400.6
1786591006.024850,3972.8,397.1,4407.0,8777.0,400.6
1786591006.124839,3972.8,397.1,4407.0,8777.0,400.0
1786591006.224814,3972.8,397.1,4407.0,8777.0,400.6
1786591006.324783,3972.8,397.1,4407.0,8777.0,400.6
1786591006.424810,3972.8,397.1,4407.0,8777.0,400.6
1786591006.525327,3972.8,794.2,4407.0,9174.1,400.6
1786591006.625032,3972.8,794.2,4407.0,9174.1,500.8
1786591006.724765,3972.8,794.2,4407.0,9174.1,400.6
1786591006.824755,3972.8,794.2,4407.0,9174.1,400.6
1786591006.924854,3972.8,397.1,4407.0,8777.0,400.6
1786591007.025040,3972.8,794.2,4407.0,9174.1,400.0
1786591007.125113,3972.8,794.2,4407.0,9174.1,400.6
1786591007.224854,3972.8,794.2,4407.0,9174.1,400.0
1786591007.324769,3972.8,397.1,4407.0,8777.0,400.6
1786591007.424797,3972.8,397.1,4407.0,8777.0,400.0
1786591007.525108,3972.8,793.9,4507.2,9273.9,500.8
1786591007.625073,3972.8,794.2,4407.0,9174.1,400.6
1786591007.724779,3575.5,794.2,4407.0,8776.8,400.6
1786591007.824803,3972.8,397.1,4407.0,8777.0,400.6
1786591007.924783,3972.8,397.1,4407.0,8777.0,400.6
1786591008.024858,3972.8,397.1,4407.0,8777.0,400.6
1786591008.124805,3972.8,397.1,4407.0,8777.0,400.6
1786591008.224792,3972.8,397.1,4407.0,8777.0,400.6
1786591008.324759,3972.8,397.1,4407.0,8777.0,400.6
1786591008.424841,3972.8,397.0,4407.0,8776.8,400.6
1786591008.524776,3972.8,397.0,4407.0,8776.8,400.6
1786591008.624807,3575.5,397.0,4407.0,8379.5,400.6
1786591008.724819,3972.8,397.0,4407.0,8776.8,400.6
1786591008.824996,3972.8,397.0,4407.0,8776.8,400.6
1786591008.924854,3972.8,397.0,4407.0,8776.8,400.6
1786591009.024831,3575.5,397.0,4407.0,8379.5,400.6
1786591009.124960,3972.8,397.0,4407.0,8776.8,400.6
1786591009.225035,3972.8,397.0,4407.0,8776.8,400.6
1786591009.324830,3972.8,397.0,4407.0,8776.8,400.6
1786591009.424784,3972.8,397.0,4407.0,8776.8,400.6
1786591009.524999,3972.8,397.0,4407.0,8776.8,400.6
1786591009.624810,3972.8,397.1,4407.0,8777.0,400.6
1786591009.724786,3972.8,397.1,4407.0,8777.0,400.6
1786591009.824757,3972.8,397.1,4407.0,8777.0,400.6
1786591009.925001,3972.8,397.1,4407.0,8777.0,400.0
1786591010.025026,3972.8,793.9,4407.0,9173.8,500.8
1786591010.125144,3972.8,793.9,4507.2,9273.9,500.8
1786591010.225159,3972.8,1190.9,4607.4,9771.0,601.0
1786591010.325172,3972.8,1190.9,4607.4,9771.0,601.0
1786591010.424838,3972.8,794.2,4607.4,9374.4,500.8
1786591010.524790,3972.8,794.2,4507.2,9274.2,500.8
1786591010.624816,3972.8,794.2,4507.2,9274.2,500.0
1786591010.724767,3972.8,794.2,4507.2,9274.2,400.6
1786591010.824803,3972.8,794.2,4407.0,9174.1,400.6
1786591010.924794,3972.8,794.2,4407.0,9174.1,400.0
1786591011.024823,3972.8,794.2,4407.0,9174.1,400.6
1786591011.124876,3972.8,397.1,4407.0,8777.0,400.6
1786591011.224883,3972.8,397.1,4407.0,8777.0,400.0
1786591011.324828,3972.8,397.1,4407.0,8777.0,400.6
1786591011.425068,3972.8,794.2,4407.0,9174.1,400.6
1786591011.524966,3972.8,794.2,4407.0,9174.1,400.6
1786591011.624815,3972.8,397.1,4407.0,8777.0,400.6
1786591011.724803,3972.8,397.1,4407.0,8777.0,400.6
1786591011.824801,3972.8,397.1,4407.0,8777.0,400.6
1786591011.924805,3972.8,397.1,4407.0,8777.0,400.6
1786591012.024809,3575.5,397.1,4407.0,8379.7,400.6
1786591012.124884,3972.8,397.1,4407.0,8777.0,400.6
1786591012.224812,3575.5,397.1,4407.0,8379.7,400.6
1786591012.324825,3575.5,397.1,4407.0,8379.7,400.6
1786591012.424809,3972.8,397.0,4407.0,8776.8,400.6
1786591012.524801,3972.8,397.0,4407.0,8776.8,400.6
1786591012.624900,3972.8,397.0,4407.0,8776.8,400.6
1786591012.724803,3575.5,397.1,4407.0,8379.7,400.6
1786591012.824808,3575.5,397.1,4407.0,8379.7,400.6
1786591012.924813,3972.8,397.1,4407.0,8777.0,400.6
1786591013.024809,3972.8,397.1,4407.0,8777.0,400.6
1786591013.124819,3972.8,397.1,4407.0,8777.0,400.6
1786591013.224894,3972.8,397.1,4407.0,8777.0,400.0
1786591013.324801,3972.8,397.1,4407.0,8777.0,400.6
1786591013.424857,3972.8,397.1,4407.0,8777.0,400.6
1786591013.525071,3972.8,397.1,4407.0,8777.0,400.6
1786591013.624886,3972.8,397.1,4407.0,8777.0,400.0
1786591013.724779,3972.8,397.1,4407.0,8777.0,400.6
1786591013.824770,3972.8,397.1,4407.0,8777.0,400.6
1786591013.924810,3575.5,397.1,4407.0,8379.7,400.6
1786591014.024817,3972.8,397.1,4407.0,8777.0,400.0
1786591014.124839,3972.8,397.1,4407.0,8777.0,400.6
1786591014.224910,3575.5,397.1,4407.0,8379.7,400.6
1786591014.324900,3972.8,397.1,4407.0,8777.0,400.6
1786591014.424810,3972.8,397.1,4407.0,8777.0,400.0
1786591014.524811,3575.5,397.1,4407.0,8379.7,400.6
1786591014.624868,3972.8,397.1,4407.0,8777.0,400.6
1786591014.724824,3972.8,397.1,4407.0,8777.0,400.0
1786591014.824788,3575.5,397.1,4407.0,8379.7,400.6
1786591014.924851,3575.5,397.1,4407.0,8379.7,400.6
1786591015.024882,3575.5,397.1,4407.0,8379.7,400.6
1786591015.124825,3972.8,397.1,4407.0,8777.0,400.6
1786591015.224899,3972.8,397.1,4407.0,8777.0,400.6
1786591015.324816,3972.8,397.1,4407.0,8777.0,400.6
1786591015.424837,3972.8,397.1,4407.0,8777.0,400.6
1786591015.525148,3972.8,794.2,4407.0,9174.1,500.8
1786591015.625041,3972.8,794.2,4507.2,9274.2,500.8
1786591015.725148,3972.8,1191.4,4607.4,9771.5,601.0
1786591015.825078,3972.8,1191.4,4607.4,9771.5,601.0
1786591015.924763,3972.8,1191.4,4607.4,9771.5,601.0
1786591016.024768,3972.8,794.2,4507.2,9274.2,500.8
1786591016.124801,3972.8,794.2,4507.2,9274.2,500.8
1786591016.224817,3972.8,794.2,4507.2,9274.2,500.8
1786591016.324767,3972.8,794.2,4507.2,9274.2,400.6
1786591016.424811,3972.8,794.2,4407.0,9174.1,400.6
1786591016.525128,3972.8,794.2,4507.2,9274.2,500.8
1786591016.624968,3972.8,1191.4,4507.2,9671.4,500.8
1786591016.725196,3972.8,1191.4,4607.4,9771.5,601.0
1786591016.825092,3972.8,1191.4,4607.4,9771.5,601.0
1786591016.924781,3972.8,1191.4,4607.4,9771.5,601.0
1786591017.024760,3972.8,794.2,4507.2,9274.2,500.8
1786591017.125175,3972.8,794.2,4607.4,9374.4,500.8
1786591017.225153,3972.8,1191.4,4607.4,9771.5,601.0
1786591017.325097,3972.8,1588.5,4707.5,10268.8,601.0
1786591017.424878,3972.8,1191.4,4607.4,9771.5,601.0
1786591017.524872,3972.8,1191.4,4607.4,9771.5,500.8
1786591017.625295,3972.8,1191.4,4607.4,9771.5,601.0
1786591017.725303,3972.8,1588.5,4707.5,10268.8,601.0
1786591017.825109,3972.8,1588.5,4707.5,10268.8,701.1
1786591017.924999,3972.8,1588.5,4707.5,10268.8,601.0
1786591018.024824,3972.8,1191.4,4607.4,9771.5,601.0
1786591018.124800,3972.8,1191.4,4607.4,9771.5,500.8
1786591018.224803,3972.8,794.2,4507.2,9274.2,500.8
1786591018.324880,3972.8,794.2,4507.2,9274.2,500.8
1786591018.424857,3972.8,794.2,4507.2,9274.2,400.6
1786591018.524813,3972.8,794.2,4407.0,9174.1,400.6
1786591018.624825,3972.8,794.2,4407.0,9174.1,400.6
1786591018.724818,3972.8,794.2,4407.0,9174.1,400.6
1786591018.824886,3575.5,794.2,4407.0,8776.8,400.0
1786591018.924804,3972.8,397.1,4407.0,8777.0,400.0
1786591019.024814,3575.5,397.1,4407.0,8379.7,400.6
1786591019.124813,3972.8,397.1,4407.0,8777.0,400.6
1786591019.224870,3972.8,397.1,4407.0,8777.0,400.6
1786591019.324873,3972.8,397.1,4407.0,8777.0,400.6
1786591019.424809,3972.8,397.1,4407.0,8777.0,400.6
1786591019.524908,3972.8,397.1,4407.0,8777.0,400.6
1786591019.624814,3575.5,397.1,4407.0,8379.7,400.6
1786591019.724826,3575.5,397.1,4407.0,8379.7,400.6
1786591019.824842,3575.5,397.1,4407.0,8379.7,400.0
1786591019.924817,3972.8,397.1,4407.0,8777.0,400.0
1786591020.025124,3972.8,794.2,4407.0,9174.1,400.6
1786591020.124831,3972.8,794.2,4407.0,9174.1,400.6
1786591020.224969,3972.8,397.1,4407.0,8777.0,400.6
1786591020.324848,3972.8,397.1,4407.0,8777.0,400.6
1786591020.424813,3972.8,397.1,4407.0,8777.0,400.0
1786591020.525011,3972.8,397.1,4407.0,8777.0,400.6
1786591020.624859,3972.8,397.1,4407.0,8777.0,400.0
1786591020.724767,3972.8,397.1,4407.0,8777.0,400.6
1786591020.824851,3575.5,397.1,4407.0,8379.7,400.6
1786591020.924794,3972.8,397.1,4407.0,8777.0,400.6
1786591021.025022,3972.8,794.2,4407.0,9174.1,500.8
1786591021.125063,3972.8,794.2,4507.2,9274.2,500.8
1786591021.225219,3972.8,1191.4,4607.4,9771.5,601.0
1786591021.325016,3972.8,1191.4,4607.4,9771.5,601.0
1786591021.424796,3972.8,794.2,4607.4,9374.4,601.0
1786591021.525089,3972.8,1191.4,4607.4,9771.5,500.8
1786591021.624816,3972.8,794.2,4507.2,9274.2,500.8
1786591021.724838,3972.8,794.2,4507.2,9274.2,500.8
1786591021.824773,3972.8,794.2,4507.2,9274.2,400.6
1786591021.924779,3972.8,794.2,4407.0,9174.1,400.6
1786591022.024843,3972.8,794.2,4407.0,9174.1,400.6
1786591022.124808,3972.8,794.2,4407.0,9174.1,400.0
1786591022.225120,3972.8,794.2,4407.0,9174.1,400.6
1786591022.324877,3972.8,794.2,4407.0,9174.1,400.6
1786591022.424829,3972.8,794.2,4407.0,9174.1,400.6
1786591022.524779,3972.8,397.1,4407.0,8777.0,400.0
1786591022.624883,3575.5,397.1,4407.0,8379.7,400.0
1786591022.724803,3972.8,397.1,4407.0,8777.0,400.6
1786591022.824838,3575.5,397.1,4407.0,8379.7,400.6
1786591022.924782,3575.5,397.1,4407.0,8379.7,400.6
1786591023.024793,3972.8,397.1,4407.0,8777.0,400.0
1786591023.124801,3972.8,397.1,4407.0,8777.0,400.6
1786591023.224847,3972.8,397.1,4407.0,8777.0,400.6
1786591023.324813,3972.8,397.1,4407.0,8777.0,400.0
1786591023.424924,3972.8,397.1,4407.0,8777.0,400.6
1786591023.524985,3575.5,397.1,4407.0,8379.7,400.6
1786591023.624893,3972.8,397.1,4407.0,8777.0,400.6
1786591023.724800,3575.5,397.1,4407.0,8379.7,400.0
1786591023.824785,3972.8,397.1,4407.0,8777.0,400.0
1786591023.924783,3575.5,397.1,4407.0,8379.7,400.6
1786591024.024804,3575.5,397.1,4407.0,8379.7,400.0
1786591024.124922,3972.8,397.1,4407.0,8777.0,400.6
1786591024.224829,3972.8,397.1,4407.0,8777.0,400.6
1786591024.324795,3972.8,397.1,4407.0,8777.0,400.6
1786591024.424929,3972.8,397.1,4407.0,8777.0,400.6
1786591024.525078,3575.5,397.1,4407.0,8379.7,400.6
1786591024.624857,3575.5,397.1,4407.0,8379.7,400.6
1786591024.724775,3575.5,397.1,4407.0,8379.7,400.6
1786591024.824785,3972.8,397.1,4407.0,8777.0,400.6
1786591024.924816,3972.8,397.1,4407.0,8777.0,400.6
1786591025.024820,3972.8,397.1,4407.0,8777.0,400.6
1786591025.124822,3972.8,397.1,4407.0,8777.0,400.6
1786591025.225129,3972.8,794.2,4407.0,9174.1,400.6
1786591025.324755,3972.8,794.2,4407.0,9174.1,400.6
1786591025.424770,3972.8,794.2,4407.0,9174.1,400.6
1786591025.524972,3972.8,397.1,4407.0,8777.0,400.6
1786591025.624840,3972.8,397.1,4407.0,8777.0,400.6
1786591025.724809,3575.5,397.1,4407.0,8379.7,400.6
1786591025.824822,3972.8,397.1,4407.0,8777.0,400.0
1786591025.924775,3972.8,397.1,4407.0,8777.0,400.0
1786591026.024791,3972.8,397.1,4407.0,8777.0,400.6
1786591026.124865,3575.5,397.1,4407.0,8379.7,400.0
1786591026.224813,3972.8,397.1,4407.0,8777.0,400.6
1786591026.324848,3575.5,397.1,4407.0,8379.7,400.6
1786591026.424805,3972.8,397.1,4407.0,8777.0,400.0
1786591026.525016,3972.8,794.2,4407.0,9174.1,500.8
1786591026.625192,3972.8,793.9,4507.2,9273.9,500.8
1786591026.725322,3972.8,1190.9,4607.4,9771.0,601.0
1786591026.825072,3972.8,1191.4,4707.5,9871.7,601.0
1786591026.924782,3972.8,1191.4,4607.4,9771.5,601.0
1786591027.024807,3972.8,794.2,4607.4,9374.4,500.8
1786591027.124793,3972.8,794.2,4507.2,9274.2,500.8
1786591027.224883,3972.8,794.2,4507.2,9274.2,500.8
1786591027.324821,3972.8,794.2,4507.2,9274.2,400.6
1786591027.424877,3972.8,794.2,4407.0,9174.1,400.6
1786591027.525056,3972.8,794.2,4407.0,9174.1,400.0
1786591027.625097,3972.8,794.2,4507.2,9274.2,500.8
1786591027.724864,3972.8,794.2,4507.2,9274.2,400.0
1786591027.824839,3972.8,794.2,4407.0,9174.1,400.6
1786591027.924797,3972.8,794.2,4407.0,9174.1,400.0
1786591028.024769,3972.8,794.2,4407.0,9174.1,400.6
1786591028.124845,3972.8,397.1,4407.0,8777.0,400.6
1786591028.224832,3972.8,397.1,4407.0,8777.0,400.6
1786591028.324820,3575.5,397.1,4407.0,8379.7,400.6
1786591028.424819,3575.5,397.1,4407.0,8379.7,400.0
1786591028.524863,3972.8,397.1,4407.0,8777.0,400.6
1786591028.624876,3972.8,397.1,4407.0,8777.0,400.6
1786591028.724793,3575.5,397.1,4407.0,8379.7,400.0
1786591028.824882,3575.5,397.1,4407.0,8379.7,400.6
1786591028.924837,3575.5,397.1,4407.0,8379.7,400.6
1786591029.025108,3972.8,397.0,4407.0,8776.8,400.6
1786591029.124828,3575.5,397.1,4407.0,8379.7,400.6
1786591029.225028,3972.8,397.0,4407.0,8776.8,400.6
1786591029.324814,3972.8,397.1,4407.0,8777.0,400.6
1786591029.424834,3972.8,397.1,4407.0,8777.0,400.6
1786591029.525020,3972.8,397.1,4407.0,8777.0,400.6
1786591029.624935,3972.8,397.1,4407.0,8777.0,400.0
1786591029.724834,3972.8,397.1,4407.0,8777.0,400.0
1786591029.824893,3972.8,397.1,4407.0,8777.0,400.6
1786591029.924831,3575.5,397.1,4407.0,8379.7,400.0
1786591030.024820,3972.8,397.1,4407.0,8777.0,400.6
1786591030.124851,3575.5,397.1,4407.0,8379.7,400.6
1786591030.224844,3575.5,397.1,4407.0,8379.7,400.6
1786591030.324821,3972.8,397.1,4407.0,8777.0,400.6
1786591030.424814,3972.8,397.1,4407.0,8777.0,400.0
1786591030.524840,3575.5,397.1,4407.0,8379.7,400.0
1786591030.624962,3575.5,397.1,4407.0,8379.7,400.6
1786591030.724832,3972.8,397.0,4407.0,8776.8,400.0
1786591030.824876,3575.5,397.0,4407.0,8379.5,400.6
1786591030.924842,3972.8,397.1,4407.0,8777.0,400.0
1786591031.024851,3972.8,397.0,4407.0,8776.8,400.0
1786591031.124833,3972.8,397.0,4407.0,8776.8,400.0
1786591031.225110,3972.8,397.0,4407.0,8776.8,400.0
1786591031.324846,3972.8,397.1,4407.0,8777.0,400.6
1786591031.424887,3972.8,397.1,4407.0,8777.0,400.6
1786591031.524972,3972.8,397.1,4407.0,8777.0,400.6
1786591031.624927,3972.8,397.1,4407.0,8777.0,400.6
1786591031.724840,3972.8,397.0,4407.0,8776.8,400.0
1786591031.824841,3575.5,397.0,4407.0,8379.5,400.6
1786591031.925084,3972.8,397.1,4407.0,8777.0,400.6
1786591032.025102,3972.8,793.9,4407.0,9173.8,500.8
1786591032.125186,3972.8,793.9,4507.2,9273.9,500.8
1786591032.225212,3972.8,1190.9,4607.4,9771.0,601.0
1786591032.325089,3972.8,1190.9,4607.4,9771.0,601.0
1786591032.425160,3972.8,1190.9,4607.4,9771.0,601.0
1786591032.525001,3972.8,1191.4,4607.4,9771.5,500.8
1786591032.624879,3972.8,794.2,4507.2,9274.2,500.8
1786591032.724830,3972.8,794.2,4507.2,9274.2,500.0
1786591032.824921,3972.8,793.9,4507.2,9273.9,400.6
1786591032.924803,3972.8,793.9,4407.0,9173.8,400.6
1786591033.024832,3972.8,793.9,4407.0,9173.8,400.6
1786591033.124837,3972.8,793.9,4407.0,9173.8,400.6
1786591033.224961,3972.8,793.9,4407.0,9173.8,400.6
1786591033.324836,3972.8,397.1,4407.0,8777.0,400.6
1786591033.424827,3972.8,397.1,4407.0,8777.0,400.6
1786591033.525076,3972.8,794.2,4407.0,9174.1,400.6
1786591033.625034,3972.8,794.2,4407.0,9174.1,400.6
1786591033.724821,3575.5,397.1,4407.0,8379.7,400.6
1786591033.824910,3972.8,397.1,4407.0,8777.0,400.6
1786591033.924817,3972.8,397.1,4407.0,8777.0,400.6
1786591034.024803,3972.8,397.0,4407.0,8776.8,400.0
1786591034.124825,3575.5,397.1,4407.0,8379.7,400.0
1786591034.225034,3575.5,794.2,4407.0,8776.8,400.0
1786591034.324818,3972.8,397.1,4407.0,8777.0,400.0
1786591034.424798,3575.5,397.1,4407.0,8379.7,400.6
1786591034.524811,3972.8,397.1,4407.0,8777.0,400.6
1786591034.624935,3972.8,397.1,4407.0,8777.0,400.6
1786591034.724896,3972.8,397.1,4407.0,8777.0,400.6
1786591034.824872,3972.8,397.1,4407.0,8777.0,400.6
1786591034.924815,3972.8,397.1,4407.0,8777.0,400.6
1786591035.024815,3972.8,397.1,4407.0,8777.0,400.6
1786591035.124875,3972.8,397.1,4407.0,8777.0,400.6
1786591035.224999,3972.8,397.1,4407.0,8777.0,400.6
1786591035.324780,3972.8,397.1,4407.0,8777.0,400.6
1786591035.424757,3575.5,397.1,4407.0,8379.7,400.0
1786591035.524873,3972.8,397.1,4407.0,8777.0,400.6
1786591035.624798,3575.5,397.1,4407.0,8379.7,400.6
1786591035.725043,3972.8,793.9,4407.0,9173.8,400.6
1786591035.824833,3972.8,794.2,4407.0,9174.1,400.6
1786591035.924767,3575.5,397.1,4407.0,8379.7,400.0
1786591036.024752,3972.8,397.1,4407.0,8777.0,400.0
1786591036.124796,3972.8,397.1,4407.0,8777.0,400.6
1786591036.224791,3575.5,397.1,4407.0,8379.7,400.6
1786591036.324749,3575.5,397.1,4407.0,8379.7,400.6
1786591036.424766,3575.5,397.1,4407.0,8379.7,400.6
1786591036.524801,3972.8,397.1,4407.0,8777.0,400.6
1786591036.624866,3972.8,397.1,4407.0,8777.0,400.6
1786591036.724878,3972.8,397.1,4407.0,8777.0,400.6
1786591036.824872,3972.8,397.1,4407.0,8777.0,400.6
1786591036.924800,3972.8,397.1,4407.0,8777.0,400.6
1786591037.024812,3972.8,397.1,4407.0,8777.0,400.6
1786591037.124822,3972.8,397.1,4407.0,8777.0,400.6
1786591037.224890,3972.8,397.1,4407.0,8777.0,400.6
1786591037.324764,3972.8,397.1,4407.0,8777.0,400.6
1786591037.424839,3972.8,397.1,4407.0,8777.0,400.6
1786591037.525030,3972.8,793.9,4407.0,9173.8,500.8
1786591037.625494,3972.8,793.9,4507.2,9273.9,500.8
1786591037.725305,3972.8,1190.9,4607.4,9771.0,601.0
1786591037.825181,3972.8,1190.9,4707.5,9871.2,701.1
1786591037.924809,3972.8,1191.4,4607.4,9771.5,601.0
1786591038.024762,3972.8,794.2,4607.4,9374.4,500.8
1786591038.124787,3972.8,794.2,4507.2,9274.2,500.8
1786591038.224773,3972.8,794.2,4507.2,9274.2,500.8
1786591038.324790,3972.8,794.2,4507.2,9274.2,400.6
1786591038.424826,3972.8,794.2,4407.0,9174.1,400.0
1786591038.524811,3972.8,794.2,4407.0,9174.1,400.6
1786591038.624870,3972.8,794.2,4407.0,9174.1,400.6
1786591038.724815,3972.8,794.2,4407.0,9174.1,400.6
1786591038.824993,3972.8,794.2,4407.0,9174.1,400.6
1786591038.924809,3575.5,397.1,4407.0,8379.7,400.6
1786591039.024787,3972.8,397.1,4407.0,8777.0,400.6
1786591039.124806,3972.8,397.1,4407.0,8777.0,400.6
1786591039.224857,3972.8,397.1,4407.0,8777.0,400.6
1786591039.324738,3972.8,397.1,4407.0,8777.0,400.6
1786591039.424773,3972.8,397.1,4407.0,8777.0,400.6
1786591039.524827,3575.5,397.1,4407.0,8379.7,400.6
1786591039.624803,3972.8,397.1,4407.0,8777.0,400.0
1786591039.724812,3972.8,397.1,4407.0,8777.0,400.0
1786591039.824979,3972.8,397.1,4407.0,8777.0,400.6
1786591039.924845,3575.5,397.1,4407.0,8379.7,400.0
1786591040.025032,3972.8,397.1,4407.0,8777.0,400.6
1786591040.124783,3575.5,397.1,4407.0,8379.7,400.6
1786591040.224779,3972.8,397.1,4407.0,8777.0,400.6
1786591040.324744,3972.8,397.1,4407.0,8777.0,400.6
1786591040.424821,3972.8,397.1,4407.0,8777.0,400.6
1786591040.524803,3972.8,397.1,4407.0,8777.0,400.0
1786591040.624902,3972.8,397.1,4407.0,8777.0,400.0
1786591040.724814,3972.8,397.1,4407.0,8777.0,400.6
1786591040.824881,3972.8,397.1,4407.0,8777.0,400.0
1786591040.924855,3972.8,397.1,4407.0,8777.0,400.0
1786591041.024795,3575.5,397.1,4407.0,8379.7,400.6
1786591041.124819,3972.8,397.1,4407.0,8777.0,400.6
1786591041.224911,3972.8,397.1,4407.0,8777.0,400.0
1786591041.324809,3972.8,397.0,4407.0,8776.8,400.0
1786591041.424805,3972.8,397.0,4407.0,8776.8,400.6
1786591041.524895,3575.5,397.0,4407.0,8379.5,400.6
1786591041.624869,3972.8,397.0,4407.0,8776.8,400.6
1786591041.724931,3972.8,397.0,4407.0,8776.8,400.6
1786591041.824816,3575.5,397.0,4407.0,8379.5,400.6
1786591041.924820,3575.5,397.1,4407.0,8379.7,400.6
1786591042.024763,3972.8,397.1,4407.0,8777.0,400.6
1786591042.125031,3972.8,794.2,4407.0,9174.1,400.6
1786591042.224776,3575.5,397.1,4407.0,8379.7,400.6
1786591042.324752,3575.5,397.1,4407.0,8379.7,400.6
1786591042.424783,3972.8,397.1,4407.0,8777.0,400.6
1786591042.524845,3972.8,397.1,4407.0,8777.0,400.6
1786591042.624855,3972.8,397.1,4407.0,8777.0,400.0
1786591042.724827,3575.5,397.1,4407.0,8379.7,400.0
1786591042.824824,3972.8,397.1,4407.0,8777.0,400.6
1786591042.924953,3972.8,397.1,4407.0,8777.0,400.6
1786591043.025047,3972.8,794.2,4407.0,9174.1,500.8
1786591043.124969,3972.8,794.2,4507.2,9274.2,500.8
1786591043.225414,3972.8,1190.9,4607.4,9771.0,601.0
1786591043.325079,3972.8,1191.4,4607.4,9771.5,601.0
1786591043.424807,3972.8,794.2,4607.4,9374.4,500.8
1786591043.524929,3972.8,794.2,4507.2,9274.2,500.8
1786591043.624953,3972.8,794.2,4507.2,9274.2,500.0
1786591043.724827,3972.8,794.2,4507.2,9274.2,500.0
1786591043.824769,3972.8,794.2,4507.2,9274.2,400.6
1786591043.924863,3972.8,794.2,4407.0,9174.1,400.6
1786591044.024833,3972.8,794.2,4407.0,9174.1,400.6
1786591044.124826,3972.8,794.2,4407.0,9174.1,400.6
1786591044.225028,3972.8,794.2,4407.0,9174.1,400.6
1786591044.324761,3972.8,794.2,4407.0,9174.1,400.0
1786591044.424781,3972.8,397.1,4407.0,8777.0,400.6
1786591044.524773,3972.8,397.1,4407.0,8777.0,400.6
1786591044.624822,3972.8,397.1,4407.0,8777.0,400.6
1786591044.724818,3575.5,397.1,4407.0,8379.7,400.6
1786591044.824800,3972.8,397.1,4407.0,8777.0,400.6
1786591044.924916,3575.5,397.1,4407.0,8379.7,400.6
1786591045.024819,3972.8,397.1,4407.0,8777.0,400.6
1786591045.124829,3575.5,397.1,4407.0,8379.7,400.6
1786591045.224936,3972.8,397.1,4407.0,8777.0,400.6
1786591045.324796,3972.8,397.1,4407.0,8777.0,400.6
1786591045.424853,3972.8,397.1,4407.0,8777.0,400.0
1786591045.524978,3575.5,397.1,4407.0,8379.7,400.6
1786591045.624795,3575.5,397.1,4407.0,8379.7,400.0
1786591045.724835,3972.8,397.1,4407.0,8777.0,400.6
1786591045.824795,3972.8,397.1,4407.0,8777.0,400.6
1786591045.924895,3972.8,397.1,4407.0,8777.0,400.6
1786591046.024818,3972.8,397.1,4407.0,8777.0,400.0
1786591046.124830,3972.8,397.1,4407.0,8777.0,400.6
1786591046.224834,3972.8,397.1,4407.0,8777.0,400.6
1786591046.324783,3972.8,397.1,4407.0,8777.0,400.6
1786591046.424889,3575.5,397.1,4407.0,8379.7,400.6
1786591046.525029,3575.5,397.1,4407.0,8379.7,400.6
1786591046.624795,3972.8,397.1,4407.0,8777.0,400.6
1786591046.725097,3972.8,794.2,4407.0,9174.1,400.6
1786591046.825058,3972.8,794.2,4407.0,9174.1,400.6
1786591046.924826,3972.8,794.2,4407.0,9174.1,400.6
1786591047.024920,3972.8,794.2,4407.0,9174.1,400.6
1786591047.124817,3972.8,794.2,4407.0,9174.1,400.6
1786591047.224910,3972.8,794.2,4407.0,9174.1,400.6
1786591047.324775,3972.8,397.1,4407.0,8777.0,400.6
1786591047.424818,3972.8,397.1,4407.0,8777.0,400.0
1786591047.524922,3972.8,397.1,4407.0,8777.0,400.6
1786591047.624904,3972.8,397.1,4407.0,8777.0,400.0
1786591047.725061,3972.8,793.9,4407.0,9173.8,400.6
1786591047.824768,3972.8,793.9,4407.0,9173.8,400.6
1786591047.924776,3972.8,397.1,4407.0,8777.0,400.6
1786591048.024797,3972.8,397.1,4407.0,8777.0,400.6
1786591048.124802,3575.5,397.1,4407.0,8379.7,400.6
1786591048.224813,3575.5,397.1,4407.0,8379.7,400.6
1786591048.324798,3972.8,397.1,4407.0,8777.0,400.6
1786591048.424836,3972.8,397.1,4407.0,8777.0,400.6
1786591048.525037,3972.8,793.9,4407.0,9173.8,500.8
1786591048.625214,3972.8,793.9,4507.2,9273.9,500.8
1786591048.725719,3971.2,1190.9,4607.4,9769.4,601.0
1786591048.825185,3972.8,1587.8,4707.5,10268.2,701.1
1786591048.925193,3972.8,1587.8,4707.5,10268.2,701.1
1786591049.025097,3972.8,1587.8,4707.5,10268.2,701.1
1786591049.125089,3972.8,1191.4,4707.5,9871.7,601.0
1786591049.224948,3972.8,1191.4,4607.4,9771.5,601.0
1786591049.324770,3972.8,1191.4,4607.4,9771.5,500.8
1786591049.424758,3972.8,794.2,4507.2,9274.2,500.8
1786591049.524895,3972.8,794.2,4507.2,9274.2,500.8
1786591049.624832,3972.8,794.2,4507.2,9274.2,400.6
1786591049.724823,3972.8,794.2,4407.0,9174.1,400.6
1786591049.824829,3972.8,794.2,4407.0,9174.1,400.6
1786591049.924902,3972.8,794.2,4407.0,9174.1,400.0
1786591050.024860,3972.8,794.2,4407.0,9174.1,400.0
1786591050.124880,3972.8,397.1,4407.0,8777.0,400.0
1786591050.224804,3972.8,397.1,4407.0,8777.0,400.6
1786591050.324801,3972.8,397.1,4407.0,8777.0,400.6
1786591050.424786,3972.8,397.1,4407.0,8777.0,400.6
1786591050.524909,3972.8,397.1,4407.0,8777.0,400.6
1786591050.624814,3972.8,397.0,4407.0,8776.8,400.6
1786591050.724870,3972.8,397.0,4407.0,8776.8,400.6
1786591050.824892,3575.5,397.0,4407.0,8379.5,400.6
1786591050.924917,3972.8,397.0,4407.0,8776.8,400.6
1786591051.025074,3972.8,397.1,4407.0,8777.0,400.6
1786591051.125010,3972.8,397.1,4407.0,8777.0,400.0
1786591051.225011,3972.8,397.0,4407.0,8776.8,400.6
1786591051.324848,3972.8,397.1,4407.0,8777.0,400.6
1786591051.424838,3575.5,397.1,4407.0,8379.7,400.6
1786591051.524916,3972.8,397.1,4407.0,8777.0,400.6
1786591051.624812,3972.8,397.1,4407.0,8777.0,400.6
1786591051.724896,3972.8,397.1,4407.0,8777.0,400.6
1786591051.824844,3972.8,397.1,4407.0,8777.0,400.6
1786591051.924926,3972.8,397.1,4407.0,8777.0,400.0
1786591052.024810,3972.8,397.1,4407.0,8777.0,400.6
1786591052.124905,3972.8,397.1,4407.0,8777.0,400.6
1786591052.224884,3972.8,397.1,4407.0,8777.0,400.0
1786591052.324806,3972.8,397.1,4407.0,8777.0,400.6
1786591052.424848,3972.8,397.1,4407.0,8777.0,400.0
1786591052.524807,3575.5,397.1,4407.0,8379.7,400.6
1786591052.624797,3972.8,397.1,4407.0,8777.0,400.6
1786591052.724802,3972.8,397.1,4407.0,8777.0,400.0
1786591052.824766,3972.8,397.1,4407.0,8777.0,400.6
1786591052.924872,3972.8,397.1,4407.0,8777.0,400.6
1786591053.024772,3972.8,397.1,4407.0,8777.0,400.0
1786591053.124940,3972.8,397.1,4407.0,8777.0,400.6
1786591053.225072,3972.8,794.2,4407.0,9174.1,400.6
1786591053.324777,3972.8,397.1,4407.0,8777.0,400.6
1786591053.424784,3972.8,397.1,4407.0,8777.0,400.6
1786591053.525158,3972.8,794.2,4407.0,9174.1,400.6
1786591053.624832,3972.8,397.1,4407.0,8777.0,400.6
1786591053.724833,3972.8,397.1,4407.0,8777.0,400.6
1786591053.824829,3972.8,397.1,4407.0,8777.0,400.6
1786591053.924868,3575.5,397.1,4407.0,8379.7,400.6
1786591054.025026,3972.8,794.2,4407.0,9174.1,500.8
1786591054.125096,3972.8,794.2,4507.2,9274.2,500.8
1786591054.225308,3972.8,1191.4,4607.4,9771.5,601.0
1786591054.325074,3972.8,1191.4,4607.4,9771.5,601.0
1786591054.424787,3972.8,794.2,4607.4,9374.4,500.8
1786591054.524764,3972.8,794.2,4507.2,9274.2,500.8
1786591054.624749,3972.8,794.2,4507.2,9274.2,500.8
1786591054.724794,3972.8,794.2,4507.2,9274.2,400.0
1786591054.824758,3972.8,794.2,4407.0,9174.1,400.6
1786591054.924889,3972.8,794.2,4407.0,9174.1,400.6
1786591055.024814,3972.8,794.2,4407.0,9174.1,400.6
1786591055.124924,3972.8,397.1,4407.0,8777.0,400.6
1786591055.224921,3575.5,397.1,4407.0,8379.7,400.6
1786591055.324814,3575.5,397.1,4407.0,8379.7,400.6
1786591055.424851,3575.5,397.1,4407.0,8379.7,400.0
1786591055.525077,3972.8,397.1,4407.0,8777.0,400.6
1786591055.624764,3972.8,397.1,4407.0,8777.0,400.6
1786591055.724781,3972.8,397.1,4407.0,8777.0,400.6
1786591055.824761,3972.8,397.1,4407.0,8777.0,400.0
1786591055.924902,3972.8,397.1,4407.0,8777.0,400.0
1786591056.024804,3972.8,397.1,4407.0,8777.0,400.6
1786591056.124887,3972.8,397.1,4407.0,8777.0,400.6
1786591056.224874,3972.8,397.1,4407.0,8777.0,400.6
1786591056.324825,3972.8,397.1,4407.0,8777.0,400.0
1786591056.424819,3972.8,397.1,4407.0,8777.0,400.6
1786591056.524826,3972.8,397.1,4407.0,8777.0,400.6
1786591056.624826,3972.8,397.1,4407.0,8777.0,400.6
1786591056.724840,3972.8,397.1,4407.0,8777.0,400.0
1786591056.824834,3575.5,397.1,4407.0,8379.7,400.6
1786591056.924962,3972.8,397.1,4407.0,8777.0,400.6
1786591057.024802,3575.5,397.1,4407.0,8379.7,400.6
1786591057.124908,3972.8,397.1,4407.0,8777.0,400.0
1786591057.224913,3972.8,397.1,4407.0,8777.0,400.0
1786591057.324798,3972.8,397.1,4407.0,8777.0,400.6
1786591057.424798,3972.8,397.1,4407.0,8777.0,400.6
1786591057.524891,3972.8,397.1,4407.0,8777.0,400.6
1786591057.624820,3972.8,397.1,4407.0,8777.0,400.6
1786591057.725313,3972.8,794.2,4407.0,9174.1,400.6
1786591057.825116,3972.8,794.2,4407.0,9174.1,400.6
1786591057.924813,3972.8,794.2,4407.0,9174.1,400.6
1786591058.025167,3972.8,794.2,4407.0,9174.1,400.6
1786591058.124886,3972.8,794.2,4407.0,9174.1,400.6
1786591058.224849,3972.8,794.2,4407.0,9174.1,400.6
1786591058.324777,3972.8,397.1,4407.0,8777.0,400.6
1786591058.425236,3972.8,794.2,4507.2,9274.2,500.8
1786591058.525127,3972.8,1191.4,4507.2,9671.4,500.8
1786591058.625147,3972.8,1191.4,4607.4,9771.5,601.0
1786591058.724811,3972.8,1191.4,4507.2,9671.4,500.8
1786591058.824804,3972.8,794.2,4507.2,9274.2,500.8
1786591058.924890,3972.8,794.2,4507.2,9274.2,500.8
1786591059.025157,3972.8,1191.4,4607.4,9771.5,601.0
1786591059.125275,3972.8,1191.4,4607.4,9771.5,601.0
1786591059.225188,3972.8,1191.4,4607.4,9771.5,601.0
1786591059.324845,3972.8,1191.4,4607.4,9771.5,500.0
1786591059.424798,3972.8,794.2,4507.2,9274.2,500.8
1786591059.525131,3972.8,1191.4,4607.4,9771.5,500.8
1786591059.625009,3972.8,1191.4,4607.4,9771.5,601.0
1786591059.725105,3972.8,1191.4,4707.5,9871.7,601.0
1786591059.825057,3972.8,1191.4,4707.5,9871.7,701.1
1786591059.924779,3972.8,1191.4,4607.4,9771.5,601.0
1786591060.024769,3972.8,1191.4,4607.4,9771.5,500.8
1786591060.124859,3972.8,794.2,4507.2,9274.2,500.8
1786591060.224787,3972.8,794.2,4507.2,9274.2,500.0
1786591060.324813,3972.8,794.2,4507.2,9274.2,400.6
1786591060.424788,3972.8,794.2,4407.0,9174.1,400.6
1786591060.524809,3972.8,794.2,4407.0,9174.1,400.6
1786591060.624734,3972.8,794.2,4407.0,9174.1,400.0
1786591060.724792,3972.8,397.1,4407.0,8777.0,400.0
1786591060.824817,3972.8,397.1,4407.0,8777.0,400.0
1786591060.924771,3972.8,397.1,4407.0,8777.0,400.0
1786591061.024848,3972.8,397.1,4407.0,8777.0,400.0
1786591061.124906,3575.5,397.1,4407.0,8379.7,400.6
1786591061.225072,3972.8,397.1,4407.0,8777.0,400.6
1786591061.324890,3575.5,397.1,4407.0,8379.7,400.0
1786591061.424838,3972.8,397.1,4407.0,8777.0,400.6
1786591061.524911,3575.5,397.1,4407.0,8379.7,400.0
1786591061.624799,3575.5,397.1,4407.0,8379.7,400.0
1786591061.724785,3972.8,397.1,4407.0,8777.0,400.0
1786591061.824887,3575.5,397.1,4407.0,8379.7,400.6
1786591061.924897,3972.8,397.1,4407.0,8777.0,400.0
1786591062.025054,3972.8,794.2,4407.0,9174.1,500.8
1786591062.125132,3972.8,794.2,4507.2,9274.2,500.8
1786591062.225091,3972.8,1191.4,4607.4,9771.5,601.0
1786591062.325031,3972.8,1191.4,4607.4,9771.5,601.0
1786591062.424824,3972.8,1191.4,4607.4,9771.5,500.8
1786591062.524795,3972.8,794.2,4507.2,9274.2,500.8
1786591062.624779,3972.8,794.2,4507.2,9274.2,500.8
1786591062.724790,3972.8,794.2,4507.2,9274.2,400.6
1786591062.824848,3972.8,794.2,4407.0,9174.1,400.6
1786591062.924805,3972.8,794.2,4407.0,9174.1,400.6
1786591063.024822,3972.8,794.2,4407.0,9174.1,400.0
1786591063.124924,3972.8,794.2,4407.0,9174.1,400.0
1786591063.224759,3972.8,397.1,4407.0,8777.0,400.6
1786591063.324958,3972.8,397.1,4407.0,8777.0,400.6
1786591063.424772,3575.5,397.1,4407.0,8379.7,400.0
1786591063.524864,3575.5,397.1,4407.0,8379.7,400.0
1786591063.624781,3972.8,397.0,4407.0,8776.8,400.6
1786591063.724850,3575.5,397.0,4407.0,8379.5,400.6
1786591063.824809,3575.5,397.0,4407.0,8379.5,400.6
1786591063.924807,3575.5,397.0,4407.0,8379.5,400.6
1786591064.024816,3575.5,397.0,4407.0,8379.5,400.0
1786591064.124934,3972.8,397.0,4407.0,8776.8,400.6
1786591064.224992,3972.8,793.9,4407.0,9173.8,400.6
1786591064.324879,3972.8,397.1,4407.0,8777.0,400.6
1786591064.424868,3575.5,397.1,4407.0,8379.7,400.6
1786591064.524851,3575.5,397.1,4407.0,8379.7,400.6
1786591064.624863,3575.5,397.1,4407.0,8379.7,400.6
1786591064.724788,3972.8,397.1,4407.0,8777.0,400.6
1786591064.824827,3972.8,397.1,4407.0,8777.0,400.6
1786591064.924838,3972.8,397.1,4407.0,8777.0,400.0
1786591065.025370,3972.8,793.9,4507.2,9273.9,500.8
1786591065.125227,3972.8,1190.9,4607.4,9771.0,601.0
1786591065.225163,3972.8,1190.9,4707.5,9871.2,601.0
1786591065.325106,3972.8,1588.5,4707.5,10268.8,701.1
1786591065.425292,3972.8,1191.4,4707.5,9871.7,601.0
1786591065.525259,3972.8,1588.5,4707.5,10268.8,601.0
1786591065.625122,3972.8,1588.5,4707.5,10268.8,701.1
1786591065.725274,3972.8,1588.5,4707.5,10268.8,701.1
1786591065.825404,3972.8,1588.5,4707.5,10268.8,701.1
1786591065.925107,3972.8,1191.4,4807.7,9971.8,701.1
1786591066.025198,3972.8,1191.4,4807.7,9971.8,701.1
1786591066.125179,3972.8,1191.4,4807.7,9971.8,701.1
1786591066.225041,3972.8,1191.4,4807.7,9971.8,701.1
1786591066.325166,3972.8,1191.4,4807.7,9971.8,701.1
1786591066.425867,3972.8,1191.4,4807.7,9971.8,801.3
1786591066.525180,3972.8,1588.5,4807.7,10369.0,801.3
1786591066.625065,3972.8,1588.5,4807.7,10369.0,701.1
1786591066.725037,3972.8,1191.4,4807.7,9971.8,801.3
1786591066.825145,3972.8,1588.5,4907.8,10469.1,801.3
1786591066.925171,3972.8,1588.5,4807.7,10369.0,801.3
1786591067.025106,3972.8,1588.5,4807.7,10369.0,701.1
1786591067.125120,3972.8,1588.5,4807.7,10369.0,701.1
1786591067.225120,3972.8,1588.5,4807.7,10369.0,701.1
1786591067.325146,3972.8,1588.5,4807.7,10369.0,701.1
1786591067.425097,3972.8,1588.5,4807.7,10369.0,701.1
1786591067.525075,3972.8,1588.5,4707.5,10268.8,601.0
1786591067.625266,4370.1,1587.8,5108.2,11066.1,1001.6
1786591067.725171,4767.4,1588.5,5408.6,11764.5,1201.9
1786591067.825315,4767.4,1588.5,5709.1,12065.0,1402.2
1786591067.925159,5164.6,1588.5,5909.4,12662.6,1600.0
1786591068.025112,5164.6,1588.5,6009.6,12762.7,1700.0
1786591068.125135,5164.6,1588.5,6209.9,12963.0,1700.0
1786591068.225275,5164.6,1588.5,5909.4,12662.6,1502.4
1786591068.325856,4767.4,1588.5,5709.1,12065.0,1302.1
1786591068.425108,4767.4,1588.5,5508.8,11864.6,1201.9
1786591068.525759,4767.4,1588.5,5609.0,11964.8,1300.0
1786591068.625105,5164.6,1588.5,5609.0,12362.1,1300.0
1786591068.725222,5959.2,1190.9,6009.6,13159.7,1600.0
1786591068.825134,6356.5,1191.4,6209.9,13757.8,1700.0
1786591068.925194,5959.2,1191.4,5909.4,13060.0,1400.0
1786591069.025110,5561.9,1191.4,5709.1,12462.4,1300.0
1786591069.125158,5164.6,1191.4,5508.8,11864.8,1101.8
1786591069.225190,4767.4,1191.4,5308.5,11267.2,1001.6
1786591069.325226,4767.4,1191.4,5208.3,11167.0,901.4
1786591069.425147,4370.1,1191.4,5108.2,10669.6,901.4
1786591069.525252,4370.1,1191.4,5108.2,10669.6,901.4
1786591069.625059,4370.1,1191.4,5008.0,10569.4,801.3
1786591069.725167,3972.8,1191.4,5008.0,10172.2,801.3
1786591069.825102,3972.8,1191.4,5008.0,10172.2,801.3
1786591069.925116,3972.8,1191.4,4907.8,10072.0,801.3
1786591070.025117,3972.8,1191.4,4907.8,10072.0,801.3
1786591070.125104,3972.8,1191.4,4807.7,9971.8,701.1
1786591070.225761,3972.8,1191.4,4807.7,9971.8,701.1
1786591070.325626,3972.8,1191.4,4907.8,10072.0,801.3
1786591070.425343,4370.1,1190.9,5108.2,10669.1,1001.6
1786591070.525832,4370.1,1587.8,5208.3,11166.2,1101.8
1786591070.625718,4370.1,1587.8,5208.3,11166.2,1101.8
1786591070.725912,4370.1,1984.8,5308.5,11663.4,1101.8
1786591070.825338,4767.4,1984.8,5508.8,12261.0,1201.9
1786591070.925061,5164.6,1587.8,5508.8,12261.3,1201.9
1786591071.024780,5959.2,1587.8,5508.8,13055.8,1201.9
1786591071.124788,6356.5,1190.9,5508.8,13056.2,1201.9
1786591071.224771,6753.8,1191.4,5508.8,13453.9,1201.9
1786591071.324905,6753.8,794.2,5508.8,13056.8,1201.9
1786591071.424760,7151.0,794.2,5508.8,13454.1,1201.9
1786591071.524817,7151.0,794.2,5508.8,13454.1,1201.9
1786591071.624766,7151.0,794.2,5508.8,13454.1,1201.9
1786591071.724754,7548.3,794.2,5508.8,13851.4,1101.8
1786591071.824882,7548.3,794.2,5508.8,13851.4,1101.8
1786591071.924833,7548.3,794.2,5508.8,13851.4,1101.8
1786591072.024797,7548.3,397.1,5508.8,13454.2,1101.8
1786591072.124853,7548.3,397.1,5508.8,13454.2,1101.8
1786591072.224850,7548.3,397.1,5508.8,13454.2,1101.8
1786591072.324903,7548.3,397.1,5508.8,13454.2,1101.8
1786591072.424814,7548.3,397.1,5508.8,13454.2,1101.8
1786591072.524820,7945.6,397.1,5508.8,13851.5,1101.8
1786591072.624851,7945.6,397.1,5508.8,13851.5,1101.8
1786591072.724794,7945.6,397.1,5508.8,13851.5,1101.8
1786591072.824802,7945.6,397.1,5508.8,13851.5,1101.8
1786591072.925063,7945.6,397.1,5508.8,13851.5,1201.9
1786591073.025034,7945.6,397.1,5508.8,13851.5,1201.9
1786591073.124802,7945.6,397.1,5508.8,13851.5,1201.9
1786591073.224800,7945.6,794.2,5508.8,14248.6,1101.8
1786591073.324895,7945.6,794.2,5508.8,14248.6,1201.9
1786591073.424785,7945.6,397.1,5508.8,13851.5,1101.8
1786591073.524908,7945.6,397.1,5508.8,13851.5,1201.9
1786591073.624847,7945.6,397.1,5508.8,13851.5,1101.8
1786591073.724778,7945.6,397.1,5508.8,13851.5,1101.8
1786591073.824857,7945.6,397.1,5508.8,13851.5,1101.8
1786591073.924800,7945.6,397.1,5508.8,13851.5,1101.8
1786591074.024788,7945.6,397.1,5508.8,13851.5,1101.8
1786591074.124889,7945.6,397.1,5508.8,13851.5,1101.8
1786591074.224849,7945.6,397.1,5508.8,13851.5,1101.8
1786591074.324888,7945.6,397.1,5508.8,13851.5,1101.8
1786591074.424812,7945.6,397.1,5508.8,13851.5,1101.8
1786591074.524821,7945.6,397.1,5508.8,13851.5,1101.8
1786591074.624892,7945.6,397.1,5508.8,13851.5,1101.8
1786591074.724832,7945.6,397.1,5508.8,13851.5,1101.8
1786591074.824808,7945.6,397.1,5508.8,13851.5,1101.8
1786591074.925109,7945.6,397.1,5508.8,13851.5,1201.9
1786591075.024780,7945.6,397.1,5508.8,13851.5,1101.8
1786591075.124811,7945.6,397.1,5508.8,13851.5,1201.9
1786591075.225039,7945.6,397.1,5508.8,13851.5,1101.8
1786591075.324962,7945.6,397.1,5508.8,13851.5,1201.9
1786591075.424745,7945.6,397.1,5508.8,13851.5,1101.8
1786591075.524892,7945.6,397.1,5508.8,13851.5,1201.9
1786591075.624790,7945.6,397.1,5508.8,13851.5,1101.8
1786591075.724860,7945.6,397.1,5508.8,13851.5,1201.9
1786591075.824784,7945.6,397.1,5508.8,13851.5,1101.8
1786591075.924819,7945.6,397.1,5508.8,13851.5,1101.8
1786591076.025003,7945.6,794.2,5508.8,14248.6,1201.9
1786591076.125084,7945.6,794.2,5508.8,14248.6,1201.9
1786591076.225117,7945.6,1191.4,5508.8,14645.8,1201.9
1786591076.325032,7945.6,1191.4,5508.8,14645.8,1201.9
1786591076.424761,7945.6,794.2,5508.8,14248.6,1201.9
1786591076.524756,7945.6,794.2,5508.8,14248.6,1201.9
1786591076.624761,7945.6,794.2,5508.8,14248.6,1201.9
1786591076.724843,7945.6,794.2,5508.8,14248.6,1201.9
1786591076.824845,7945.6,794.2,5508.8,14248.6,1201.9
1786591076.924843,7945.6,794.2,5508.8,14248.6,1201.9
1786591077.025059,7945.6,794.2,5508.8,14248.6,1201.9
1786591077.124844,7945.6,794.2,5508.8,14248.6,1201.9
1786591077.224843,7945.6,794.2,5508.8,14248.6,1201.9
1786591077.324947,7945.6,397.1,5508.8,13851.5,1201.9
1786591077.424810,7945.6,397.1,5508.8,13851.5,1101.8
1786591077.525067,7945.6,794.2,5508.8,14248.6,1201.9
1786591077.624771,7945.6,794.2,5508.8,14248.6,1201.9
1786591077.724794,7945.6,397.1,5508.8,13851.5,1201.9
1786591077.825551,7945.6,794.2,5508.8,14248.6,1201.9
1786591077.924845,7945.6,794.2,5508.8,14248.6,1201.9
1786591078.024758,7945.6,793.9,5508.8,14248.3,1201.9
1786591078.124782,7945.6,794.2,5508.8,14248.6,1101.8
1786591078.224779,7945.6,397.0,5508.8,13851.4,1101.8
1786591078.324854,7945.6,397.1,5508.8,13851.5,1101.8
1786591078.424823,7945.6,397.0,5508.8,13851.4,1101.8
1786591078.524828,7945.6,397.0,5508.8,13851.4,1101.8
1786591078.624841,7942.4,397.0,5508.8,13848.2,1101.8
1786591078.724864,7942.4,397.0,5508.8,13848.2,1101.8
1786591078.824866,7942.4,397.0,5508.8,13848.2,1101.8
1786591078.924814,7945.6,397.0,5508.8,13851.4,1101.8
1786591079.024809,7942.4,397.0,5508.8,13848.2,1101.8
1786591079.125108,7942.4,397.0,5508.8,13848.2,1201.9
1786591079.224839,7942.4,397.0,5508.8,13848.2,1201.9
1786591079.324869,7942.4,397.0,5508.8,13848.2,1201.9
1786591079.424804,7942.4,397.0,5508.8,13848.2,1101.8
1786591079.524940,7942.4,397.0,5508.8,13848.2,1201.9
1786591079.624813,7942.4,397.0,5508.8,13848.2,1101.8
1786591079.725034,7942.4,793.9,5508.8,14245.1,1201.9
1786591079.824812,7945.6,397.0,5508.8,13851.4,1101.8
1786591079.924823,7945.6,397.0,5508.8,13851.4,1201.9
1786591080.024939,7945.6,397.0,5508.8,13851.4,1101.8
1786591080.124849,7945.6,397.0,5508.8,13851.4,1101.8
1786591080.224847,7945.6,397.1,5508.8,13851.5,1101.8
1786591080.324877,7945.6,397.1,5508.8,13851.5,1101.8
1786591080.424857,7945.6,397.0,5508.8,13851.4,1101.8
1786591080.524873,7945.6,397.0,5508.8,13851.4,1101.8
1786591080.624903,7945.6,397.1,5508.8,13851.5,1101.8
1786591080.724798,7945.6,397.1,5508.8,13851.5,1101.8
1786591080.824802,7945.6,397.1,5508.8,13851.5,1101.8
1786591080.924737,7945.6,397.1,5508.8,13851.5,1101.8
1786591081.024795,7945.6,397.1,5508.8,13851.5,1201.9
1786591081.124827,7945.6,397.1,5508.8,13851.5,1101.8
1786591081.224820,7945.6,397.1,5508.8,13851.5,1101.8
1786591081.325132,7945.6,397.1,5508.8,13851.5,1201.9
1786591081.424881,7945.6,397.1,5508.8,13851.5,1201.9
1786591081.525207,7945.6,794.2,5508.8,14248.6,1201.9
1786591081.625068,7945.6,793.9,5508.8,14248.3,1201.9
1786591081.725060,7945.6,1190.9,5508.8,14645.3,1201.9
1786591081.825095,7945.6,1191.4,5609.0,14745.9,1201.9
1786591081.924846,7945.6,1191.4,5609.0,14745.9,1201.9
1786591082.024803,7945.6,794.2,5508.8,14248.6,1201.9
1786591082.124775,7945.6,794.2,5508.8,14248.6,1201.9
1786591082.224809,7945.6,794.2,5508.8,14248.6,1201.9
1786591082.324990,7945.6,794.2,5508.8,14248.6,1201.9
1786591082.424883,7945.6,794.2,5508.8,14248.6,1201.9
1786591082.524783,7945.6,794.2,5508.8,14248.6,1201.9
1786591082.624794,7945.6,794.2,5508.8,14248.6,1201.9
1786591082.724807,7945.6,397.1,5508.8,13851.5,1101.8
1786591082.824942,7945.6,397.1,5508.8,13851.5,1201.9
1786591082.924815,7945.6,397.1,5508.8,13851.5,1101.8
1786591083.024812,7945.6,397.1,5508.8,13851.5,1101.8
1786591083.124841,7945.6,397.1,5508.8,13851.5,1101.8
1786591083.224868,7945.6,397.1,5508.8,13851.5,1101.8
1786591083.325193,7945.6,794.2,5508.8,14248.6,1201.9
1786591083.425108,7945.6,794.2,5508.8,14248.6,1201.9
1786591083.524922,7945.6,397.1,5508.8,13851.5,1201.9
1786591083.624810,7945.6,397.1,5508.8,13851.5,1201.9
1786591083.724813,7945.6,397.1,5508.8,13851.5,1101.8
1786591083.824997,7945.6,397.1,5508.8,13851.5,1201.9
1786591083.924814,7945.6,397.1,5508.8,13851.5,1101.8
1786591084.025037,7945.6,794.2,5508.8,14248.6,1201.9
1786591084.124799,7945.6,397.1,5508.8,13851.5,1201.9
1786591084.224815,7945.6,397.1,5508.8,13851.5,1201.9
1786591084.324779,7945.6,397.1,5508.8,13851.5,1201.9
1786591084.424891,7945.6,397.1,5508.8,13851.5,1201.9
1786591084.524799,7945.6,397.1,5508.8,13851.5,1201.9
1786591084.624799,7945.6,397.1,5508.8,13851.5,1101.8
1786591084.724826,7945.6,397.1,5508.8,13851.5,1101.8
1786591084.824809,7945.6,397.1,5508.8,13851.5,1101.8
1786591084.924807,7945.6,397.1,5508.8,13851.5,1101.8
1786591085.024815,7945.6,397.1,5508.8,13851.5,1101.8
1786591085.124806,7945.6,397.1,5508.8,13851.5,1101.8
1786591085.224837,7945.6,397.1,5508.8,13851.5,1201.9
1786591085.324929,7945.6,397.1,5508.8,13851.5,1101.8
1786591085.424852,7945.6,397.1,5508.8,13851.5,1201.9
1786591085.524912,7945.6,397.1,5508.8,13851.5,1101.8
1786591085.625009,7945.6,397.1,5508.8,13851.5,1101.8
1786591085.724834,7945.6,397.1,5508.8,13851.5,1201.9
1786591085.824805,7945.6,397.1,5508.8,13851.5,1201.9
1786591085.924831,7945.6,397.1,5508.8,13851.5,1201.9
1786591086.024798,7945.6,397.0,5508.8,13851.4,1201.9
1786591086.124808,7945.6,397.1,5508.8,13851.5,1101.8
1786591086.225117,7945.6,793.9,5508.8,14248.3,1201.9
1786591086.324818,7945.6,397.0,5508.8,13851.4,1201.9
1786591086.424855,7945.6,397.0,5508.8,13851.4,1201.9
1786591086.524823,7945.6,397.0,5508.8,13851.4,1201.9
1786591086.624796,7945.6,397.1,5508.8,13851.5,1201.9
1786591086.724825,7945.6,397.0,5508.8,13851.4,1201.9
1786591086.824804,7945.6,397.0,5508.8,13851.4,1101.8
1786591086.925086,7942.4,793.9,5508.8,14245.1,1201.9
1786591087.025077,7942.4,793.9,5508.8,14245.1,1201.9
1786591087.124984,7942.4,1190.9,5508.8,14642.1,1201.9
1786591087.225118,7942.4,1190.9,5609.0,14742.2,1201.9
1786591087.325076,7945.6,1191.4,5609.0,14745.9,1201.9
1786591087.424829,7945.6,1191.4,5609.0,14745.9,1201.9
1786591087.524898,7945.6,794.2,5508.8,14248.6,1201.9
1786591087.624762,7945.6,794.2,5508.8,14248.6,1201.9
1786591087.724832,7945.6,794.2,5508.8,14248.6,1201.9
1786591087.825114,7945.6,793.9,5508.8,14248.3,1201.9
1786591087.925039,7945.6,793.9,5508.8,14248.3,1201.9
1786591088.024767,7945.6,793.9,5508.8,14248.3,1201.9
1786591088.124766,7945.6,793.9,5508.8,14248.3,1201.9
1786591088.224783,7942.4,793.9,5508.8,14245.1,1201.9
1786591088.324888,7942.4,793.9,5508.8,14245.1,1201.9
1786591088.424868,7942.4,397.0,5508.8,13848.2,1201.9
1786591088.524985,7942.4,793.9,5508.8,14245.1,1201.9
1786591088.624773,7945.6,397.0,5508.8,13851.4,1101.8
1786591088.724772,7945.6,397.1,5508.8,13851.5,1201.9
1786591088.824750,7945.6,397.1,5508.8,13851.5,1201.9
1786591088.924807,7945.6,397.1,5508.8,13851.5,1201.9
1786591089.024790,7945.6,397.1,5508.8,13851.5,1201.9
1786591089.124927,7945.6,397.1,5508.8,13851.5,1101.8
1786591089.224791,7945.6,397.1,5508.8,13851.5,1201.9
1786591089.324894,7945.6,397.1,5508.8,13851.5,1201.9
1786591089.424805,7945.6,397.1,5508.8,13851.5,1201.9
1786591089.524853,7945.6,397.1,5508.8,13851.5,1201.9
1786591089.624793,7945.6,397.1,5508.8,13851.5,1101.8
1786591089.724884,7945.6,397.1,5508.8,13851.5,1201.9
1786591089.824755,7945.6,397.0,5508.8,13851.4,1201.9
1786591089.924756,7942.4,397.0,5508.8,13848.2,1201.9
1786591090.024838,7942.4,397.0,5508.8,13848.2,1201.9
1786591090.125098,7942.4,397.0,5508.8,13848.2,1201.9
1786591090.224833,7942.4,397.0,5508.8,13848.2,1201.9
1786591090.324794,7942.4,397.0,5508.8,13848.2,1201.9
1786591090.424846,7945.6,397.0,5508.8,13851.4,1201.9
1786591090.524981,7945.6,397.1,5508.8,13851.5,1201.9
1786591090.624804,7945.6,397.1,5508.8,13851.5,1201.9
1786591090.725037,7945.6,397.1,5508.8,13851.5,1201.9
1786591090.824772,7945.6,397.1,5508.8,13851.5,1201.9
1786591090.924752,7945.6,397.1,5508.8,13851.5,1201.9
1786591091.024783,7945.6,397.1,5508.8,13851.5,1201.9
1786591091.124815,7945.6,397.1,5508.8,13851.5,1201.9
1786591091.224800,7945.6,397.1,5508.8,13851.5,1201.9
1786591091.324912,7945.6,397.1,5508.8,13851.5,1201.9
1786591091.424844,7945.6,397.1,5508.8,13851.5,1201.9
1786591091.524898,7945.6,397.1,5508.8,13851.5,1101.8
1786591091.624796,7945.6,397.1,5508.8,13851.5,1201.9
1786591091.724809,7945.6,397.1,5508.8,13851.5,1201.9
1786591091.824888,7945.6,397.1,5508.8,13851.5,1201.9
1786591091.924766,7945.6,397.1,5508.8,13851.5,1201.9
1786591092.024777,7945.6,397.1,5508.8,13851.5,1201.9
1786591092.124938,7945.6,397.1,5508.8,13851.5,1201.9
1786591092.224795,7945.6,397.1,5508.8,13851.5,1201.9
1786591092.325035,7945.6,397.1,5508.8,13851.5,1201.9
1786591092.424908,7945.6,397.1,5508.8,13851.5,1201.9
1786591092.525126,7945.6,794.2,5508.8,14248.6,1201.9
1786591092.625021,7945.6,794.2,5508.8,14248.6,1201.9
1786591092.725126,7945.6,1191.4,5609.0,14745.9,1201.9
1786591092.825075,7945.6,1191.4,5609.0,14745.9,1201.9
1786591092.924794,7945.6,1191.4,5609.0,14745.9,1201.9
1786591093.024788,7945.6,794.2,5609.0,14348.8,1201.9
1786591093.124758,7945.6,794.2,5609.0,14348.8,1201.9
1786591093.224909,7945.6,794.2,5508.8,14248.6,1201.9
1786591093.324869,7945.6,794.2,5508.8,14248.6,1201.9
1786591093.424791,7945.6,794.2,5508.8,14248.6,1201.9
1786591093.525063,7945.6,794.2,5508.8,14248.6,1201.9
1786591093.624771,7945.6,794.2,5508.8,14248.6,1201.9
1786591093.724756,7945.6,794.2,5508.8,14248.6,1201.9
1786591093.824907,7945.6,794.2,5508.8,14248.6,1201.9
1786591093.924789,7945.6,397.1,5508.8,13851.5,1201.9
1786591094.024791,7945.6,397.1,5508.8,13851.5,1201.9
1786591094.124877,7945.6,397.1,5508.8,13851.5,1201.9
1786591094.225231,7945.6,794.2,5508.8,14248.6,1201.9
1786591094.325042,7945.6,794.2,5508.8,14248.6,1201.9
1786591094.425143,7945.6,1191.4,5508.8,14645.8,1201.9
1786591094.525105,7945.6,1191.4,5609.0,14745.9,1201.9
1786591094.625115,8342.9,1191.4,5609.0,15143.2,1201.9
1786591094.724814,7945.6,794.2,5609.0,14348.8,1201.9
1786591094.824811,7945.6,794.2,5609.0,14348.8,1201.9
1786591094.924780,7945.6,794.2,5609.0,14348.8,1201.9
1786591095.025038,7945.6,794.2,5609.0,14348.8,1201.9
1786591095.124842,7945.6,794.2,5508.8,14248.6,1201.9
1786591095.224800,7945.6,794.2,5508.8,14248.6,1201.9
1786591095.324941,7945.6,794.2,5508.8,14248.6,1201.9
1786591095.424823,7945.6,794.2,5508.8,14248.6,1201.9
1786591095.524882,7945.6,794.2,5508.8,14248.6,1201.9
1786591095.624843,7945.6,397.1,5508.8,13851.5,1201.9
1786591095.724812,7945.6,397.1,5508.8,13851.5,1201.9
1786591095.824813,7945.6,397.1,5508.8,13851.5,1201.9
1786591095.924795,7945.6,397.1,5508.8,13851.5,1201.9
1786591096.024794,7945.6,397.1,5508.8,13851.5,1201.9
1786591096.124830,7945.6,397.1,5508.8,13851.5,1201.9
1786591096.224850,7945.6,397.1,5508.8,13851.5,1201.9
1786591096.324786,7945.6,397.1,5508.8,13851.5,1201.9
1786591096.424865,7945.6,397.1,5508.8,13851.5,1201.9
1786591096.524819,7945.6,397.1,5508.8,13851.5,1201.9
1786591096.624884,7945.6,397.1,5508.8,13851.5,1201.9
1786591096.724797,7945.6,397.1,5508.8,13851.5,1201.9
1786591096.824776,7945.6,397.1,5508.8,13851.5,1201.9
1786591096.925187,7945.6,397.1,5508.8,13851.5,1201.9
1786591097.024781,8342.9,397.1,5508.8,14248.8,1201.9
1786591097.124779,7945.6,397.1,5508.8,13851.5,1201.9
1786591097.225003,7945.6,397.0,5508.8,13851.4,1201.9
1786591097.325150,8342.9,793.9,5508.8,14645.6,1201.9
1786591097.425003,7945.6,793.9,5508.8,14248.3,1201.9
1786591097.524940,7945.6,793.9,5508.8,14248.3,1201.9
1786591097.624887,8342.9,794.2,5508.8,14645.9,1201.9
1786591097.724803,7945.6,397.1,5508.8,13851.5,1201.9
1786591097.824770,7945.6,397.1,5508.8,13851.5,1201.9
1786591097.925139,7945.6,793.9,5508.8,14248.3,1201.9
1786591098.025105,7945.6,793.9,5508.8,14248.3,1201.9
1786591098.125021,8342.9,793.9,5609.0,14745.8,1201.9
1786591098.225104,8342.9,1190.9,5609.0,15142.7,1201.9
1786591098.325077,8342.9,1191.4,5609.0,15143.2,1201.9
1786591098.424818,8342.9,1191.4,5609.0,15143.2,1201.9
1786591098.524840,8342.9,794.2,5609.0,14746.1,1201.9
1786591098.624813,7945.6,794.2,5609.0,14348.8,1201.9
1786591098.724864,8342.9,794.2,5508.8,14645.9,1201.9
1786591098.825016,7945.6,794.2,5508.8,14248.6,1201.9
1786591098.924745,7945.6,794.2,5508.8,14248.6,1201.9
1786591099.024758,7945.6,794.2,5508.8,14248.6,1201.9
1786591099.124746,7945.6,794.2,5508.8,14248.6,1201.9
1786591099.224867,7945.6,397.1,5508.8,13851.5,1201.9
1786591099.325024,7945.6,794.2,5508.8,14248.6,1201.9
1786591099.424897,7945.6,397.1,5508.8,13851.5,1201.9
1786591099.525165,8342.9,794.2,5609.0,14746.1,1201.9
1786591099.624835,7945.6,794.2,5508.8,14248.6,1201.9
1786591099.724754,7945.6,397.1,5508.8,13851.5,1201.9
1786591099.824761,8342.9,397.1,5508.8,14248.8,1201.9
1786591099.924790,7945.6,397.1,5508.8,13851.5,1201.9
1786591100.024793,7945.6,397.1,5508.8,13851.5,1201.9
1786591100.124854,8342.9,397.1,5508.8,14248.8,1201.9
1786591100.224862,7945.6,397.1,5508.8,13851.5,1201.9
1786591100.324799,7945.6,397.1,5508.8,13851.5,1201.9
1786591100.424919,8342.9,397.1,5508.8,14248.8,1201.9
1786591100.524782,7945.6,397.1,5508.8,13851.5,1201.9
1786591100.624856,7945.6,397.1,5508.8,13851.5,1201.9
1786591100.724784,8342.9,397.1,5508.8,14248.8,1201.9
1786591100.824816,7945.6,397.1,5508.8,13851.5,1201.9
1786591100.924823,7945.6,397.1,5508.8,13851.5,1201.9
1786591101.024814,8342.9,397.1,5508.8,14248.8,1201.9
1786591101.124813,7945.6,397.1,5508.8,13851.5,1201.9
1786591101.224871,7945.6,397.1,5508.8,13851.5,1201.9
1786591101.325061,8342.9,397.1,5508.8,14248.8,1201.9
1786591101.424862,8342.9,397.1,5508.8,14248.8,1201.9
1786591101.524946,7945.6,397.1,5508.8,13851.5,1201.9
1786591101.624809,8342.9,397.1,5508.8,14248.8,1201.9
1786591101.725106,8342.9,794.2,5609.0,14746.1,1201.9
1786591101.824832,8342.9,794.2,5508.8,14645.9,1201.9
1786591101.924799,8342.9,397.1,5508.8,14248.8,1201.9
1786591102.024789,8342.9,397.1,5508.8,14248.8,1201.9
1786591102.124802,8342.9,397.1,5508.8,14248.8,1201.9
1786591102.224804,8342.9,397.1,5508.8,14248.8,1201.9
1786591102.324803,8342.9,397.1,5508.8,14248.8,1201.9
1786591102.425069,8342.9,794.2,5508.8,14645.9,1201.9
1786591102.524781,8342.9,794.2,5508.8,14645.9,1201.9
1786591102.624847,8342.9,794.2,5508.8,14645.9,1201.9
1786591102.724805,8342.9,794.2,5508.8,14645.9,1201.9
1786591102.824785,8342.9,794.2,5508.8,14645.9,1201.9
1786591102.924773,8342.9,794.2,5508.8,14645.9,1201.9
1786591103.024757,8342.9,794.2,5508.8,14645.9,1201.9
1786591103.125052,8342.9,397.1,5508.8,14248.8,1201.9
1786591103.224821,8342.9,397.1,5508.8,14248.8,1201.9
1786591103.325013,8342.9,397.1,5508.8,14248.8,1201.9
1786591103.424819,8342.9,397.1,5508.8,14248.8,1201.9
1786591103.525066,8342.9,793.9,5609.0,14745.8,1201.9
1786591103.625062,8342.9,793.9,5609.0,14745.8,1201.9
1786591103.725199,8342.9,1190.9,5609.0,15142.7,1201.9
1786591103.825517,8342.9,1190.9,5609.0,15142.7,1201.9
1786591103.924788,8342.9,1190.9,5609.0,15142.7,1201.9
1786591104.024788,8342.9,793.9,5609.0,14745.8,1201.9
1786591104.125102,8342.9,794.2,5609.0,14746.1,1201.9
1786591104.224829,8342.9,794.2,5609.0,14746.1,1201.9
1786591104.324838,8342.9,794.2,5609.0,14746.1,1201.9
1786591104.424810,8342.9,794.2,5609.0,14746.1,1201.9
1786591104.524806,8342.9,794.2,5609.0,14746.1,1201.9
1786591104.625113,8342.9,794.2,5609.0,14746.1,1201.9
1786591104.724796,8342.9,794.2,5609.0,14746.1,1201.9
1786591104.824806,8342.9,794.2,5609.0,14746.1,1201.9
1786591104.924795,8342.9,397.1,5609.0,14349.0,1201.9
1786591105.024804,8342.9,397.1,5508.8,14248.8,1201.9
1786591105.124797,8342.9,397.1,5508.8,14248.8,1201.9
1786591105.224805,8342.9,397.1,5508.8,14248.8,1201.9
1786591105.325084,8342.9,397.1,5508.8,14248.8,1201.9
1786591105.424826,8342.9,397.1,5508.8,14248.8,1201.9
1786591105.524918,8342.9,397.1,5508.8,14248.8,1201.9
1786591105.624843,8342.9,397.1,5508.8,14248.8,1201.9
1786591105.724787,8342.9,397.1,5508.8,14248.8,1201.9
1786591105.824868,8342.9,397.1,5508.8,14248.8,1201.9
1786591105.924830,8342.9,397.1,5508.8,14248.8,1201.9
1786591106.025040,8342.9,397.1,5508.8,14248.8,1201.9
1786591106.124801,8342.9,397.1,5508.8,14248.8,1201.9
1786591106.224813,8342.9,397.1,5508.8,14248.8,1201.9
1786591106.324902,8342.9,397.1,5508.8,14248.8,1201.9
1786591106.424830,8342.9,397.1,5508.8,14248.8,1201.9
1786591106.525003,8342.9,397.1,5508.8,14248.8,1201.9
1786591106.624773,8342.9,397.1,5508.8,14248.8,1201.9
1786591106.724826,8342.9,397.0,5609.0,14348.8,1201.9
1786591106.824819,8342.9,397.1,5508.8,14248.8,1201.9
1786591106.925068,8342.9,397.1,5508.8,14248.8,1201.9
1786591107.025149,8342.9,793.9,5609.0,14745.8,1201.9
1786591107.124810,8342.9,794.2,5609.0,14746.1,1201.9
1786591107.224796,8342.9,794.2,5508.8,14645.9,1201.9
1786591107.324986,8342.9,794.2,5508.8,14645.9,1201.9
1786591107.424868,8342.9,397.1,5609.0,14349.0,1201.9
1786591107.525097,8342.9,793.9,5508.8,14645.6,1201.9
1786591107.625028,8342.9,793.9,5609.0,14745.8,1201.9
1786591107.725105,8342.9,1190.9,5609.0,15142.7,1201.9
1786591107.825079,8342.9,1191.4,5609.0,15143.2,1201.9
1786591107.925243,8342.9,1191.4,5609.0,15143.2,1201.9
1786591108.025052,8342.9,1191.4,5609.0,15143.2,1201.9
1786591108.124836,8342.9,794.2,5609.0,14746.1,1201.9
1786591108.225019,8342.9,794.2,5609.0,14746.1,1201.9
1786591108.324765,8342.9,794.2,5609.0,14746.1,1201.9
1786591108.424824,8342.9,794.2,5609.0,14746.1,1201.9
1786591108.524783,8342.9,794.2,5609.0,14746.1,1201.9
1786591108.624839,8342.9,794.2,5609.0,14746.1,1201.9
1786591108.724806,8342.9,794.2,5609.0,14746.1,1201.9
1786591108.824925,8342.9,793.9,5609.0,14745.8,1201.9
1786591108.925142,8342.9,793.9,5609.0,14745.8,1201.9
1786591109.024999,8339.5,793.9,5609.0,14742.4,1201.9
1786591109.125085,8339.5,793.9,5609.0,14742.4,1201.9
1786591109.225177,8339.5,1190.9,5609.0,15139.4,1201.9
1786591109.325067,8342.9,1190.9,5709.1,15242.9,1302.1
1786591109.424807,8342.9,1190.9,5609.0,15142.7,1201.9
1786591109.524860,8342.9,794.2,5609.0,14746.1,1201.9
1786591109.624803,8342.9,794.2,5609.0,14746.1,1201.9
1786591109.724808,8342.9,793.9,5609.0,14745.8,1201.9
1786591109.824938,8342.9,793.9,5609.0,14745.8,1201.9
1786591109.924802,8342.9,794.2,5609.0,14746.1,1201.9
1786591110.024796,8342.9,794.2,5609.0,14746.1,1201.9
1786591110.124814,8342.9,397.1,5609.0,14349.0,1201.9
1786591110.224812,8342.9,397.1,5508.8,14248.8,1201.9
1786591110.324799,8342.9,397.1,5609.0,14349.0,1201.9
1786591110.424922,8342.9,397.1,5609.0,14349.0,1201.9
1786591110.525042,8342.9,397.1,5609.0,14349.0,1201.9
1786591110.625061,8342.9,397.1,5609.0,14349.0,1201.9
1786591110.724771,8342.9,397.1,5609.0,14349.0,1201.9
1786591110.824859,8342.9,397.1,5609.0,14349.0,1201.9
1786591110.924844,8342.9,397.1,5508.8,14248.8,1201.9
1786591111.024794,8342.9,397.1,5508.8,14248.8,1201.9
1786591111.124757,8342.9,397.1,5508.8,14248.8,1201.9
1786591111.224798,8342.9,397.1,5508.8,14248.8,1201.9
1786591111.324974,8342.9,397.1,5508.8,14248.8,1201.9
1786591111.425081,8342.9,397.1,5609.0,14349.0,1201.9
1786591111.525019,8342.9,397.1,5508.8,14248.8,1201.9
1786591111.624830,8342.9,397.1,5508.8,14248.8,1201.9
1786591111.724822,8342.9,397.0,5609.0,14348.8,1201.9
1786591111.824896,8339.5,397.0,5508.8,14245.3,1201.9
1786591111.924778,8342.9,397.0,5508.8,14248.6,1201.9
1786591112.024771,8342.9,397.0,5508.8,14248.6,1201.9
1786591112.124832,8339.5,397.0,5508.8,14245.3,1201.9
1786591112.224858,8342.9,397.1,5508.8,14248.8,1201.9
1786591112.324792,8342.9,397.1,5508.8,14248.8,1201.9
1786591112.424820,8342.9,397.1,5508.8,14248.8,1201.9
1786591112.524855,8342.9,397.1,5508.8,14248.8,1201.9
1786591112.624880,8342.9,397.1,5508.8,14248.8,1201.9
1786591112.725101,8342.9,397.1,5508.8,14248.8,1201.9
1786591112.825035,8342.9,397.1,5508.8,14248.8,1201.9
1786591112.924799,8342.9,397.1,5609.0,14349.0,1201.9
1786591113.024800,8342.9,397.1,5508.8,14248.8,1201.9
1786591113.124831,8342.9,397.1,5508.8,14248.8,1201.9
1786591113.224778,8342.9,397.1,5508.8,14248.8,1201.9
1786591113.324886,8342.9,397.0,5609.0,14348.8,1201.9
1786591113.424927,8342.9,397.0,5508.8,14248.6,1201.9
1786591113.524876,8342.9,397.0,5508.8,14248.6,1201.9
1786591113.624848,8342.9,397.0,5508.8,14248.6,1201.9
1786591113.724802,8339.5,397.0,5609.0,14345.4,1201.9
1786591113.824965,8339.5,397.0,5508.8,14245.3,1201.9
1786591113.925026,8339.5,397.0,5609.0,14345.4,1201.9
1786591114.024802,8339.5,397.0,5609.0,14345.4,1201.9
1786591114.124864,8339.5,397.0,5609.0,14345.4,1201.9
1786591114.224925,8339.5,397.0,5609.0,14345.4,1201.9
1786591114.324932,8339.5,397.0,5609.0,14345.4,1201.9
1786591114.424940,8339.5,397.0,5609.0,14345.4,1201.9
1786591114.525047,8339.5,793.9,5609.0,14742.4,1201.9
1786591114.625132,8339.5,793.9,5609.0,14742.4,1201.9
1786591114.725170,8339.5,1190.9,5609.0,15139.4,1201.9
1786591114.825167,8339.5,1190.9,5709.1,15239.5,1302.1
1786591114.924810,8339.5,1190.9,5609.0,15139.4,1201.9
1786591115.024734,8342.9,793.9,5609.0,14745.8,1201.9
1786591115.124772,8342.9,793.9,5609.0,14745.8,1201.9
1786591115.224782,8342.9,794.2,5609.0,14746.1,1201.9
1786591115.324795,8342.9,794.2,5609.0,14746.1,1201.9
1786591115.424931,8342.9,794.2,5609.0,14746.1,1201.9
1786591115.524929,8339.5,793.9,5609.0,14742.4,1201.9
1786591115.624855,8339.5,793.9,5609.0,14742.4,1201.9
1786591115.724830,8339.5,397.0,5609.0,14345.4,1201.9
1786591115.824977,8342.9,397.0,5609.0,14348.8,1201.9
1786591115.924810,8339.5,397.0,5609.0,14345.4,1201.9
1786591116.024743,8342.9,397.0,5609.0,14348.8,1201.9
1786591116.124756,8342.9,397.0,5609.0,14348.8,1201.9
1786591116.224823,8342.9,397.0,5508.8,14248.6,1201.9
1786591116.324869,8339.5,397.0,5609.0,14345.4,1201.9
1786591116.424920,8339.5,397.0,5609.0,14345.4,1201.9
1786591116.524888,8339.5,397.0,5609.0,14345.4,1201.9
1786591116.624847,8342.9,397.0,5609.0,14348.8,1201.9
1786591116.724814,8342.9,397.0,5609.0,14348.8,1201.9
1786591116.824864,8342.9,397.1,5609.0,14349.0,1201.9
1786591116.924851,8342.9,397.1,5609.0,14349.0,1201.9
1786591117.025056,8342.9,397.1,5609.0,14349.0,1201.9
1786591117.124811,8342.9,397.1,5609.0,14349.0,1201.9
1786591117.224792,8342.9,397.1,5609.0,14349.0,1201.9
1786591117.324814,8342.9,397.1,5609.0,14349.0,1201.9
1786591117.424985,8342.9,397.1,5609.0,14349.0,1201.9
1786591117.524930,8342.9,397.1,5609.0,14349.0,1201.9
1786591117.624881,8342.9,397.1,5609.0,14349.0,1201.9
1786591117.724787,8342.9,397.1,5508.8,14248.8,1201.9
1786591117.824880,8342.9,397.1,5609.0,14349.0,1201.9
1786591117.924746,8342.9,397.1,5609.0,14349.0,1201.9
1786591118.025167,8342.9,794.2,5609.0,14746.1,1201.9
1786591118.124767,8342.9,794.2,5609.0,14746.1,1201.9
1786591118.224784,8342.9,397.1,5609.0,14349.0,1201.9
1786591118.324769,8342.9,397.1,5609.0,14349.0,1201.9
1786591118.424797,8342.9,397.1,5508.8,14248.8,1201.9
1786591118.524801,8342.9,397.1,5508.8,14248.8,1201.9
1786591118.624833,8342.9,397.0,5609.0,14348.8,1201.9
1786591118.724819,8342.9,397.0,5609.0,14348.8,1201.9
1786591118.824894,8342.9,397.0,5609.0,14348.8,1201.9
1786591118.924773,8342.9,397.1,5609.0,14349.0,1201.9
1786591119.025047,8342.9,397.0,5609.0,14348.8,1201.9
1786591119.124799,8339.5,397.0,5609.0,14345.4,1201.9
1786591119.225039,8339.5,397.0,5609.0,14345.4,1201.9
1786591119.324770,8339.5,397.0,5609.0,14345.4,1201.9
1786591119.424915,8339.5,397.0,5609.0,14345.4,1201.9
1786591119.524936,8339.5,397.0,5609.0,14345.4,1201.9
1786591119.624842,8339.5,397.0,5609.0,14345.4,1201.9
1786591119.724902,8339.5,397.0,5609.0,14345.4,1201.9
1786591119.824903,8339.5,397.0,5609.0,14345.4,1201.9
1786591119.924989,8342.9,397.0,5609.0,14348.8,1201.9
1786591120.025027,8339.5,793.9,5609.0,14742.4,1201.9
1786591120.125159,8339.5,793.9,5609.0,14742.4,1201.9
1786591120.225267,8339.5,1190.9,5609.0,15139.4,1302.1
1786591120.325004,8339.5,1190.9,5709.1,15239.5,1302.1
1786591120.424771,8339.5,793.9,5609.0,14742.4,1201.9
1786591120.524777,8339.5,793.9,5609.0,14742.4,1201.9
1786591120.624833,8339.5,793.9,5609.0,14742.4,1201.9
1786591120.724849,8339.5,793.9,5609.0,14742.4,1201.9
1786591120.824873,8339.5,793.9,5609.0,14742.4,1201.9
1786591120.924851,8339.5,793.9,5609.0,14742.4,1201.9
1786591121.024792,8339.5,793.9,5609.0,14742.4,1201.9
1786591121.124843,8339.5,793.9,5609.0,14742.4,1201.9
1786591121.224815,8339.5,397.0,5609.0,14345.4,1201.9
1786591121.324777,8339.5,397.0,5609.0,14345.4,1201.9
1786591121.424991,8342.9,397.0,5609.0,14348.8,1201.9
1786591121.525100,8342.9,793.9,5609.0,14745.8,1201.9
1786591121.624821,8342.9,794.2,5609.0,14746.1,1201.9
1786591121.724809,8342.9,397.1,5609.0,14349.0,1201.9
1786591121.824854,8342.9,397.1,5609.0,14349.0,1201.9
1786591121.924842,8342.9,397.1,5609.0,14349.0,1201.9
1786591122.024796,8342.9,397.1,5609.0,14349.0,1201.9
1786591122.124977,8342.9,397.1,5609.0,14349.0,1201.9
1786591122.224818,8342.9,397.1,5609.0,14349.0,1201.9
1786591122.324789,8342.9,397.1,5609.0,14349.0,1201.9
1786591122.424831,8342.9,397.1,5609.0,14349.0,1201.9
1786591122.524808,8342.9,397.1,5609.0,14349.0,1201.9
1786591122.625112,8342.9,397.1,5609.0,14349.0,1201.9
1786591122.724860,8342.9,397.0,5609.0,14348.8,1201.9
1786591122.824924,8339.5,397.0,5609.0,14345.4,1201.9
1786591122.924874,8339.5,397.0,5609.0,14345.4,1201.9
1786591123.024815,8339.5,397.0,5609.0,14345.4,1201.9
1786591123.124804,8339.5,397.0,5609.0,14345.4,1201.9
1786591123.224809,8339.5,397.0,5609.0,14345.4,1201.9
1786591123.324790,8339.5,397.0,5609.0,14345.4,1201.9
1786591123.424927,8339.5,397.0,5609.0,14345.4,1201.9
1786591123.524905,8339.5,397.0,5609.0,14345.4,1201.9
1786591123.624834,8339.5,397.0,5609.0,14345.4,1201.9
1786591123.725072,8339.5,793.9,5609.0,14742.4,1201.9
1786591123.824932,8339.5,397.0,5609.0,14345.4,1201.9
1786591123.924777,8339.5,397.0,5609.0,14345.4,1201.9
1786591124.024771,8339.5,397.0,5609.0,14345.4,1201.9
1786591124.124971,8339.5,793.9,5609.0,14742.4,1201.9
1786591124.224882,8339.5,793.9,5609.0,14742.4,1201.9
1786591124.324801,8339.5,793.9,5609.0,14742.4,1201.9
1786591124.424784,8339.5,397.0,5609.0,14345.4,1201.9
1786591124.524793,8339.5,397.0,5609.0,14345.4,1201.9
1786591124.624892,8339.5,397.0,5609.0,14345.4,1201.9
1786591124.724808,8339.5,397.0,5609.0,14345.4,1201.9
1786591124.824925,8339.5,397.0,5609.0,14345.4,1201.9
1786591124.924831,8339.5,397.0,5609.0,14345.4,1201.9
1786591125.024798,8339.5,397.0,5609.0,14345.4,1201.9
1786591125.124797,8339.5,397.0,5609.0,14345.4,1201.9
1786591125.224789,8339.5,397.0,5609.0,14345.4,1201.9
1786591125.324797,8339.5,397.0,5609.0,14345.4,1201.9
1786591125.424976,8339.5,397.0,5609.0,14345.4,1201.9
1786591125.525103,8339.5,793.9,5609.0,14742.4,1201.9
1786591125.625005,8339.5,793.9,5609.0,14742.4,1201.9
1786591125.725115,8339.5,1190.9,5609.0,15139.4,1302.1
1786591125.825100,8339.5,1190.9,5609.0,15139.4,1302.1
1786591125.924866,8339.5,1190.9,5609.0,15139.4,1201.9
1786591126.024792,8339.5,793.9,5609.0,14742.4,1201.9
1786591126.124752,8339.5,793.9,5609.0,14742.4,1201.9
1786591126.224886,8342.9,793.9,5609.0,14745.8,1201.9
1786591126.324813,8342.9,794.2,5609.0,14746.1,1201.9
1786591126.424786,8342.9,793.9,5609.0,14745.8,1201.9
1786591126.524828,8342.9,793.9,5609.0,14745.8,1201.9
1786591126.624819,8342.9,793.9,5609.0,14745.8,1201.9
1786591126.724818,8342.9,397.1,5609.0,14349.0,1201.9
1786591126.825029,8342.9,794.2,5609.0,14746.1,1201.9
1786591126.924824,8342.9,794.2,5609.0,14746.1,1201.9
1786591127.025334,8342.9,794.2,5609.0,14746.1,1201.9
1786591127.125097,8342.9,794.2,5609.0,14746.1,1201.9
1786591127.224782,8342.9,794.2,5609.0,14746.1,1201.9
1786591127.324745,8342.9,794.2,5609.0,14746.1,1201.9
1786591127.424929,8342.9,794.2,5609.0,14746.1,1201.9
1786591127.524905,8342.9,794.2,5609.0,14746.1,1201.9
1786591127.624897,8342.9,794.2,5609.0,14746.1,1201.9
1786591127.724778,8342.9,397.1,5609.0,14349.0,1201.9
1786591127.824962,8342.9,397.1,5609.0,14349.0,1201.9
1786591127.924850,8342.9,397.1,5609.0,14349.0,1201.9
1786591128.025373,8342.9,794.2,5609.0,14746.1,1201.9
1786591128.124975,8342.9,794.2,5609.0,14746.1,1201.9
1786591128.224823,8342.9,794.2,5609.0,14746.1,1201.9
1786591128.324728,8342.9,794.2,5609.0,14746.1,1201.9
1786591128.424731,8342.9,397.1,5609.0,14349.0,1201.9
1786591128.524776,8342.9,397.1,5609.0,14349.0,1201.9
1786591128.624823,8342.9,397.1,5609.0,14349.0,1201.9
1786591128.724809,8342.9,397.1,5609.0,14349.0,1201.9
1786591128.824898,8342.9,397.1,5609.0,14349.0,1201.9
1786591128.924844,8342.9,397.1,5609.0,14349.0,1201.9
1786591129.024767,8342.9,397.1,5609.0,14349.0,1201.9
1786591129.124764,8342.9,397.1,5609.0,14349.0,1201.9
1786591129.224802,8342.9,397.1,5609.0,14349.0,1201.9
1786591129.324784,8342.9,397.1,5609.0,14349.0,1201.9
1786591129.424962,8342.9,397.1,5609.0,14349.0,1201.9
1786591129.525184,8342.9,397.0,5609.0,14348.8,1201.9
1786591129.624799,8342.9,397.1,5609.0,14349.0,1201.9
1786591129.724771,8342.9,397.0,5609.0,14348.8,1201.9
1786591129.824957,8342.9,397.0,5609.0,14348.8,1201.9
1786591129.924864,8342.9,397.0,5609.0,14348.8,1201.9
1786591130.024781,8342.9,397.0,5609.0,14348.8,1201.9
1786591130.124784,8342.9,397.1,5609.0,14349.0,1201.9
1786591130.225023,8342.9,397.1,5609.0,14349.0,1201.9
1786591130.324820,8342.9,397.1,5609.0,14349.0,1201.9
1786591130.424840,8342.9,397.1,5609.0,14349.0,1201.9
1786591130.524782,8342.9,397.1,5609.0,14349.0,1201.9
1786591130.624822,8342.9,397.1,5609.0,14349.0,1201.9
1786591130.724799,8342.9,397.1,5609.0,14349.0,1201.9
1786591130.824857,8342.9,397.1,5609.0,14349.0,1201.9
1786591130.924922,8342.9,397.1,5609.0,14349.0,1201.9
1786591131.025051,8342.9,794.2,5609.0,14746.1,1201.9
1786591131.125174,8342.9,794.2,5609.0,14746.1,1201.9
1786591131.225150,8342.9,1191.4,5709.1,15243.4,1302.1
1786591131.325015,8342.9,1191.4,5709.1,15243.4,1302.1
1786591131.425022,8342.9,794.2,5609.0,14746.1,1201.9
1786591131.524913,8342.9,794.2,5609.0,14746.1,1201.9
1786591131.624809,8342.9,794.2,5609.0,14746.1,1201.9
1786591131.724786,8342.9,794.2,5609.0,14746.1,1201.9
1786591131.824820,8342.9,794.2,5609.0,14746.1,1201.9
1786591131.924910,8342.9,794.2,5609.0,14746.1,1201.9
1786591132.024862,8342.9,794.2,5609.0,14746.1,1201.9
1786591132.124806,8342.9,397.1,5609.0,14349.0,1201.9
1786591132.224819,8342.9,794.2,5609.0,14746.1,1201.9
1786591132.324870,8342.9,397.1,5609.0,14349.0,1201.9
1786591132.424809,8342.9,397.1,5609.0,14349.0,1201.9
1786591132.525045,8342.9,794.2,5609.0,14746.1,1201.9
1786591132.624857,8342.9,397.1,5609.0,14349.0,1201.9
1786591132.724809,8342.9,397.1,5609.0,14349.0,1201.9
1786591132.825315,8342.9,397.1,5609.0,14349.0,1201.9
1786591132.924890,8342.9,397.1,5609.0,14349.0,1201.9
1786591133.024832,8342.9,397.1,5609.0,14349.0,1201.9
1786591133.124802,8342.9,397.1,5609.0,14349.0,1201.9
1786591133.224803,8342.9,397.1,5609.0,14349.0,1201.9
1786591133.324834,8342.9,397.1,5609.0,14349.0,1201.9
1786591133.424941,8342.9,397.1,5609.0,14349.0,1201.9
1786591133.524905,8342.9,397.1,5609.0,14349.0,1201.9
1786591133.624818,8342.9,397.1,5609.0,14349.0,1201.9
1786591133.724809,8342.9,397.1,5609.0,14349.0,1201.9
1786591133.824809,8342.9,397.0,5609.0,14348.8,1201.9
1786591133.924922,8342.9,397.0,5609.0,14348.8,1201.9
1786591134.024867,8342.9,397.0,5609.0,14348.8,1201.9
1786591134.124854,8342.9,397.0,5609.0,14348.8,1201.9
1786591134.224894,8342.9,397.0,5609.0,14348.8,1201.9
1786591134.324770,8342.9,397.0,5609.0,14348.8,1201.9
1786591134.424729,8339.5,397.0,5609.0,14345.4,1201.9
1786591134.524757,8339.5,397.0,5609.0,14345.4,1201.9
1786591134.625064,8339.5,793.9,5609.0,14742.4,1201.9
1786591134.724965,8339.5,397.0,5609.0,14345.4,1201.9
1786591134.824817,8339.5,397.0,5609.0,14345.4,1201.9
1786591134.924966,8339.5,397.0,5609.0,14345.4,1201.9
1786591135.024849,8339.5,397.0,5609.0,14345.4,1201.9
1786591135.124814,8342.9,397.0,5609.0,14348.8,1201.9
1786591135.224800,8342.9,397.0,5609.0,14348.8,1201.9
1786591135.324804,8342.9,397.0,5609.0,14348.8,1201.9
1786591135.424955,8342.9,397.0,5609.0,14348.8,1201.9
1786591135.524916,8342.9,397.0,5609.0,14348.8,1201.9
1786591135.624794,8342.9,397.0,5609.0,14348.8,1201.9
1786591135.724792,8342.9,397.1,5609.0,14349.0,1201.9
1786591135.824817,8342.9,397.1,5609.0,14349.0,1201.9
1786591135.924876,8342.9,397.1,5609.0,14349.0,1201.9
1786591136.024828,8342.9,397.1,5609.0,14349.0,1201.9
1786591136.124818,8342.9,397.1,5609.0,14349.0,1201.9
1786591136.224819,8342.9,397.1,5609.0,14349.0,1201.9
1786591136.324808,8342.9,397.1,5609.0,14349.0,1201.9
1786591136.424828,8342.9,397.1,5609.0,14349.0,1201.9
1786591136.525046,8342.9,794.2,5609.0,14746.1,1201.9
1786591136.625063,8342.9,794.2,5609.0,14746.1,1201.9
1786591136.725129,8342.9,1190.9,5609.0,15142.7,1302.1
1786591136.825052,8342.9,1191.4,5709.1,15243.4,1302.1
1786591136.924826,8342.9,1190.9,5709.1,15242.9,1302.1
1786591137.024757,8342.9,793.9,5609.0,14745.8,1201.9
1786591137.124856,8339.5,793.9,5609.0,14742.4,1201.9
1786591137.224768,8339.5,793.9,5609.0,14742.4,1201.9
1786591137.324835,8339.5,793.9,5609.0,14742.4,1201.9
1786591137.424913,8339.5,793.9,5609.0,14742.4,1201.9
1786591137.524903,8339.5,793.9,5609.0,14742.4,1201.9
1786591137.624872,8339.5,793.9,5609.0,14742.4,1201.9
1786591137.724777,8339.5,793.9,5609.0,14742.4,1201.9
1786591137.824776,8339.5,397.0,5609.0,14345.4,1201.9
1786591137.924888,8339.5,397.0,5609.0,14345.4,1201.9
1786591138.024798,8339.5,397.0,5609.0,14345.4,1201.9
1786591138.125039,8339.5,793.9,5609.0,14742.4,1201.9
1786591138.224805,8339.5,793.9,5609.0,14742.4,1201.9
1786591138.324775,8339.5,793.9,5609.0,14742.4,1201.9
1786591138.424754,8339.5,397.0,5609.0,14345.4,1201.9
1786591138.524773,8339.5,397.0,5609.0,14345.4,1201.9
1786591138.624787,8339.5,397.0,5609.0,14345.4,1201.9
1786591138.724830,8339.5,397.0,5609.0,14345.4,1201.9
1786591138.824790,8339.5,397.0,5609.0,14345.4,1201.9
1786591138.924969,8339.5,397.0,5609.0,14345.4,1201.9
1786591139.025036,8339.5,397.0,5609.0,14345.4,1201.9
1786591139.124809,8339.5,397.0,5609.0,14345.4,1201.9
1786591139.224783,8342.9,397.0,5609.0,14348.8,1201.9
1786591139.324768,8342.9,397.0,5609.0,14348.8,1201.9
1786591139.424958,8342.9,397.1,5609.0,14349.0,1201.9
1786591139.524871,8342.9,397.1,5609.0,14349.0,1201.9
1786591139.624726,8342.9,397.1,5609.0,14349.0,1201.9
1786591139.724993,8342.9,794.2,5609.0,14746.1,1201.9
1786591139.825013,8342.9,794.2,5609.0,14746.1,1201.9
1786591139.925137,8342.9,794.2,5609.0,14746.1,1201.9
1786591140.025105,8342.9,1191.4,5709.1,15243.4,1302.1
1786591140.125044,8342.9,1191.4,5709.1,15243.4,1302.1
1786591140.224872,8342.9,794.2,5709.1,14846.2,1201.9
1786591140.324835,8342.9,794.2,5609.0,14746.1,1201.9
1786591140.424814,8740.2,794.2,5709.1,15243.5,1302.1
1786591140.524790,8740.2,794.2,5709.1,15243.5,1201.9
1786591140.624851,8342.9,794.2,5609.0,14746.1,1201.9
1786591140.724825,8342.9,794.2,5609.0,14746.1,1201.9
1786591140.824766,8342.9,793.9,5609.0,14745.8,1201.9
1786591140.924961,8342.9,397.0,5609.0,14348.8,1201.9
1786591141.024806,8342.9,397.0,5609.0,14348.8,1201.9
1786591141.124896,8339.5,397.0,5609.0,14345.4,1201.9
1786591141.225032,8339.5,793.9,5609.0,14742.4,1201.9
1786591141.324809,8339.5,397.0,5609.0,14345.4,1201.9
1786591141.424956,8339.5,397.0,5609.0,14345.4,1201.9
1786591141.524874,8339.5,397.0,5609.0,14345.4,1201.9
1786591141.624800,8339.5,397.0,5609.0,14345.4,1201.9
1786591141.724809,8342.9,397.0,5609.0,14348.8,1201.9
1786591141.824813,8342.9,397.0,5609.0,14348.8,1201.9
1786591141.924909,8339.5,397.0,5609.0,14345.4,1201.9
1786591142.025058,8339.5,793.9,5609.0,14742.4,1201.9
1786591142.125135,8339.5,793.9,5609.0,14742.4,1201.9
1786591142.225155,8339.5,1190.9,5709.1,15239.5,1302.1
1786591142.325069,8339.5,1190.9,5709.1,15239.5,1302.1
1786591142.425013,8342.9,1190.9,5709.1,15242.9,1302.1
1786591142.524781,8342.9,794.2,5609.0,14746.1,1201.9
1786591142.624774,8342.9,794.2,5609.0,14746.1,1201.9
1786591142.725290,8342.9,793.9,5609.0,14745.8,1302.1
1786591142.825243,8736.6,1190.9,5709.1,15636.6,1302.1
1786591142.925111,8740.2,1190.9,5709.1,15640.2,1302.1
1786591143.024961,8342.9,1191.4,5709.1,15243.4,1302.1
1786591143.125075,8342.9,1191.4,5709.1,15243.4,1201.9
1786591143.225315,8740.2,1191.4,5709.1,15640.6,1302.1
1786591143.325373,8740.2,1190.9,5709.1,15640.2,1302.1
1786591143.425220,8740.2,1587.8,5809.3,16137.3,1302.1
1786591143.525048,8740.2,1588.5,5809.3,16137.9,1302.1
1786591143.624800,8740.2,1191.4,5709.1,15640.6,1302.1
1786591143.724774,8342.9,1191.4,5709.1,15243.4,1302.1
1786591143.824762,8740.2,794.2,5709.1,15243.5,1302.1
1786591143.924882,8342.9,794.2,5709.1,14846.2,1302.1
1786591144.024801,8740.2,794.2,5709.1,15243.5,1302.1
1786591144.124913,8342.9,794.2,5709.1,14846.2,1302.1
1786591144.224869,8740.2,794.2,5709.1,15243.5,1302.1
1786591144.324822,8740.2,794.2,5709.1,15243.5,1302.1
1786591144.424855,8740.2,794.2,5709.1,15243.5,1302.1
1786591144.524834,8740.2,794.2,5709.1,15243.5,1302.1
1786591144.624841,8342.9,397.1,5709.1,14449.1,1302.1
1786591144.724838,8740.2,397.1,5709.1,14846.4,1302.1
1786591144.824802,8342.9,397.1,5709.1,14449.1,1302.1
1786591144.924830,8740.2,397.1,5709.1,14846.4,1302.1
1786591145.024826,8342.9,397.1,5709.1,14449.1,1302.1
1786591145.124898,8740.2,397.0,5709.1,14846.2,1302.1
1786591145.224823,8342.9,397.0,5709.1,14449.0,1302.1
1786591145.324798,8736.6,793.9,6009.6,15540.2,1502.4
1786591145.424989,9133.8,397.0,6410.2,15941.0,1802.9
1786591145.525078,8740.2,794.2,6310.1,15844.5,1702.7
1786591145.624787,8740.2,794.2,6109.8,15644.2,1502.4
1786591145.724755,8342.9,397.1,6009.6,14749.6,1502.4
1786591145.824749,8342.9,397.1,5909.4,14649.4,1402.2
1786591145.924827,8342.9,397.1,5909.4,14649.4,1402.2
1786591146.024798,8342.9,397.1,5809.3,14549.3,1302.1
1786591146.124866,7945.6,397.1,5809.3,14152.0,1302.1
1786591146.224798,7945.6,397.1,5709.1,14051.8,1302.1
1786591146.324837,7945.6,397.1,5709.1,14051.8,1302.1
1786591146.424864,7945.6,397.1,5709.1,14051.8,1302.1
1786591146.524807,7945.6,397.1,5709.1,14051.8,1302.1
1786591146.624786,7945.6,397.1,5709.1,14051.8,1302.1
1786591146.724916,7945.6,397.1,5609.0,13951.7,1201.9
1786591146.824810,7945.6,397.1,5609.0,13951.7,1201.9
1786591146.924866,7945.6,397.1,5609.0,13951.7,1302.1
1786591147.024825,7945.6,397.1,5609.0,13951.7,1302.1
1786591147.125273,7945.6,793.9,5709.1,14448.6,1302.1
1786591147.225137,7945.6,794.2,5709.1,14449.0,1302.1
1786591147.324833,7945.6,794.2,5709.1,14449.0,1302.1
1786591147.424999,7945.6,794.2,5709.1,14449.0,1302.1
1786591147.525069,7945.6,794.2,5709.1,14449.0,1302.1
1786591147.625007,7945.6,1191.4,5709.1,14846.1,1302.1
1786591147.725191,8342.9,1191.4,5809.3,15343.5,1302.1
1786591147.825079,8342.9,1191.4,5809.3,15343.5,1302.1
1786591147.924892,8342.9,1191.4,5809.3,15343.5,1302.1
1786591148.024792,8342.9,794.2,5709.1,14846.2,1302.1
1786591148.125061,8342.9,794.2,5809.3,14946.4,1302.1
1786591148.224813,8342.9,794.2,5709.1,14846.2,1302.1
1786591148.324790,8342.9,794.2,5709.1,14846.2,1302.1
1786591148.424776,8342.9,794.2,5709.1,14846.2,1302.1
1786591148.524826,8342.9,794.2,5709.1,14846.2,1302.1
1786591148.624834,8342.9,794.2,5709.1,14846.2,1302.1
1786591148.724857,8342.9,794.2,5709.1,14846.2,1302.1
1786591148.824822,8342.9,794.2,5709.1,14846.2,1302.1
1786591148.924850,8342.9,397.1,5709.1,14449.1,1302.1
1786591149.024826,8342.9,397.1,5709.1,14449.1,1302.1
1786591149.124960,8342.9,397.1,5709.1,14449.1,1302.1
1786591149.224819,8342.9,397.1,5709.1,14449.1,1302.1
1786591149.324783,8342.9,397.1,5709.1,14449.1,1302.1
1786591149.424983,8342.9,397.1,5709.1,14449.1,1302.1
1786591149.525000,8342.9,397.1,5709.1,14449.1,1302.1
1786591149.624793,8342.9,397.1,5709.1,14449.1,1302.1
1786591149.724792,8342.9,397.1,5709.1,14449.1,1302.1
1786591149.824743,8342.9,397.1,5709.1,14449.1,1302.1
1786591149.924874,8342.9,397.1,5709.1,14449.1,1302.1
1786591150.025061,8342.9,397.1,5709.1,14449.1,1302.1
1786591150.124932,8342.9,397.1,5709.1,14449.1,1302.1
1786591150.224805,8342.9,397.1,5709.1,14449.1,1302.1
1786591150.324773,8342.9,397.1,5709.1,14449.1,1302.1
1786591150.424867,8342.9,397.1,5709.1,14449.1,1302.1
1786591150.524952,8342.9,397.1,5709.1,14449.1,1302.1
1786591150.624805,8342.9,397.1,5809.3,14549.3,1302.1
1786591150.724797,8342.9,397.1,5809.3,14549.3,1302.1
1786591150.824787,8342.9,397.1,5809.3,14549.3,1302.1
1786591150.924805,8342.9,397.1,5809.3,14549.3,1302.1
1786591151.024832,8342.9,397.1,5809.3,14549.3,1302.1
1786591151.124864,8342.9,397.1,5809.3,14549.3,1302.1
1786591151.224813,8342.9,397.1,5809.3,14549.3,1302.1
1786591151.324778,8342.9,397.1,5809.3,14549.3,1302.1
1786591151.425127,8740.2,397.1,5809.3,14946.6,1302.1
1786591151.524979,8342.9,397.1,5809.3,14549.3,1302.1
1786591151.624927,8740.2,397.1,5809.3,14946.6,1302.1
1786591151.724809,8740.2,397.1,5809.3,14946.6,1302.1
1786591151.824771,8740.2,397.1,5809.3,14946.6,1302.1
1786591151.924803,8740.2,397.1,5809.3,14946.6,1302.1
1786591152.024788,8740.2,397.1,5809.3,14946.6,1302.1
1786591152.124997,8740.2,397.1,5809.3,14946.6,1302.1
1786591152.225010,8740.2,793.9,5809.3,15343.4,1302.1
1786591152.324840,8740.2,397.0,5809.3,14946.4,1402.2
1786591152.424865,8740.2,397.1,5809.3,14946.6,1402.2
1786591152.524800,8740.2,397.1,5809.3,14946.6,1402.2
1786591152.624834,8740.2,397.1,5809.3,14946.6,1402.2
1786591152.724834,8740.2,397.1,5809.3,14946.6,1402.2
1786591152.824756,8740.2,397.1,5809.3,14946.6,1402.2
1786591152.924844,8740.2,397.1,5809.3,14946.6,1402.2
1786591153.025225,8740.2,794.2,5909.4,15443.8,1402.2
1786591153.125156,8740.2,1190.9,5909.4,15840.5,1402.2
1786591153.225199,8740.2,1587.8,6009.6,16337.6,1502.4
1786591153.325108,8740.2,1588.5,6009.6,16338.2,1502.4
1786591153.424969,8740.2,1588.5,6009.6,16338.2,1502.4
1786591153.524923,8740.2,1191.4,5909.4,15841.0,1402.2
1786591153.624835,8740.2,1191.4,5909.4,15841.0,1402.2
1786591153.724752,8740.2,794.2,5909.4,15443.8,1402.2
1786591153.824788,8740.2,794.2,5909.4,15443.8,1402.2
1786591153.924803,8740.2,794.2,5909.4,15443.8,1402.2
1786591154.024800,8740.2,794.2,5909.4,15443.8,1402.2
1786591154.124844,8740.2,794.2,5909.4,15443.8,1402.2
1786591154.224919,8740.2,794.2,5909.4,15443.8,1402.2
1786591154.324797,8740.2,794.2,5909.4,15443.8,1402.2
1786591154.424996,8740.2,793.9,5909.4,15443.5,1402.2
1786591154.525005,8740.2,793.9,5909.4,15443.5,1402.2
1786591154.624816,8740.2,793.9,5909.4,15443.5,1402.2
1786591154.725360,8736.6,793.9,5909.4,15440.0,1402.2
1786591154.825196,8736.6,793.9,5909.4,15440.0,1402.2
1786591154.925360,8736.6,1190.9,6009.6,15937.1,1402.2
1786591155.024991,8736.6,1190.9,6009.6,15937.1,1402.2
1786591155.124810,8736.6,1190.9,5909.4,15837.0,1402.2
1786591155.224746,8736.6,793.9,5909.4,15440.0,1402.2
1786591155.325431,8736.6,1190.9,6009.6,15937.1,1502.4
1786591155.425103,8736.6,1190.9,6009.6,15937.1,1502.4
1786591155.525091,8736.6,1587.8,6009.6,16334.1,1502.4
1786591155.624818,8736.6,1190.9,6009.6,15937.1,1502.4
1786591155.724773,8736.6,1190.9,6009.6,15937.1,1402.2
1786591155.824796,8740.2,793.9,6009.6,15543.7,1402.2
1786591155.924829,8740.2,793.9,5909.4,15443.5,1402.2
1786591156.024819,8736.6,793.9,5909.4,15440.0,1402.2
1786591156.124826,8740.2,793.9,5909.4,15443.5,1402.2
1786591156.224820,8740.2,793.9,5909.4,15443.5,1402.2
1786591156.324920,8740.2,794.2,5909.4,15443.8,1402.2
1786591156.424826,8740.2,794.2,5909.4,15443.8,1402.2
1786591156.524834,8740.2,794.2,5909.4,15443.8,1402.2
1786591156.624824,8740.2,397.1,5909.4,15046.7,1402.2
1786591156.725021,9137.4,794.2,5909.4,15841.1,1402.2
1786591156.824793,9137.4,794.2,5909.4,15841.1,1402.2
1786591156.924775,9137.4,397.1,5909.4,15444.0,1402.2
1786591157.024767,9137.4,397.1,5909.4,15444.0,1402.2
1786591157.124833,9137.4,397.1,5909.4,15444.0,1402.2
1786591157.224789,9137.4,397.1,5909.4,15444.0,1402.2
1786591157.324794,9137.4,397.1,5909.4,15444.0,1402.2
1786591157.424998,9137.4,397.0,5909.4,15443.8,1402.2
1786591157.524998,9137.4,397.0,5909.4,15443.8,1402.2
1786591157.624862,9137.4,397.0,5909.4,15443.8,1402.2
1786591157.724828,9137.4,397.0,5909.4,15443.8,1402.2
1786591157.824874,9137.4,397.0,5909.4,15443.8,1402.2
1786591157.924862,9137.4,397.0,5909.4,15443.8,1402.2
1786591158.024824,9137.4,397.0,5909.4,15443.8,1402.2
1786591158.125193,9133.8,793.9,6009.6,15937.3,1402.2
1786591158.225142,9133.8,793.9,6009.6,15937.3,1502.4
1786591158.324854,9133.8,793.9,6009.6,15937.3,1502.4
1786591158.424827,9133.8,793.9,6009.6,15937.3,1502.4
1786591158.525086,9133.8,793.9,6310.1,16237.8,1702.7
1786591158.624998,9530.9,793.9,6610.6,16935.4,1900.0
1786591158.725203,9133.8,1190.9,6710.7,17035.4,1900.0
1786591158.825050,9530.9,1190.9,7011.2,17733.0,2100.0
1786591158.924820,9137.4,1191.4,6911.0,17239.8,2100.0
1786591159.024742,9530.9,1190.9,7111.4,17833.1,2200.0
1786591159.124869,9137.4,1191.4,7111.4,17440.2,2100.0
1786591159.224828,9133.8,793.9,7211.5,17139.2,2200.0
1786591159.324893,9137.4,794.2,7111.4,17043.0,2100.0
1786591159.425082,9133.8,793.9,7311.7,17239.4,2300.0
1786591159.525143,9137.4,1190.9,7211.5,17539.8,2200.0
1786591159.625010,9133.8,1190.9,7411.8,17736.5,2300.0
1786591159.725100,9133.8,1190.9,7411.8,17736.5,2300.0
1786591159.825027,9133.8,1190.9,7411.8,17736.5,2300.0
1786591159.924968,9137.4,1190.9,7411.8,17740.2,2300.0
1786591160.024958,9137.4,793.9,7411.8,17343.2,2300.0
1786591160.124878,9530.9,793.9,7512.0,17836.8,2400.0
1786591160.225018,9137.4,793.9,7311.7,17243.0,2300.0
1786591160.324807,9530.9,793.9,7512.0,17836.8,2300.0
1786591160.425009,9137.4,793.9,7311.7,17243.0,2200.0
1786591160.524794,9133.8,793.9,7512.0,17439.7,2300.0
1786591160.625010,9137.4,793.9,7311.7,17243.0,2200.0
1786591160.724811,9133.8,793.9,7411.8,17339.5,2300.0
1786591160.825023,9137.4,793.9,7311.7,17243.0,2200.0
1786591160.924811,9133.8,793.9,7411.8,17339.5,2300.0
1786591161.025105,9137.4,794.2,7311.7,17243.4,2200.0
1786591161.124854,9133.8,793.9,7411.8,17339.5,2300.0
1786591161.225057,8740.2,794.2,7311.7,16846.1,2200.0
1786591161.324884,9137.4,793.9,7411.8,17343.2,2300.0
1786591161.424829,9137.4,794.2,7311.7,17243.4,2200.0
1786591161.525080,9137.4,794.2,7411.8,17343.5,2300.0
1786591161.624821,9137.4,794.2,7411.8,17343.5,2200.0
1786591161.724809,9137.4,794.2,7411.8,17343.5,2300.0
1786591161.824823,9137.4,794.2,7411.8,17343.5,2300.0
1786591161.924964,9137.4,794.2,7311.7,17243.4,2300.0
1786591162.024792,9534.7,794.2,7512.0,17841.0,2300.0
1786591162.124814,9137.4,794.2,7311.7,17243.4,2200.0
1786591162.224830,9137.4,794.2,7512.0,17443.7,2300.0
1786591162.324916,9137.4,794.2,7311.7,17243.4,2200.0
1786591162.424873,9137.4,793.9,7512.0,17443.4,2300.0
1786591162.524850,9137.4,794.2,7311.7,17243.4,2200.0
1786591162.624836,9137.4,793.9,7411.8,17343.2,2300.0
1786591162.724847,9137.4,794.2,7311.7,17243.4,2200.0
1786591162.824855,9137.4,794.2,7411.8,17343.5,2300.0
1786591162.924831,8740.2,794.2,7311.7,16846.1,2200.0
1786591163.024788,9137.4,794.2,7411.8,17343.5,2300.0
1786591163.124836,8740.2,794.2,7211.5,16745.9,2200.0
1786591163.224993,9137.4,793.9,7411.8,17343.2,2300.0
1786591163.324896,9137.4,794.2,7311.7,17243.4,2200.0
1786591163.424774,9133.8,793.9,7411.8,17339.5,2300.0
1786591163.525112,9137.4,794.2,7411.8,17343.5,2300.0
1786591163.625073,9133.8,793.9,7411.8,17339.5,2300.0
1786591163.724808,9137.4,794.2,7512.0,17443.7,2300.0
1786591163.824839,9137.4,794.2,7411.8,17343.5,2300.0
1786591163.924809,9534.7,793.9,7512.0,17840.6,2300.0
1786591164.025131,9137.4,793.9,7411.8,17343.2,2300.0
1786591164.125029,9530.9,1190.9,7512.0,18233.8,2400.0
1786591164.225212,9137.4,1190.9,7411.8,17740.2,2300.0
1786591164.325054,9133.8,1190.9,7512.0,17836.6,2400.0
1786591164.424804,9137.4,1191.4,7411.8,17740.6,2300.0
1786591164.524751,9133.8,1190.9,7512.0,17836.6,2300.0
1786591164.624852,9137.4,1191.4,7311.7,17640.5,2200.0
1786591164.724814,9133.8,793.9,7411.8,17339.5,2300.0
1786591164.824824,8740.2,794.2,7311.7,16846.1,2200.0
1786591164.924797,9133.8,793.9,7411.8,17339.5,2300.0
1786591165.024764,8740.2,794.2,7311.7,16846.1,2200.0
1786591165.124864,9133.8,793.9,7411.8,17339.5,2300.0
1786591165.224853,9137.4,794.2,7311.7,17243.4,2200.0
1786591165.324865,9137.4,793.9,7411.8,17343.2,2300.0
1786591165.424855,9137.4,794.2,7411.8,17343.5,2300.0
1786591165.525084,9137.4,793.9,7411.8,17343.2,2300.0
1786591165.624786,9534.7,793.9,7512.0,17840.6,2400.0
1786591165.724804,9137.4,793.9,7411.8,17343.2,2300.0
1786591165.824854,9530.9,793.9,7512.0,17836.8,2300.0
1786591165.924829,9137.4,793.9,7411.8,17343.2,2200.0
1786591166.024811,9133.8,793.9,7512.0,17439.7,2300.0
1786591166.124801,9137.4,793.9,7311.7,17243.0,2200.0
1786591166.224861,9133.8,793.9,7512.0,17439.7,2300.0
1786591166.324891,9137.4,793.9,7311.7,17243.0,2200.0
1786591166.424772,9133.8,793.9,7411.8,17339.5,2300.0
1786591166.524745,9137.4,794.2,7311.7,17243.4,2200.0
1786591166.624821,9133.8,793.9,7411.8,17339.5,2300.0
1786591166.724826,8740.2,794.2,7311.7,16846.1,2200.0
1786591166.824843,9133.8,793.9,7411.8,17339.5,2300.0
1786591166.924860,9137.4,794.2,7311.7,17243.4,2200.0
1786591167.024850,9133.8,793.9,7411.8,17339.5,2300.0
1786591167.124848,9137.4,793.9,7311.7,17243.0,2200.0
1786591167.225194,9133.8,793.9,7411.8,17339.5,2300.0
1786591167.325205,9137.4,793.9,7411.8,17343.2,2300.0
1786591167.424880,9137.4,794.2,7411.8,17343.5,2300.0
1786591167.525069,9534.7,793.9,7512.0,17840.6,2300.0
1786591167.624811,9137.4,793.9,7311.7,17243.0,2300.0
1786591167.725020,9530.9,793.9,7512.0,17836.8,2400.0
1786591167.824792,9137.4,794.2,7311.7,17243.4,2200.0
1786591167.924762,9133.8,793.9,7411.8,17339.5,2300.0
1786591168.024772,9137.4,793.9,7311.7,17243.0,2200.0
1786591168.124806,9133.8,793.9,7411.8,17339.5,2300.0
1786591168.225109,9137.4,793.9,7311.7,17243.0,2200.0
1786591168.324798,9133.8,793.9,7411.8,17339.5,2300.0
1786591168.424869,9137.4,793.9,7311.7,17243.0,2200.0
1786591168.524794,9133.8,793.9,7411.8,17339.5,2300.0
1786591168.624812,8740.2,793.9,7311.7,16845.8,2200.0
1786591168.724841,9133.8,793.9,7411.8,17339.5,2300.0
1786591168.824918,9137.4,793.9,7311.7,17243.0,2200.0
1786591168.924828,9133.8,793.9,7411.8,17339.5,2300.0
1786591169.024788,9137.4,793.9,7311.7,17243.0,2200.0
1786591169.124864,9133.8,793.9,7411.8,17339.5,2300.0
1786591169.224889,9137.4,793.9,7411.8,17343.2,2300.0
1786591169.324836,9137.4,793.9,7311.7,17243.0,2300.0
1786591169.424974,9534.7,793.9,7512.0,17840.6,2300.0
1786591169.525059,9137.4,793.9,7411.8,17343.2,2300.0
1786591169.624990,9530.9,1190.9,7512.0,18233.8,2400.0
1786591169.725152,9137.4,1190.9,7411.8,17740.2,2300.0
1786591169.825041,9530.9,1190.9,7512.0,18233.8,2400.0
1786591169.924853,9137.4,1190.9,7411.8,17740.2,2300.0
1786591170.024767,9137.4,1190.9,7512.0,17840.3,2400.0
1786591170.124861,9137.4,1191.4,7311.7,17640.5,2200.0
1786591170.224827,9137.4,794.2,7512.0,17443.7,2300.0
1786591170.324839,9137.4,794.2,7311.7,17243.4,2200.0
1786591170.424900,9137.4,794.2,7411.8,17343.5,2300.0
1786591170.524839,8740.2,794.2,7311.7,16846.1,2200.0
1786591170.624834,9137.4,793.9,7411.8,17343.2,2300.0
1786591170.724917,9137.4,794.2,7311.7,17243.4,2200.0
1786591170.824881,9133.8,793.9,7411.8,17339.5,2300.0
1786591170.924816,9137.4,794.2,7411.8,17343.5,2300.0
1786591171.024829,9133.8,793.9,7411.8,17339.5,2300.0
1786591171.124841,9133.8,793.9,7411.8,17339.5,2300.0
1786591171.224877,9137.4,793.9,7311.7,17243.0,2200.0
1786591171.324800,9530.9,793.9,7512.0,17836.8,2300.0
1786591171.424861,9133.8,793.9,7311.7,17239.4,2200.0
1786591171.525002,9133.8,793.9,7512.0,17439.7,2300.0
1786591171.624791,9137.4,793.9,7311.7,17243.0,2200.0
1786591171.724769,9133.8,793.9,7512.0,17439.7,2300.0
1786591171.824817,9137.4,793.9,7311.7,17243.0,2200.0
1786591171.924988,9133.8,793.9,7411.8,17339.5,2300.0
1786591172.025065,9137.4,794.2,7311.7,17243.4,2200.0
1786591172.124848,9133.8,793.9,7411.8,17339.5,2300.0
1786591172.224857,9137.4,794.2,7311.7,17243.4,2200.0
1786591172.324807,9133.8,793.9,7411.8,17339.5,2300.0
1786591172.425110,8740.2,794.2,7311.7,16846.1,2200.0
1786591172.524878,9133.8,793.9,7411.8,17339.5,2300.0
1786591172.624782,9137.4,794.2,7311.7,17243.4,2200.0
1786591172.724766,9133.8,793.9,7411.8,17339.5,2300.0
1786591172.824874,9137.4,793.9,7411.8,17343.2,2300.0
1786591172.924826,9133.8,793.9,7411.8,17339.5,2300.0
1786591173.024796,9530.9,793.9,7512.0,17836.8,2300.0
1786591173.124840,9133.8,793.9,7411.8,17339.5,2300.0
1786591173.224799,9530.9,793.9,7512.0,17836.8,2300.0
1786591173.324817,9137.4,793.9,7311.7,17243.0,2200.0
1786591173.424891,9133.8,793.9,7512.0,17439.7,2300.0
1786591173.525114,9137.4,793.9,7311.7,17243.0,2200.0
1786591173.624837,9133.8,793.9,7512.0,17439.7,2300.0
1786591173.724853,9137.4,793.9,7311.7,17243.0,2200.0
1786591173.825014,9133.8,793.9,7512.0,17439.7,2300.0
1786591173.924815,9137.4,793.9,7311.7,17243.0,2200.0
1786591174.024799,9133.8,793.9,7411.8,17339.5,2300.0
1786591174.124841,9137.4,793.9,7311.7,17243.0,2200.0
1786591174.225080,9133.8,793.9,7411.8,17339.5,2300.0
1786591174.324828,8740.2,793.9,7311.7,16845.8,2200.0
1786591174.424857,9133.8,793.9,7411.8,17339.5,2300.0
1786591174.524808,9137.4,793.9,7311.7,17243.0,2200.0
1786591174.624853,9133.8,793.9,7411.8,17339.5,2300.0
1786591174.724839,9133.8,793.9,7411.8,17339.5,2300.0
1786591174.824823,9133.8,793.9,7411.8,17339.5,2300.0
1786591174.924800,9530.9,793.9,7512.0,17836.8,2300.0
1786591175.025053,9133.8,793.9,7411.8,17339.5,2300.0
1786591175.125005,9530.9,1190.9,7512.0,18233.8,2400.0
1786591175.225206,9133.8,1190.9,7411.8,17736.5,2300.0
1786591175.325134,9530.9,1190.9,7512.0,18233.8,2400.0
1786591175.424979,9133.8,1190.9,7411.8,17736.5,2300.0
1786591175.525113,9133.8,1190.9,7512.0,17836.6,2400.0
1786591175.624783,9137.4,1190.9,7311.7,17640.0,2200.0
1786591175.724781,9133.8,793.9,7512.0,17439.7,2300.0
1786591175.824795,9137.4,794.2,7311.7,17243.4,2200.0
1786591175.924788,9133.8,793.9,7411.8,17339.5,2300.0
1786591176.024795,9137.4,794.2,7311.7,17243.4,2200.0
1786591176.124918,9137.4,793.9,7411.8,17343.2,2300.0
1786591176.224842,9137.4,794.2,7311.7,17243.4,2200.0
1786591176.324847,9137.4,793.9,7411.8,17343.2,2300.0
1786591176.424983,9137.4,794.2,7311.7,17243.4,2200.0
1786591176.525058,9133.8,793.9,7411.8,17339.5,2300.0
1786591176.624803,9133.8,793.9,7411.8,17339.5,2300.0
1786591176.724792,9133.8,793.9,7311.7,17239.4,2300.0
1786591176.824800,9530.9,793.9,7411.8,17736.6,2400.0
1786591176.924859,9133.8,793.9,7311.7,17239.4,2300.0
1786591177.024815,9133.8,793.9,7411.8,17339.5,2300.0
1786591177.124931,9133.8,793.9,7311.7,17239.4,2200.0
1786591177.224822,9133.8,793.9,7411.8,17339.5,2300.0
1786591177.325109,9133.8,793.9,7311.7,17239.4,2200.0
1786591177.424883,9133.8,793.9,7411.8,17339.5,2300.0
1786591177.525039,9137.4,794.2,7311.7,17243.4,2200.0
1786591177.624779,9133.8,793.9,7411.8,17339.5,2300.0
1786591177.725269,9137.4,794.2,7311.7,17243.4,2200.0
1786591177.825087,9133.8,1190.9,7411.8,17736.5,2300.0
1786591177.925179,9137.4,1191.4,7311.7,17640.5,2200.0
1786591178.024967,9137.4,1191.4,7512.0,17840.8,2300.0
1786591178.124899,9137.4,1191.4,7311.7,17640.5,2200.0
1786591178.225141,9137.4,1191.4,7411.8,17740.6,2300.0
1786591178.325180,9137.4,1588.5,7411.8,18137.8,2300.0
1786591178.425159,9137.4,1588.5,7512.0,18237.9,2300.0
1786591178.525124,9534.7,1588.5,7512.0,18635.2,2400.0
1786591178.624777,9137.4,1191.4,7411.8,17740.6,2300.0
1786591178.724760,9534.7,1191.4,7512.0,18238.1,2400.0
1786591178.824815,9137.4,1191.4,7411.8,17740.6,2300.0
1786591178.924785,9137.4,1190.9,7512.0,17840.3,2400.0
1786591179.024798,9137.4,794.2,7311.7,17243.4,2200.0
1786591179.124943,9133.8,793.9,7512.0,17439.7,2300.0
1786591179.224828,9137.4,793.9,7311.7,17243.0,2200.0
1786591179.324793,9133.8,793.9,7411.8,17339.5,2300.0
1786591179.424939,9137.4,793.9,7311.7,17243.0,2200.0
1786591179.524987,9133.8,793.9,7411.8,17339.5,2300.0
1786591179.624788,9137.4,794.2,7311.7,17243.4,2200.0
1786591179.724754,9133.8,793.9,7411.8,17339.5,2300.0
1786591179.824843,8740.2,794.2,7311.7,16846.1,2200.0
1786591179.924806,9137.4,793.9,7411.8,17343.2,2300.0
1786591180.024816,9137.4,794.2,7311.7,17243.4,2200.0
1786591180.125042,9137.4,794.2,7411.8,17343.5,2300.0
1786591180.224895,9137.4,794.2,7411.8,17343.5,2300.0
1786591180.325051,9137.4,793.9,7411.8,17343.2,2300.0
1786591180.424973,9530.9,793.9,7512.0,17836.8,2300.0
1786591180.525058,9133.8,793.9,7411.8,17339.5,2300.0
1786591180.625031,9530.9,1190.9,7512.0,18233.8,2400.0
1786591180.725118,9133.8,1190.9,7411.8,17736.5,2300.0
1786591180.825040,9133.8,1190.9,7612.2,17936.8,2400.0
1786591180.925017,9137.4,1191.4,7411.8,17740.6,2300.0
1786591181.024763,9133.8,1190.9,7512.0,17836.6,2400.0
1786591181.125036,9137.4,1191.4,7311.7,17640.5,2200.0
1786591181.224824,9133.8,793.9,7512.0,17439.7,2300.0
1786591181.325083,9137.4,794.2,7311.7,17243.4,2200.0
1786591181.424874,9133.8,793.9,7411.8,17339.5,2300.0
1786591181.525126,8740.2,794.2,7311.7,16846.1,2200.0
1786591181.624838,9133.8,793.9,7411.8,17339.5,2300.0
1786591181.724999,9137.4,794.2,7311.7,17243.4,2200.0
1786591181.824978,9133.8,793.9,7411.8,17339.5,2300.0
1786591181.925006,9137.4,793.9,7411.8,17343.2,2300.0
1786591182.024966,9133.8,793.9,7411.8,17339.5,2300.0
1786591182.125072,9133.8,793.9,7411.8,17339.5,2300.0
1786591182.225063,9133.8,793.9,7411.8,17339.5,2200.0
1786591182.325119,9133.8,793.9,7512.0,17439.7,2300.0
1786591182.425040,9137.4,793.9,7411.8,17343.2,2200.0
1786591182.524809,9137.4,793.9,7512.0,17443.4,2300.0
1786591182.625054,9137.4,794.2,7311.7,17243.4,2200.0
1786591182.724829,9137.4,793.9,7512.0,17443.4,2300.0
1786591182.825104,9137.4,794.2,7311.7,17243.4,2200.0
1786591182.924874,9137.4,793.9,7411.8,17343.2,2300.0
1786591183.025127,9137.4,794.2,7311.7,17243.4,2200.0
1786591183.124883,9133.8,793.9,7411.8,17339.5,2300.0
1786591183.225075,8740.2,794.2,7311.7,16846.1,2200.0
1786591183.324800,9133.8,793.9,7411.8,17339.5,2300.0
1786591183.425090,8740.2,794.2,7311.7,16846.1,2200.0
1786591183.525034,9133.8,793.9,7411.8,17339.5,2300.0
1786591183.625035,9137.4,794.2,7311.7,17243.4,2200.0
1786591183.724991,9133.8,793.9,7411.8,17339.5,2300.0
1786591183.824951,9137.4,793.9,7411.8,17343.2,2300.0
1786591183.925037,9133.8,793.9,7311.7,17239.4,2300.0
1786591184.025244,9530.9,793.9,7512.0,17836.8,2400.0
1786591184.125116,9133.8,793.9,7411.8,17339.5,2300.0
1786591184.224895,9530.9,793.9,7512.0,17836.8,2400.0
1786591184.325058,9137.4,793.9,7311.7,17243.0,2200.0
1786591184.424875,9133.8,793.9,7512.0,17439.7,2300.0
1786591184.525042,9137.4,794.2,7311.7,17243.4,2200.0
1786591184.624800,9133.8,793.9,7411.8,17339.5,2300.0
1786591184.725111,9137.4,794.2,7311.7,17243.4,2200.0
1786591184.824869,9133.8,793.9,7411.8,17339.5,2300.0
1786591184.925088,9137.4,794.2,7311.7,17243.4,2200.0
1786591185.024795,9133.8,793.9,7411.8,17339.5,2300.0
1786591185.125119,8740.2,794.2,7311.7,16846.1,2200.0
1786591185.225246,9133.8,793.9,7411.8,17339.5,2300.0
1786591185.325196,9137.4,1191.4,7311.7,17640.5,2200.0
1786591185.425124,9133.8,1190.9,7411.8,17736.5,2300.0
1786591185.525168,9137.4,1191.4,7411.8,17740.6,2300.0
1786591185.625093,9133.8,1191.4,7411.8,17737.0,2300.0
1786591185.724886,9137.4,1191.4,7512.0,17840.8,2400.0
1786591185.824946,9137.4,1191.4,7411.8,17740.6,2300.0
1786591185.924797,9534.7,794.2,7512.0,17841.0,2400.0
1786591186.025039,9137.4,1191.4,7411.8,17740.6,2300.0
1786591186.125060,9534.7,1191.4,7512.0,18238.1,2400.0
1786591186.225139,9137.4,1191.4,7411.8,17740.6,2300.0
1786591186.325067,9137.4,1191.4,7612.2,17941.0,2400.0
1786591186.424940,9137.4,1191.4,7411.8,17740.6,2300.0
1786591186.524801,9137.4,1191.4,7512.0,17840.8,2400.0
1786591186.624972,9137.4,1191.4,7311.7,17640.5,2200.0
1786591186.724830,9137.4,794.2,7512.0,17443.7,2300.0
1786591186.824883,8740.2,794.2,7311.7,16846.1,2200.0
1786591186.924832,9137.4,794.2,7411.8,17343.5,2300.0
1786591187.024808,8740.2,794.2,7311.7,16846.1,2200.0
1786591187.124787,9137.4,794.2,7411.8,17343.5,2300.0
1786591187.224860,9137.4,794.2,7311.7,17243.4,2200.0
1786591187.325119,9137.4,794.2,7411.8,17343.5,2300.0
1786591187.425059,9137.4,794.2,7411.8,17343.5,2300.0
1786591187.525082,9137.4,794.2,7411.8,17343.5,2300.0
1786591187.624852,9534.7,794.2,7512.0,17841.0,2400.0
1786591187.724766,9137.4,794.2,7411.8,17343.5,2300.0
1786591187.824797,9534.7,794.2,7512.0,17841.0,2400.0
1786591187.924889,9137.4,794.2,7411.8,17343.5,2300.0
1786591188.024844,9137.4,793.9,7512.0,17443.4,2300.0
1786591188.124835,9137.4,794.2,7311.7,17243.4,2200.0
1786591188.224830,9137.4,793.9,7512.0,17443.4,2300.0
1786591188.325099,9137.4,794.2,7311.7,17243.4,2200.0
1786591188.424809,9137.4,793.9,7512.0,17443.4,2300.0
1786591188.524838,9137.4,794.2,7311.7,17243.4,2200.0
1786591188.624876,9137.4,794.2,7512.0,17443.7,2300.0
1786591188.724832,8740.2,794.2,7311.7,16846.1,2200.0
1786591188.824853,9137.4,794.2,7411.8,17343.5,2300.0
1786591188.924784,9137.4,794.2,7311.7,17243.4,2200.0
1786591189.024785,9137.4,794.2,7411.8,17343.5,2300.0
1786591189.124811,9137.4,794.2,7411.8,17343.5,2200.0
1786591189.224851,9137.4,794.2,7411.8,17343.5,2300.0
1786591189.324816,9137.4,794.2,7411.8,17343.5,2300.0
1786591189.424880,9137.4,794.2,7411.8,17343.5,2300.0
1786591189.524993,9534.7,794.2,7512.0,17841.0,2400.0
1786591189.624899,9137.4,794.2,7411.8,17343.5,2300.0
1786591189.725100,9137.4,793.9,7512.0,17443.4,2400.0
1786591189.824875,9137.4,794.2,7411.8,17343.5,2200.0
1786591189.924843,9133.8,793.9,7512.0,17439.7,2300.0
1786591190.024837,9137.4,794.2,7311.7,17243.4,2200.0
1786591190.124851,9133.8,793.9,7512.0,17439.7,2300.0
1786591190.224846,9137.4,794.2,7311.7,17243.4,2200.0
1786591190.324769,9133.8,793.9,7411.8,17339.5,2300.0
1786591190.424937,9137.4,794.2,7311.7,17243.4,2200.0
1786591190.524791,9133.8,793.9,7411.8,17339.5,2300.0
1786591190.624918,8740.2,794.2,7311.7,16846.1,2200.0
1786591190.724833,9133.8,793.9,7411.8,17339.5,2300.0
1786591190.824828,9137.4,794.2,7311.7,17243.4,2200.0
1786591190.924804,9133.8,793.9,7411.8,17339.5,2300.0
1786591191.024809,9137.4,794.2,7411.8,17343.5,2300.0
1786591191.124811,9137.4,793.9,7311.7,17243.0,2300.0
1786591191.224850,9137.4,793.9,7512.0,17443.4,2300.0
1786591191.324828,9137.4,793.9,7311.7,17243.0,2200.0
1786591191.424966,9133.8,793.9,7411.8,17339.5,2300.0
1786591191.525151,9133.8,793.9,7311.7,17239.4,2300.0
1786591191.625010,9133.8,1190.9,7512.0,17836.6,2400.0
1786591191.725488,9137.4,1190.9,7411.8,17740.2,2300.0
1786591191.825119,9133.8,1190.9,7512.0,17836.6,2400.0
1786591191.925120,9137.4,1191.4,7311.7,17640.5,2300.0
1786591192.024827,9137.4,1190.9,7512.0,17840.3,2400.0
1786591192.125054,9137.4,1191.4,7311.7,17640.5,2200.0
1786591192.224853,9137.4,794.2,7411.8,17343.5,2300.0
1786591192.325169,9137.4,794.2,7311.7,17243.4,2200.0
1786591192.424911,9137.4,794.2,7411.8,17343.5,2300.0
1786591192.524967,9137.4,794.2,7311.7,17243.4,2200.0
1786591192.624978,9137.4,794.2,7411.8,17343.5,2300.0
1786591192.724984,9137.4,794.2,7411.8,17343.5,2300.0
1786591192.825033,9137.4,794.2,7411.8,17343.5,2300.0
1786591192.924855,9534.7,794.2,7512.0,17841.0,2400.0
1786591193.025079,9137.4,794.2,7411.8,17343.5,2300.0
1786591193.124870,9137.4,794.2,7512.0,17443.7,2400.0
1786591193.225102,9137.4,794.2,7311.7,17243.4,2200.0
1786591193.324905,9137.4,793.9,7512.0,17443.4,2300.0
1786591193.425077,9137.4,794.2,7311.7,17243.4,2200.0
1786591193.525095,9137.4,794.2,7411.8,17343.5,2300.0
1786591193.625104,9137.4,794.2,7311.7,17243.4,2200.0
1786591193.724802,9137.4,794.2,7411.8,17343.5,2300.0
1786591193.825082,9137.4,794.2,7311.7,17243.4,2200.0
1786591193.924893,9137.4,794.2,7411.8,17343.5,2300.0
1786591194.025162,8740.2,794.2,7311.7,16846.1,2200.0
1786591194.124855,9137.4,794.2,7411.8,17343.5,2300.0
1786591194.225035,9137.4,794.2,7311.7,17243.4,2200.0
1786591194.325083,9137.4,794.2,7411.8,17343.5,2300.0
1786591194.424945,9137.4,794.2,7411.8,17343.5,2300.0
1786591194.525040,9137.4,794.2,7411.8,17343.5,2300.0
1786591194.624939,9534.7,794.2,7512.0,17841.0,2300.0
1786591194.725078,9137.4,794.2,7311.7,17243.4,2300.0
1786591194.824908,9137.4,794.2,7512.0,17443.7,2400.0
1786591194.925063,9137.4,794.2,7311.7,17243.4,2200.0
1786591195.024845,9137.4,794.2,7512.0,17443.7,2300.0
1786591195.125028,9137.4,794.2,7311.7,17243.4,2200.0
1786591195.224811,9137.4,794.2,7411.8,17343.5,2300.0
1786591195.325043,9137.4,794.2,7311.7,17243.4,2200.0
1786591195.424816,9137.4,794.2,7411.8,17343.5,2300.0
1786591195.525101,9137.4,794.2,7311.7,17243.4,2200.0
1786591195.624872,9137.4,794.2,7411.8,17343.5,2300.0
1786591195.725019,8740.2,794.2,7311.7,16846.1,2200.0
1786591195.824911,9137.4,794.2,7411.8,17343.5,2300.0
1786591195.924949,9137.4,794.2,7311.7,17243.4,2200.0
1786591196.024937,9137.4,794.2,7411.8,17343.5,2300.0
1786591196.124921,9137.4,794.2,7411.8,17343.5,2300.0
1786591196.225059,9137.4,794.2,7411.8,17343.5,2300.0
1786591196.324855,9534.7,793.9,7512.0,17840.6,2300.0
1786591196.425007,9137.4,793.9,7411.8,17343.2,2300.0
1786591196.524806,9133.8,793.9,7512.0,17439.7,2400.0
1786591196.625087,9137.4,793.9,7411.8,17343.2,2300.0
1786591196.724825,9133.8,793.9,7512.0,17439.7,2300.0
1786591196.825033,9137.4,793.9,7311.7,17243.0,2200.0
1786591196.924850,9133.8,793.9,7512.0,17439.7,2300.0
1786591197.025136,9133.8,793.9,7311.7,17239.4,2200.0
1786591197.124976,9133.8,1190.9,7512.0,17836.6,2300.0
1786591197.225268,9137.4,1190.9,7311.7,17640.0,2300.0
1786591197.325059,9133.8,1190.9,7512.0,17836.6,2400.0
1786591197.424810,8740.2,1191.4,7311.7,17243.2,2200.0
1786591197.525088,9133.8,1190.9,7512.0,17836.6,2300.0
1786591197.624929,9137.4,1191.4,7411.8,17740.6,2200.0
1786591197.724775,9133.8,793.9,7411.8,17339.5,2300.0
1786591197.824758,9137.4,794.2,7411.8,17343.5,2300.0
1786591197.924786,9137.4,793.9,7411.8,17343.2,2300.0
1786591198.024821,9530.9,793.9,7512.0,17836.8,2300.0
1786591198.124842,9137.4,793.9,7411.8,17343.2,2300.0
1786591198.224896,9133.8,793.9,7512.0,17439.7,2400.0
1786591198.325264,9133.8,793.9,7411.8,17339.5,2300.0
1786591198.424880,9133.8,793.9,7512.0,17439.7,2400.0
1786591198.524996,9137.4,1190.9,7411.8,17740.2,2300.0
1786591198.624899,9133.8,1190.9,7512.0,17836.6,2400.0
1786591198.725407,9137.4,1190.9,7411.8,17740.2,2300.0
1786591198.825142,9133.8,1190.9,7512.0,17836.6,2400.0
1786591198.924802,9137.4,1191.4,7311.7,17640.5,2200.0
1786591199.024776,9133.8,1190.9,7512.0,17836.6,2300.0
1786591199.124908,8740.2,1191.4,7311.7,17243.2,2200.0
1786591199.225125,8342.9,1191.4,7011.2,16545.4,2000.0
1786591199.325281,7548.3,1191.4,6710.7,15450.4,1800.0
1786591199.425133,6753.8,1588.5,6410.2,14752.5,1602.6
1786591199.525317,6356.5,1588.5,6209.9,14154.9,1502.4
1786591199.625201,5959.2,1588.5,6009.6,13557.3,1402.2
1786591199.725268,5561.9,1588.5,5909.4,13059.8,1402.2
1786591199.825165,5164.6,1588.5,5809.3,12562.4,1302.1
1786591199.925087,4767.4,1588.5,5709.1,12065.0,1201.9
1786591200.024796,4767.4,1588.5,5609.0,11964.8,1201.9
1786591200.124939,4767.4,1588.5,5508.8,11864.6,1101.8
1786591200.224968,4370.1,1588.5,5408.6,11367.2,1101.8
1786591200.325070,4370.1,1587.8,5408.6,11366.6,1101.8
1786591200.424872,4370.1,1190.9,5408.6,10969.6,1101.8
1786591200.524883,4370.1,1190.9,5308.5,10869.4,1101.8
1786591200.625380,4370.1,1190.9,5308.5,10869.4,1001.6
1786591200.725462,4370.1,1587.8,5208.3,11166.2,1001.6
1786591200.825161,3972.8,1587.8,5108.2,10668.8,901.4
1786591200.925111,3972.8,1588.5,5108.2,10669.4,801.3
1786591201.024846,3972.8,1191.4,4907.8,10072.0,701.1
1786591201.124837,3972.8,1191.4,4807.7,9971.8,601.0
1786591201.225522,3972.8,1190.9,4807.7,9971.4,601.0
1786591201.325315,3972.8,1587.8,4807.7,10368.3,701.1
1786591201.425246,3972.8,1587.8,4807.7,10368.3,701.1
1786591201.525028,3972.8,1190.9,4707.5,9871.2,601.0
1786591201.624797,3972.8,1191.4,4607.4,9771.5,601.0
1786591201.724758,3972.8,1191.4,4607.4,9771.5,500.8
1786591201.824823,3972.8,793.9,4607.4,9374.1,500.8
1786591201.924754,3972.8,793.9,4507.2,9273.9,500.8
1786591202.024809,3972.8,793.9,4507.2,9273.9,400.6
1786591202.124788,3972.8,793.9,4507.2,9273.9,400.6
1786591202.224795,3972.8,793.9,4407.0,9173.8,400.6
1786591202.324861,3972.8,793.9,4407.0,9173.8,400.6
1786591202.424802,3575.5,397.0,4407.0,8379.5,400.6
1786591202.525024,3972.8,793.9,4507.2,9273.9,500.8
1786591202.624995,3972.8,793.9,4507.2,9273.9,500.8
1786591202.725236,3972.8,1190.9,4607.4,9771.0,601.0
1786591202.825078,3972.8,1190.9,4707.5,9871.2,601.0
1786591202.924778,3972.8,1190.9,4607.4,9771.0,601.0
1786591203.024787,3972.8,793.9,4507.2,9273.9,500.8
1786591203.124742,3972.8,794.2,4507.2,9274.2,500.8
1786591203.224816,3972.8,794.2,4507.2,9274.2,500.8
1786591203.324820,3575.5,794.2,4507.2,8877.0,400.6
1786591203.424822,3575.5,794.2,4407.0,8776.8,400.6
1786591203.525015,3575.5,793.9,4407.0,8776.5,400.6
1786591203.624821,3575.5,793.9,4407.0,8776.5,400.6
1786591203.724790,3972.8,793.9,4407.0,9173.8,400.6
1786591203.824894,3575.5,397.0,4407.0,8379.5,400.6
1786591203.924836,3972.8,397.0,4407.0,8776.8,400.6
1786591204.024823,3575.5,397.0,4407.0,8379.5,400.6
1786591204.124800,3575.5,397.0,4407.0,8379.5,400.6
1786591204.224882,3575.5,397.0,4407.0,8379.5,400.6
1786591204.324835,3972.8,397.0,4407.0,8776.8,400.0
1786591204.424877,3972.8,397.0,4407.0,8776.8,400.6
1786591204.525172,3972.8,397.0,4407.0,8776.8,400.6
1786591204.624834,3972.8,397.0,4407.0,8776.8,400.6
1786591204.724827,3575.5,397.0,4407.0,8379.5,400.6
1786591204.824945,3972.8,397.1,4407.0,8777.0,400.6
1786591204.924796,3575.5,397.1,4407.0,8379.7,400.6
1786591205.025013,3575.5,397.1,4407.0,8379.7,400.6
1786591205.124811,3972.8,397.1,4407.0,8777.0,400.6
1786591205.224766,3575.5,397.1,4407.0,8379.7,400.6
1786591205.324757,3575.5,397.1,4407.0,8379.7,400.6
1786591205.424753,3575.5,397.1,4407.0,8379.7,400.6
1786591205.525069,3575.5,397.1,4407.0,8379.7,400.6
1786591205.624868,3575.5,397.1,4407.0,8379.7,400.6
1786591205.724850,3575.5,397.1,4407.0,8379.7,400.6
1786591205.824923,3575.5,397.1,4407.0,8379.7,400.6
1786591205.924872,3972.8,397.1,4407.0,8777.0,400.6
1786591206.024848,3575.5,397.1,4407.0,8379.7,400.6
1786591206.124824,3972.8,397.1,4407.0,8777.0,400.0
1786591206.224908,3575.5,397.1,4407.0,8379.7,400.6
1786591206.325290,3972.8,397.1,4407.0,8777.0,400.6
1786591206.424799,3575.5,397.1,4407.0,8379.7,400.6
1786591206.524801,3575.5,397.1,4407.0,8379.7,400.6
1786591206.624832,3972.8,397.1,4407.0,8777.0,400.6
1786591206.724803,3575.5,397.0,4407.0,8379.5,400.6
1786591206.824920,3575.5,397.1,4407.0,8379.7,400.6
1786591206.924792,3575.5,397.1,4407.0,8379.7,400.6
1786591207.024850,3575.5,397.1,4407.0,8379.7,400.6
1786591207.124822,3575.5,397.1,4407.0,8379.7,400.6
1786591207.225091,3575.5,794.2,4407.0,8776.8,400.6
1786591207.324838,3575.5,397.1,4407.0,8379.7,400.6
1786591207.425129,3972.8,794.2,4507.2,9274.2,500.8
1786591207.525108,3972.8,794.2,4507.2,9274.2,500.8
1786591207.624859,3575.5,794.2,4507.2,8877.0,500.8
1786591207.724847,3575.5,794.2,4507.2,8877.0,500.8
1786591207.824846,3575.5,794.2,4407.0,8776.8,400.6
1786591207.924773,3575.5,794.2,4407.0,8776.8,400.6
1786591208.024987,3972.8,794.2,4507.2,9274.2,500.8
1786591208.124998,3972.8,794.2,4507.2,9274.2,500.8
1786591208.225058,3972.8,1191.4,4607.4,9771.5,601.0
1786591208.325373,3972.8,1191.4,4607.4,9771.5,601.0
1786591208.425049,3972.8,1191.4,4607.4,9771.5,601.0
1786591208.524781,3972.8,794.2,4607.4,9374.4,500.8
1786591208.624783,3972.8,794.2,4507.2,9274.2,500.8
1786591208.724801,3575.5,794.2,4507.2,8877.0,500.8
1786591208.824952,3972.8,794.2,4507.2,9274.2,500.8
1786591208.924800,3972.8,794.2,4507.2,9274.2,400.6
1786591209.024839,3575.5,794.2,4407.0,8776.8,400.6
1786591209.124848,3575.5,794.2,4407.0,8776.8,400.6
1786591209.224852,3575.5,397.1,4407.0,8379.7,400.6
1786591209.324838,3575.5,397.1,4407.0,8379.7,400.6
1786591209.424839,3575.5,397.1,4407.0,8379.7,400.6
1786591209.525255,3972.8,794.2,4407.0,9174.1,400.6
1786591209.624800,3972.8,397.1,4407.0,8777.0,400.6
1786591209.724775,3575.5,397.1,4407.0,8379.7,400.6
1786591209.824813,3575.5,397.1,4407.0,8379.7,400.6
1786591209.924796,3575.5,397.1,4407.0,8379.7,400.6
1786591210.024790,3575.5,397.1,4407.0,8379.7,400.6
1786591210.124826,3575.5,397.1,4407.0,8379.7,400.0
1786591210.224815,3575.5,397.1,4407.0,8379.7,400.6
1786591210.324815,3575.5,397.1,4407.0,8379.7,400.6
1786591210.424788,3972.8,397.1,4407.0,8777.0,400.6
1786591210.524881,3972.8,397.1,4407.0,8777.0,400.6
1786591210.624817,3575.5,397.1,4407.0,8379.7,400.6
1786591210.724808,3575.5,397.1,4407.0,8379.7,400.6
1786591210.824893,3972.8,397.1,4407.0,8777.0,400.6
1786591210.924844,3575.5,397.1,4407.0,8379.7,400.6
1786591211.024845,3575.5,397.1,4407.0,8379.7,400.6
1786591211.124855,3575.5,397.1,4407.0,8379.7,400.6
1786591211.224840,3575.5,397.1,4407.0,8379.7,400.6
1786591211.324809,3575.5,397.1,4407.0,8379.7,400.6
1786591211.424795,3575.5,397.1,4407.0,8379.7,400.6
1786591211.524901,3972.8,397.1,4407.0,8777.0,400.6
1786591211.624870,3575.5,397.1,4407.0,8379.7,400.6
1786591211.725022,3972.8,397.1,4407.0,8777.0,400.6
1786591211.824879,3972.8,397.1,4407.0,8777.0,400.6
1786591211.924785,3575.5,397.1,4407.0,8379.7,400.6
1786591212.024743,3972.8,397.1,4407.0,8777.0,400.6
1786591212.125026,3575.5,397.1,4407.0,8379.7,400.6
1786591212.224804,3575.5,397.1,4407.0,8379.7,400.6
1786591212.324822,3575.5,397.1,4407.0,8379.7,400.6
1786591212.424824,3575.5,397.1,4407.0,8379.7,400.6
1786591212.524810,3575.5,397.1,4407.0,8379.7,400.6
1786591212.624847,3972.8,397.1,4407.0,8777.0,400.6
1786591212.724798,3575.5,397.1,4407.0,8379.7,400.6
1786591212.824890,3972.8,397.1,4407.0,8777.0,400.6
1786591212.924782,3972.8,397.1,4407.0,8777.0,400.6
1786591213.024766,3575.5,397.1,4407.0,8379.7,400.6
1786591213.124802,3575.5,397.1,4407.0,8379.7,400.6
1786591213.224881,3575.5,397.1,4407.0,8379.7,400.6
1786591213.324780,3575.5,397.1,4407.0,8379.7,400.6
1786591213.424762,3575.5,397.1,4407.0,8379.7,400.6
1786591213.525203,3972.8,794.2,4407.0,9174.1,500.8
1786591213.625164,3972.8,794.2,4507.2,9274.2,500.8
1786591213.725137,3972.8,1191.4,4607.4,9771.5,601.0
1786591213.825082,3972.8,1191.4,4707.5,9871.7,601.0
1786591213.924936,3972.8,1191.4,4607.4,9771.5,601.0
1786591214.024763,3972.8,794.2,4607.4,9374.4,500.8
1786591214.124811,3972.8,794.2,4507.2,9274.2,500.8
1786591214.224818,3972.8,794.2,4507.2,9274.2,500.8
1786591214.324809,3972.8,794.2,4507.2,9274.2,400.6
1786591214.424797,3575.5,794.2,4407.0,8776.8,400.6
1786591214.524804,3575.5,794.2,4407.0,8776.8,400.6
1786591214.624850,3972.8,794.2,4407.0,9174.1,400.6
1786591214.724812,3972.8,397.1,4407.0,8777.0,400.6
1786591214.824972,3972.8,397.1,4407.0,8777.0,400.6
1786591214.924806,3575.5,397.1,4407.0,8379.7,400.6
1786591215.024790,3575.5,397.1,4407.0,8379.7,400.6
1786591215.124813,3575.5,397.1,4407.0,8379.7,400.6
1786591215.224799,3575.5,397.1,4407.0,8379.7,400.6
1786591215.324806,3575.5,397.1,4407.0,8379.7,400.6
1786591215.424797,3575.5,397.1,4407.0,8379.7,400.6
1786591215.524926,3575.5,397.1,4407.0,8379.7,400.6
1786591215.624908,3972.8,397.1,4407.0,8777.0,400.6
1786591215.724802,3575.5,397.1,4407.0,8379.7,400.6
1786591215.824887,3575.5,397.1,4407.0,8379.7,400.6
1786591215.924888,3575.5,397.1,4407.0,8379.7,400.6
1786591216.025076,3575.5,397.1,4407.0,8379.7,400.6
1786591216.124770,3575.5,397.1,4407.0,8379.7,400.6
1786591216.224757,3575.5,397.1,4407.0,8379.7,400.6
1786591216.324762,3972.8,397.1,4407.0,8777.0,400.6
1786591216.424800,3575.5,397.1,4407.0,8379.7,400.6
1786591216.524824,3575.5,397.1,4407.0,8379.7,400.6
1786591216.624895,3972.8,397.1,4407.0,8777.0,400.6
1786591216.724811,3972.8,397.1,4407.0,8777.0,400.6
1786591216.824927,3972.8,397.1,4407.0,8777.0,400.6
1786591216.924820,3972.8,397.1,4407.0,8777.0,400.6
1786591217.024799,3575.5,397.1,4407.0,8379.7,400.6
1786591217.124791,3575.5,397.1,4407.0,8379.7,400.6
1786591217.224827,3575.5,397.1,4407.0,8379.7,400.6
1786591217.324790,3575.5,397.1,4407.0,8379.7,400.6
1786591217.424786,3575.5,397.1,4407.0,8379.7,400.6
1786591217.524936,3575.5,397.1,4407.0,8379.7,400.6
1786591217.624923,3575.5,397.1,4407.0,8379.7,400.6
1786591217.724792,3575.5,397.1,4407.0,8379.7,400.6
1786591217.824819,3575.5,397.1,4407.0,8379.7,400.6
1786591217.924793,3575.5,397.1,4407.0,8379.7,400.6
1786591218.024783,3575.5,397.1,4407.0,8379.7,400.6
1786591218.124792,3575.5,397.1,4407.0,8379.7,400.6
1786591218.225006,3575.5,397.1,4407.0,8379.7,400.6
1786591218.324790,3575.5,397.1,4407.0,8379.7,400.6
1786591218.425073,3972.8,794.2,4407.0,9174.1,400.6
1786591218.524808,3575.5,794.2,4407.0,8776.8,400.6
1786591218.624851,3575.5,794.2,4407.0,8776.8,400.6
1786591218.724813,3575.5,397.1,4407.0,8379.7,400.6
1786591218.824995,3972.8,397.1,4407.0,8777.0,400.6
1786591218.924773,3575.5,397.1,4407.0,8379.7,400.6
1786591219.025007,3972.8,793.9,4507.2,9273.9,500.8
1786591219.125024,3972.8,793.9,4507.2,9273.9,500.8
1786591219.225162,3972.8,1190.9,4607.4,9771.0,601.0
1786591219.325041,3972.8,1190.9,4607.4,9771.0,601.0
1786591219.424762,3972.8,793.9,4607.4,9374.1,500.8
1786591219.524895,3972.8,794.2,4507.2,9274.2,500.8
1786591219.624906,3972.8,794.2,4507.2,9274.2,500.8
1786591219.724767,3575.5,794.2,4507.2,8877.0,500.8
1786591219.824755,3575.5,794.2,4507.2,8877.0,400.6
1786591219.924793,3575.5,794.2,4407.0,8776.8,400.6
1786591220.024800,3575.5,794.2,4407.0,8776.8,400.6
1786591220.124818,3575.5,397.1,4407.0,8379.7,400.6
1786591220.224849,3575.5,397.1,4407.0,8379.7,400.6
1786591220.324815,3972.8,397.1,4407.0,8777.0,400.0
1786591220.424800,3575.5,397.1,4407.0,8379.7,400.6
1786591220.525042,3575.5,397.1,4407.0,8379.7,400.6
1786591220.624855,3575.5,397.1,4407.0,8379.7,400.6
1786591220.724825,3575.5,397.1,4407.0,8379.7,400.6
1786591220.824880,3575.5,397.1,4407.0,8379.7,400.6
1786591220.924862,3575.5,397.1,4407.0,8379.7,400.6
1786591221.024853,3972.8,397.1,4407.0,8777.0,400.6
1786591221.124809,3575.5,397.1,4407.0,8379.7,400.6
1786591221.224789,3575.5,397.1,4407.0,8379.7,400.0
1786591221.324775,3575.5,397.1,4407.0,8379.7,400.6
1786591221.424779,3575.5,397.1,4407.0,8379.7,400.6
1786591221.524979,3575.5,397.1,4407.0,8379.7,400.6
1786591221.624940,3575.5,397.1,4407.0,8379.7,400.6
1786591221.724777,3575.5,397.1,4407.0,8379.7,400.6
1786591221.824862,3575.5,397.1,4407.0,8379.7,400.6
1786591221.924829,3575.5,397.1,4407.0,8379.7,400.6
1786591222.024809,3575.5,397.1,4407.0,8379.7,400.6
1786591222.124850,3575.5,397.1,4407.0,8379.7,400.6
1786591222.224893,3575.5,397.1,4407.0,8379.7,400.6
1786591222.324845,3575.5,397.1,4407.0,8379.7,400.6
1786591222.424899,3575.5,397.1,4407.0,8379.7,400.6
1786591222.524809,3575.5,397.1,4407.0,8379.7,400.6
1786591222.624802,3575.5,397.1,4407.0,8379.7,400.6
1786591222.725041,3972.8,397.1,4407.0,8777.0,400.6
1786591222.824929,3575.5,397.1,4407.0,8379.7,400.6
1786591222.924843,3575.5,397.1,4407.0,8379.7,400.6
1786591223.024755,3575.5,397.1,4407.0,8379.7,400.6
1786591223.124759,3575.5,397.1,4407.0,8379.7,400.6
1786591223.224790,3575.5,397.1,4407.0,8379.7,400.6
1786591223.324968,3575.5,397.1,4407.0,8379.7,400.6
1786591223.425006,3575.5,397.1,4407.0,8379.7,400.6
1786591223.524881,3575.5,397.1,4407.0,8379.7,400.6
1786591223.624863,3972.8,397.1,4407.0,8777.0,400.6
1786591223.724821,3972.8,794.2,4407.0,9174.1,400.6
1786591223.825077,3972.8,794.2,4507.2,9274.2,500.8
1786591223.925251,3972.8,1191.4,4607.4,9771.5,601.0
1786591224.024985,3972.8,1191.4,4607.4,9771.5,601.0
1786591224.124821,3972.8,1191.4,4507.2,9671.4,500.8
1786591224.224857,3972.8,794.2,4507.2,9274.2,500.8
1786591224.325430,3972.8,1191.4,4607.4,9771.5,601.0
1786591224.425354,3972.8,1588.5,4707.5,10268.8,701.1
1786591224.525072,3972.8,1588.5,4707.5,10268.8,701.1
1786591224.625116,3972.8,1588.5,4807.7,10369.0,701.1
1786591224.725084,3972.8,1588.5,4707.5,10268.8,701.1
1786591224.824863,3972.8,1191.4,4707.5,9871.7,601.0
1786591224.924805,3972.8,1191.4,4607.4,9771.5,500.8
1786591225.025007,3972.8,1191.4,4607.4,9771.5,500.8
1786591225.124799,3972.8,794.2,4507.2,9274.2,500.8
1786591225.224827,3972.8,794.2,4507.2,9274.2,500.8
1786591225.324775,3972.8,794.2,4507.2,9274.2,400.6
1786591225.424764,3972.8,794.2,4507.2,9274.2,400.6
1786591225.524914,3972.8,794.2,4407.0,9174.1,400.6
1786591225.624976,3972.8,794.2,4407.0,9174.1,400.6
1786591225.724779,3575.5,794.2,4407.0,8776.8,400.6
1786591225.824754,3575.5,794.2,4407.0,8776.8,400.6
1786591225.924883,3575.5,794.2,4407.0,8776.8,400.6
1786591226.024798,3575.5,397.1,4407.0,8379.7,400.6
1786591226.124810,3575.5,397.1,4407.0,8379.7,400.6
1786591226.224814,3575.5,397.1,4507.2,8479.8,400.6
1786591226.324780,3575.5,397.1,4507.2,8479.8,400.6
1786591226.424834,3575.5,397.1,4407.0,8379.7,400.6
1786591226.524809,3575.5,397.1,4407.0,8379.7,400.0
1786591226.624760,3575.5,397.1,4407.0,8379.7,400.6
1786591226.724802,3575.5,397.1,4407.0,8379.7,400.6
1786591226.824889,3575.5,397.1,4407.0,8379.7,400.6
1786591226.924822,3575.5,397.1,4407.0,8379.7,400.6
1786591227.024833,3575.5,397.1,4407.0,8379.7,400.6
1786591227.124849,3575.5,397.1,4407.0,8379.7,400.6
1786591227.225137,3972.8,397.1,4407.0,8777.0,400.6
1786591227.324825,3972.8,397.1,4407.0,8777.0,400.6
1786591227.424820,3972.8,397.1,4407.0,8777.0,400.6
1786591227.525072,3972.8,794.2,4507.2,9274.2,500.8
1786591227.624934,3972.8,794.2,4507.2,9274.2,500.8
1786591227.724768,3972.8,794.2,4407.0,9174.1,400.6
1786591227.824745,3972.8,794.2,4407.0,9174.1,400.6
1786591227.924896,3972.8,794.2,4407.0,9174.1,400.6
1786591228.024786,3575.5,397.1,4407.0,8379.7,400.0
1786591228.124799,3575.5,397.1,4407.0,8379.7,400.6
1786591228.224815,3575.5,397.1,4407.0,8379.7,400.6
1786591228.324924,3575.5,397.1,4407.0,8379.7,400.6
1786591228.425178,3575.5,397.1,4407.0,8379.7,400.6
1786591228.524995,3575.5,794.2,4407.0,8776.8,400.6
1786591228.624826,3972.8,794.2,4407.0,9174.1,400.6
1786591228.724850,3575.5,397.1,4407.0,8379.7,400.6
1786591228.824946,3575.5,397.1,4407.0,8379.7,400.0
1786591228.924916,3972.8,397.1,4407.0,8777.0,400.6
1786591229.024799,3972.8,397.1,4407.0,8777.0,400.6
1786591229.124767,3972.8,397.1,4407.0,8777.0,400.6
1786591229.224784,3575.5,397.1,4407.0,8379.7,400.6
1786591229.324792,3575.5,397.1,4407.0,8379.7,400.6
1786591229.424820,3575.5,397.1,4407.0,8379.7,400.6
1786591229.524928,3972.8,794.2,4407.0,9174.1,400.6
1786591229.624902,3575.5,397.1,4407.0,8379.7,400.6
1786591229.725048,3972.8,794.2,4407.0,9174.1,400.6
1786591229.824984,3972.8,794.2,4507.2,9274.2,500.8
1786591229.925035,3972.8,1191.4,4607.4,9771.5,601.0
1786591230.025178,3972.8,1191.4,4607.4,9771.5,601.0
1786591230.125035,3972.8,1191.4,4607.4,9771.5,601.0
1786591230.224793,3972.8,794.2,4507.2,9274.2,500.8
1786591230.324762,3972.8,794.2,4507.2,9274.2,500.8
1786591230.424789,3972.8,794.2,4507.2,9274.2,500.8
1786591230.524777,3575.5,794.2,4507.2,8877.0,400.6
1786591230.624822,3575.5,794.2,4407.0,8776.8,400.6
1786591230.725194,3972.8,794.2,4507.2,9274.2,500.8
1786591230.825034,3972.8,794.2,4507.2,9274.2,500.8
1786591230.924976,3972.8,1191.4,4607.4,9771.5,601.0
1786591231.025101,3972.8,1191.4,4607.4,9771.5,601.0
1786591231.125073,3972.8,1191.4,4607.4,9771.5,601.0
1786591231.224774,3972.8,794.2,4607.4,9374.4,500.8
1786591231.324770,3972.8,794.2,4507.2,9274.2,500.8
1786591231.424784,3972.8,794.2,4507.2,9274.2,500.8
1786591231.524884,3972.8,794.2,4507.2,9274.2,400.6
1786591231.624968,3575.5,794.2,4507.2,8877.0,400.6
1786591231.725038,3972.8,794.2,4507.2,9274.2,400.6
1786591231.824780,3575.5,794.2,4407.0,8776.8,400.6
1786591231.924786,3575.5,794.2,4407.0,8776.8,400.6
1786591232.024760,3575.5,794.2,4407.0,8776.8,400.6
1786591232.124789,3575.5,397.1,4407.0,8379.7,400.6
1786591232.224873,3575.5,397.1,4407.0,8379.7,400.6
1786591232.324813,3575.5,397.1,4407.0,8379.7,400.6
1786591232.424839,3575.5,397.1,4407.0,8379.7,400.6
1786591232.524819,3575.5,397.1,4407.0,8379.7,400.6
1786591232.624758,3575.5,397.1,4407.0,8379.7,400.6
1786591232.724830,3575.5,397.1,4407.0,8379.7,400.6
1786591232.824879,3575.5,397.1,4407.0,8379.7,400.6
1786591232.924813,3575.5,397.1,4407.0,8379.7,400.6
1786591233.024806,3575.5,397.1,4407.0,8379.7,400.6
1786591233.124794,3575.5,397.1,4407.0,8379.7,400.6
1786591233.224779,3575.5,397.1,4407.0,8379.7,400.6
1786591233.324807,3575.5,397.1,4407.0,8379.7,400.6
1786591233.424811,3575.5,397.1,4407.0,8379.7,400.6
1786591233.524881,3575.5,397.1,4407.0,8379.7,400.6
1786591233.624891,3575.5,397.1,4407.0,8379.7,400.6
1786591233.724808,3575.5,397.1,4407.0,8379.7,400.6
1786591233.824803,3575.5,397.1,4407.0,8379.7,400.6
1786591233.924910,3575.5,397.1,4407.0,8379.7,400.6
1786591234.025059,3575.5,397.1,4407.0,8379.7,400.6
1786591234.124791,3972.8,397.1,4407.0,8777.0,400.6
1786591234.224760,3575.5,397.1,4407.0,8379.7,400.6
1786591234.324774,3575.5,397.1,4407.0,8379.7,400.6
1786591234.424781,3575.5,397.1,4407.0,8379.7,400.6
1786591234.524845,3575.5,397.1,4407.0,8379.7,400.6
1786591234.624809,3575.5,397.1,4407.0,8379.7,400.6
1786591234.724818,3575.5,397.1,4407.0,8379.7,400.6
1786591234.824901,3575.5,397.1,4407.0,8379.7,400.6
1786591234.924831,3575.5,397.1,4407.0,8379.7,400.6
1786591235.024786,3575.5,397.1,4407.0,8379.7,400.6
1786591235.124792,3575.5,397.1,4407.0,8379.7,400.6
1786591235.225445,3972.8,793.9,4407.0,9173.8,400.6
1786591235.325036,3972.8,793.9,4507.2,9273.9,500.8
1786591235.424922,3972.8,793.9,4607.4,9374.1,601.0
1786591235.525120,3972.8,1190.9,4607.4,9771.0,601.0
1786591235.625079,3972.8,1191.4,4607.4,9771.5,601.0
1786591235.724755,3972.8,794.2,4607.4,9374.4,500.8
1786591235.824758,3972.8,794.2,4507.2,9274.2,500.8
1786591235.924876,3972.8,794.2,4507.2,9274.2,500.8
1786591236.024791,3575.5,794.2,4507.2,8877.0,400.6
1786591236.124850,3575.5,794.2,4407.0,8776.8,400.6
1786591236.225010,3972.8,794.2,4507.2,9274.2,400.6
1786591236.324778,3575.5,794.2,4407.0,8776.8,400.6
1786591236.424771,3972.8,794.2,4407.0,9174.1,400.6
1786591236.524757,3575.5,794.2,4407.0,8776.8,400.6
1786591236.624794,3575.5,397.1,4407.0,8379.7,400.0
1786591236.724800,3972.8,397.1,4407.0,8777.0,400.6
1786591236.824886,3575.5,397.1,4407.0,8379.7,400.6
1786591236.924865,3575.5,397.1,4407.0,8379.7,400.6
1786591237.024788,3575.5,397.1,4407.0,8379.7,400.6
1786591237.124854,3575.5,397.1,4407.0,8379.7,400.6
1786591237.224800,3575.5,397.1,4407.0,8379.7,400.6
1786591237.324813,3575.5,397.1,4407.0,8379.7,400.0
1786591237.424863,3575.5,397.1,4407.0,8379.7,400.6
1786591237.524860,3575.5,397.1,4407.0,8379.7,400.6
1786591237.624880,3575.5,397.1,4407.0,8379.7,400.6
1786591237.724783,3575.5,397.1,4407.0,8379.7,400.6
1786591237.824790,3575.5,397.1,4407.0,8379.7,400.6
1786591237.924920,3575.5,397.1,4407.0,8379.7,400.6
1786591238.024796,3575.5,397.1,4407.0,8379.7,400.0
1786591238.124819,3575.5,397.1,4407.0,8379.7,400.6
1786591238.224815,3575.5,397.1,4407.0,8379.7,400.6
1786591238.324853,3575.5,397.1,4407.0,8379.7,400.6
1786591238.424878,3575.5,397.1,4407.0,8379.7,400.6
1786591238.525000,3972.8,794.2,4407.0,9174.1,500.8
1786591238.624788,3972.8,794.2,4407.0,9174.1,400.0
1786591238.724774,3575.5,794.2,4407.0,8776.8,400.6
1786591238.824884,3575.5,397.1,4407.0,8379.7,400.6
1786591238.924934,3575.5,397.1,4407.0,8379.7,400.6
1786591239.024778,3575.5,397.1,4407.0,8379.7,400.0
1786591239.124862,3575.5,397.1,4407.0,8379.7,400.6
1786591239.224839,3575.5,397.1,4407.0,8379.7,400.6
1786591239.324775,3575.5,397.1,4407.0,8379.7,400.6
1786591239.424862,3575.5,397.1,4407.0,8379.7,400.6
1786591239.524855,3575.5,397.1,4407.0,8379.7,400.6
1786591239.624881,3972.8,397.1,4407.0,8777.0,400.6
1786591239.724767,3575.5,397.1,4407.0,8379.7,400.6
1786591239.824795,3575.5,397.1,4407.0,8379.7,400.0
1786591239.924826,3575.5,397.1,4407.0,8379.7,400.6
1786591240.024842,3575.5,397.1,4407.0,8379.7,400.6
1786591240.124887,3972.8,397.1,4407.0,8777.0,400.6
1786591240.224875,3575.5,397.1,4407.0,8379.7,400.6
1786591240.324834,3575.5,397.1,4407.0,8379.7,400.6
1786591240.424819,3575.5,397.1,4407.0,8379.7,400.6
1786591240.524861,3575.5,397.1,4407.0,8379.7,400.6
1786591240.624810,3575.5,397.1,4407.0,8379.7,400.6
1786591240.725086,3972.8,794.2,4407.0,9174.1,400.6
1786591240.825139,3972.8,794.2,4507.2,9274.2,500.8
1786591240.925141,3972.8,1191.4,4607.4,9771.5,601.0
1786591241.025120,3972.8,1190.9,4607.4,9771.0,601.0
1786591241.125031,3972.8,1191.4,4607.4,9771.5,601.0
1786591241.224773,3972.8,794.2,4507.2,9274.2,500.8
1786591241.324794,3972.8,794.2,4507.2,9274.2,500.8
1786591241.424796,3972.8,794.2,4507.2,9274.2,500.8
1786591241.524961,3575.5,794.2,4507.2,8877.0,500.8
1786591241.624896,3575.5,794.2,4507.2,8877.0,400.6
1786591241.724811,3575.5,794.2,4407.0,8776.8,400.6
1786591241.824841,3972.8,794.2,4407.0,9174.1,400.6
1786591241.924853,3575.5,397.1,4407.0,8379.7,400.6
1786591242.024846,3575.5,397.1,4407.0,8379.7,400.6
1786591242.125013,3575.5,397.1,4407.0,8379.7,400.6
1786591242.224747,3575.5,397.1,4407.0,8379.7,400.6
1786591242.324779,3575.5,397.1,4407.0,8379.7,400.6
1786591242.424909,3575.5,397.1,4407.0,8379.7,400.6
1786591242.524821,3575.5,397.1,4407.0,8379.7,400.6
1786591242.624823,3575.5,397.1,4407.0,8379.7,400.6
1786591242.724802,3575.5,397.1,4407.0,8379.7,400.6
1786591242.824886,3575.5,397.1,4407.0,8379.7,400.6
1786591242.924913,3575.5,397.1,4407.0,8379.7,400.6
1786591243.025076,3575.5,397.1,4407.0,8379.7,400.6
1786591243.124863,3575.5,397.1,4407.0,8379.7,400.6
1786591243.224816,3575.5,397.1,4407.0,8379.7,400.6
1786591243.324795,3575.5,397.1,4407.0,8379.7,400.6
1786591243.424756,3575.5,397.1,4407.0,8379.7,400.6
1786591243.524865,3575.5,397.1,4407.0,8379.7,400.6
1786591243.624849,3575.5,397.1,4407.0,8379.7,400.6
1786591243.724777,3575.5,397.1,4407.0,8379.7,400.6
1786591243.824779,3575.5,397.1,4407.0,8379.7,400.6
1786591243.924832,3575.5,397.1,4407.0,8379.7,400.6
1786591244.025002,3972.8,794.2,4407.0,9174.1,500.8
1786591244.125100,3972.8,794.2,4507.2,9274.2,500.8
1786591244.225106,3972.8,1190.9,4607.4,9771.0,601.0
1786591244.325109,3972.8,1191.4,4607.4,9771.5,601.0
1786591244.424836,3972.8,794.2,4607.4,9374.4,500.8
1786591244.524852,3972.8,794.2,4507.2,9274.2,500.8
1786591244.624818,3575.5,794.2,4507.2,8877.0,500.8
1786591244.724791,3575.5,794.2,4507.2,8877.0,400.6
1786591244.824908,3972.8,794.2,4407.0,9174.1,400.6
1786591244.924772,3575.5,794.2,4407.0,8776.8,400.6
1786591245.024831,3575.5,794.2,4407.0,8776.8,400.6
1786591245.124925,3972.8,794.2,4407.0,9174.1,400.6
1786591245.225046,3972.8,794.2,4407.0,9174.1,400.6
1786591245.324837,3972.8,794.2,4407.0,9174.1,400.6
1786591245.424773,3575.5,794.2,4407.0,8776.8,400.6
1786591245.524984,3972.8,794.2,4407.0,9174.1,400.6
1786591245.624929,3972.8,794.2,4407.0,9174.1,400.6
1786591245.724808,3575.5,794.2,4407.0,8776.8,400.6
1786591245.824798,3575.5,794.2,4407.0,8776.8,400.6
1786591245.924749,3575.5,397.1,4407.0,8379.7,400.6
1786591246.024745,3575.5,397.1,4407.0,8379.7,400.6
1786591246.124786,3575.5,397.1,4407.0,8379.7,400.6
1786591246.225022,3972.8,794.2,4407.0,9174.1,400.6
1786591246.325186,3972.8,794.2,4507.2,9274.2,500.8
1786591246.425130,3972.8,1191.4,4607.4,9771.5,601.0
1786591246.525249,3972.8,1191.4,4607.4,9771.5,601.0
1786591246.625427,3972.8,1191.4,4707.5,9871.7,601.0
1786591246.725379,3972.8,1191.4,4707.5,9871.7,701.1
1786591246.825166,3972.8,1588.5,4707.5,10268.8,701.1
1786591246.924913,3972.8,1588.5,4707.5,10268.8,601.0
1786591247.024789,3972.8,1191.4,4607.4,9771.5,601.0
1786591247.124851,3972.8,1191.4,4607.4,9771.5,500.8
1786591247.225285,3972.8,1191.4,4707.5,9871.7,601.0
1786591247.325505,3972.8,1588.5,4707.5,10268.8,601.0
1786591247.424955,3972.8,1588.5,4707.5,10268.8,601.0
1786591247.525203,3972.8,1191.4,4607.4,9771.5,601.0
1786591247.625156,3972.8,1191.4,4607.4,9771.5,601.0
1786591247.724884,3972.8,1191.4,4607.4,9771.5,500.8
1786591247.824832,3972.8,794.2,4507.2,9274.2,500.8
1786591247.924857,3972.8,794.2,4507.2,9274.2,500.8
1786591248.024838,3972.8,794.2,4507.2,9274.2,400.6
1786591248.124884,3972.8,794.2,4507.2,9274.2,400.6
1786591248.224864,3972.8,794.2,4407.0,9174.1,400.6
1786591248.324945,3972.8,794.2,4407.0,9174.1,400.6
1786591248.424840,3972.8,794.2,4407.0,9174.1,400.6
1786591248.525515,3972.8,794.2,4407.0,9174.1,400.6
1786591248.624932,3972.8,794.2,4407.0,9174.1,400.6
1786591248.724831,3972.8,794.2,4407.0,9174.1,400.6
1786591248.824804,3972.8,794.2,4407.0,9174.1,400.6
1786591248.924784,3972.8,397.1,4407.0,8777.0,400.6
1786591249.024770,3972.8,397.1,4407.0,8777.0,400.6
1786591249.124859,3972.8,397.1,4407.0,8777.0,400.0
1786591249.224849,3972.8,397.1,4407.0,8777.0,400.6
1786591249.324902,3972.8,397.1,4407.0,8777.0,400.6
1786591249.424851,3972.8,397.1,4407.0,8777.0,400.6
1786591249.525087,3575.5,397.1,4407.0,8379.7,400.6
1786591249.625115,3575.5,397.1,4407.0,8379.7,400.6
1786591249.724899,3575.5,397.1,4407.0,8379.7,400.0
1786591249.824829,3575.5,397.1,4407.0,8379.7,400.6
1786591249.924808,3575.5,397.1,4407.0,8379.7,400.6
1786591250.024794,3575.5,397.1,4407.0,8379.7,400.6
1786591250.124865,3575.5,397.1,4407.0,8379.7,400.0
1786591250.224824,3575.5,397.1,4407.0,8379.7,400.6
1786591250.324944,3575.5,397.1,4407.0,8379.7,400.6
1786591250.424778,3575.5,397.1,4407.0,8379.7,400.0
1786591250.524805,3575.5,397.1,4407.0,8379.7,400.6
1786591250.624798,3575.5,397.1,4407.0,8379.7,400.6
1786591250.724870,3575.5,397.1,4407.0,8379.7,400.6
1786591250.824858,3575.5,397.1,4407.0,8379.7,400.6
1786591250.924808,3575.5,397.1,4407.0,8379.7,400.6
1786591251.024863,3575.5,397.1,4407.0,8379.7,400.6
1786591251.124900,3575.5,397.1,4407.0,8379.7,400.6
1786591251.224787,3575.5,397.1,4407.0,8379.7,400.6
1786591251.324878,3575.5,397.1,4407.0,8379.7,400.6
1786591251.424846,3575.5,397.1,4407.0,8379.7,400.6
1786591251.524902,3575.5,397.1,4407.0,8379.7,400.6
1786591251.624960,3575.5,397.1,4407.0,8379.7,400.6
1786591251.725077,3972.8,794.2,4407.0,9174.1,400.6
1786591251.825005,3972.8,794.2,4507.2,9274.2,500.8
1786591251.925106,3972.8,794.2,4607.4,9374.4,601.0
1786591252.025212,3972.8,1191.4,4607.4,9771.5,601.0
1786591252.125110,3972.8,1191.4,4607.4,9771.5,601.0
1786591252.224808,3972.8,794.2,4607.4,9374.4,500.8
1786591252.324774,3972.8,794.2,4507.2,9274.2,500.8
1786591252.424772,3972.8,794.2,4507.2,9274.2,500.8
1786591252.524769,3575.5,794.2,4507.2,8877.0,400.6
1786591252.624885,3575.5,794.2,4407.0,8776.8,400.6
1786591252.724823,3575.5,794.2,4407.0,8776.8,400.6
1786591252.824877,3575.5,794.2,4407.0,8776.8,400.6
1786591252.924794,3575.5,397.1,4407.0,8379.7,400.6
1786591253.024800,3575.5,397.1,4407.0,8379.7,400.6
1786591253.124921,3575.5,397.1,4407.0,8379.7,400.6
1786591253.224826,3575.5,397.1,4407.0,8379.7,400.6
1786591253.324802,3575.5,397.1,4407.0,8379.7,400.6
1786591253.424785,3575.5,397.1,4407.0,8379.7,400.6
1786591253.524853,3575.5,397.1,4407.0,8379.7,400.0
1786591253.624859,3575.5,397.1,4407.0,8379.7,400.6
1786591253.724768,3575.5,397.1,4407.0,8379.7,400.0
1786591253.824770,3575.5,397.1,4407.0,8379.7,400.6
1786591253.924803,3575.5,397.1,4407.0,8379.7,400.6
1786591254.025083,3575.5,397.1,4407.0,8379.7,400.6
1786591254.124869,3575.5,397.1,4407.0,8379.7,400.6
1786591254.224788,3575.5,397.1,4407.0,8379.7,400.0
1786591254.324771,3575.5,397.1,4407.0,8379.7,400.0
1786591254.424844,3577.0,397.1,4407.0,8381.1,400.0
1786591254.524807,3577.0,397.1,4407.0,8381.1,400.6
1786591254.624796,3577.0,397.1,4407.0,8381.1,400.6
1786591254.724797,3577.0,397.1,4407.0,8381.1,400.6
1786591254.824867,3974.4,397.1,4407.0,8778.6,400.6
1786591254.924798,3577.0,397.1,4407.0,8381.1,400.6
1786591255.024814,3577.0,397.1,4407.0,8381.1,400.6
1786591255.124894,3577.0,397.1,4407.0,8381.1,400.6
1786591255.224819,3577.0,397.1,4407.0,8381.1,400.6
1786591255.324795,3577.0,397.1,4407.0,8381.1,400.6
1786591255.424778,3577.0,397.1,4407.0,8381.1,400.6
1786591255.524897,3575.5,397.1,4407.0,8379.7,400.6
1786591255.624949,3575.5,397.1,4407.0,8379.7,400.6
1786591255.725096,3575.5,397.1,4407.0,8379.7,400.6
1786591255.824752,3577.0,397.1,4407.0,8381.1,400.6
1786591255.924758,3577.0,397.1,4407.0,8381.1,400.6
1786591256.024798,3577.0,397.1,4407.0,8381.1,400.0
1786591256.124921,3577.0,397.1,4407.0,8381.1,400.6
1786591256.225055,3972.8,397.1,4407.0,8777.0,400.6
1786591256.324783,3577.0,397.1,4407.0,8381.1,400.6
1786591256.424757,3577.0,397.1,4407.0,8381.1,400.6
1786591256.524833,3575.5,397.1,4407.0,8379.7,400.6
1786591256.624789,3575.5,397.1,4407.0,8379.7,400.6
1786591256.724881,3575.5,397.1,4407.0,8379.7,400.6
1786591256.824882,3575.5,397.1,4407.0,8379.7,400.6
1786591256.924791,3575.5,397.1,4407.0,8379.7,400.6
1786591257.024793,3575.5,397.1,4407.0,8379.7,400.6
1786591257.124914,3575.5,397.1,4407.0,8379.7,400.6
1786591257.225076,3972.8,794.2,4407.0,9174.1,400.6
1786591257.325146,3972.8,794.2,4507.2,9274.2,500.8
1786591257.425158,3972.8,794.2,4507.2,9274.2,601.0
1786591257.525034,3972.8,1191.4,4607.4,9771.5,601.0
1786591257.625087,3972.8,1191.4,4607.4,9771.5,601.0
1786591257.724759,3972.8,794.2,4507.2,9274.2,500.8
1786591257.824756,3972.8,794.2,4507.2,9274.2,500.8
1786591257.924786,3972.8,794.2,4507.2,9274.2,500.8
1786591258.024787,3575.5,794.2,4507.2,8877.0,400.6
1786591258.124891,3575.5,794.2,4407.0,8776.8,400.6
1786591258.224806,3575.5,794.2,4407.0,8776.8,400.0
1786591258.324791,3575.5,794.2,4407.0,8776.8,400.6
1786591258.424915,3575.5,397.1,4407.0,8379.7,400.0
1786591258.524992,3575.5,794.2,4407.0,8776.8,400.6
1786591258.625092,3972.8,794.2,4407.0,9174.1,400.6
1786591258.724772,3575.5,794.2,4407.0,8776.8,400.6
1786591258.824925,3575.5,794.2,4407.0,8776.8,400.6
1786591258.924831,3575.5,794.2,4407.0,8776.8,400.6
1786591259.024824,3575.5,397.1,4407.0,8379.7,400.0
1786591259.124911,3575.5,397.1,4407.0,8379.7,400.6
1786591259.224817,3575.5,397.1,4407.0,8379.7,400.6
1786591259.324811,3575.5,397.1,4407.0,8379.7,400.6
1786591259.424851,3575.5,397.1,4407.0,8379.7,400.6
1786591259.524932,3575.5,397.1,4407.0,8379.7,400.6
1786591259.625019,3575.5,397.1,4407.0,8379.7,400.6
1786591259.724801,3575.5,397.1,4407.0,8379.7,400.6
1786591259.824786,3575.5,397.1,4407.0,8379.7,400.6
