epoch_s,gpu_soc_mw,cpu_cv_mw,sys_5v0_mw,total_mw,vddq_mw
1786590429.212509,3972.8,793.9,4507.2,9273.9,500.8
1786590429.312510,3972.8,793.9,4407.0,9173.8,400.6
1786590429.412472,3972.8,794.2,4407.0,9174.1,400.6
1786590429.512774,3972.8,793.9,4407.0,9173.8,400.6
1786590429.612504,3575.5,794.2,4407.0,8776.8,400.6
1786590429.712469,3972.8,397.1,4407.0,8777.0,400.6
1786590429.812475,3575.5,397.1,4407.0,8379.7,400.0
1786590429.912813,3972.8,794.2,4407.0,9174.1,400.6
1786590430.012490,3972.8,794.2,4407.0,9174.1,400.6
1786590430.112505,3575.5,794.2,4407.0,8776.8,400.6
1786590430.212487,3972.8,397.1,4407.0,8777.0,400.6
1786590430.312508,3972.8,397.1,4407.0,8777.0,400.6
1786590430.412512,3972.8,397.1,4407.0,8777.0,400.6
1786590430.512534,3972.8,397.1,4407.0,8777.0,400.6
1786590430.612555,3575.5,397.1,4407.0,8379.7,400.6
1786590430.712819,3972.8,794.2,4407.0,9174.1,400.6
1786590430.812638,3972.8,397.1,4407.0,8777.0,400.6
1786590430.912468,3575.5,397.1,4407.0,8379.7,400.6
1786590431.012470,3575.5,397.1,4407.0,8379.7,400.6
1786590431.112556,3972.8,397.1,4407.0,8777.0,400.6
1786590431.212568,3972.8,397.1,4407.0,8777.0,400.0
1786590431.312468,3972.8,397.1,4407.0,8777.0,400.6
1786590431.412461,3972.8,397.1,4407.0,8777.0,400.6
1786590431.512605,3972.8,397.1,4407.0,8777.0,400.6
1786590431.612509,3972.8,397.1,4407.0,8777.0,400.6
1786590431.712466,3575.5,397.1,4407.0,8379.7,400.6
1786590431.812477,3972.8,397.1,4407.0,8777.0,400.6
1786590431.912738,3972.8,397.1,4407.0,8777.0,400.6
1786590432.012484,3972.8,397.1,4407.0,8777.0,400.6
1786590432.112655,3575.5,397.1,4407.0,8379.7,400.6
1786590432.212471,3575.5,397.1,4407.0,8379.7,400.6
1786590432.312650,3972.8,397.1,4407.0,8777.0,400.6
1786590432.412463,3575.5,397.1,4407.0,8379.7,400.6
1786590432.512757,3972.8,793.9,4407.0,9173.8,500.8
1786590432.612750,3972.8,793.9,4507.2,9273.9,500.8
1786590432.712770,3972.8,1190.9,4607.4,9771.0,601.0
1786590432.812802,3972.8,1190.9,4607.4,9771.0,601.0
1786590432.912494,3972.8,1191.4,4607.4,9771.5,601.0
1786590433.012561,3972.8,793.9,4507.2,9273.9,500.8
1786590433.112529,3972.8,793.9,4507.2,9273.9,500.8
1786590433.212477,3972.8,793.9,4507.2,9273.9,500.8
1786590433.312505,3972.8,793.9,4507.2,9273.9,400.6
1786590433.412482,3575.5,793.9,4407.0,8776.5,400.6
1786590433.512643,3972.8,793.9,4407.0,9173.8,400.0
1786590433.612507,3972.8,793.9,4407.0,9173.8,400.0
1786590433.712476,3971.2,397.0,4407.0,8775.2,400.0
1786590433.812490,3574.1,397.0,4407.0,8378.1,400.6
1786590433.912656,3971.2,397.0,4407.0,8775.2,400.6
1786590434.012468,3971.2,397.0,4407.0,8775.2,400.6
1786590434.112511,3971.2,397.0,4407.0,8775.2,400.0
1786590434.212468,3971.2,397.0,4407.0,8775.2,400.6
1786590434.312476,3574.1,397.0,4407.0,8378.1,400.6
1786590434.412464,3575.5,397.0,4407.0,8379.5,400.6
1786590434.512485,3574.1,397.0,4407.0,8378.1,400.6
1786590434.612533,3971.2,397.0,4407.0,8775.2,400.6
1786590434.712458,3972.8,397.0,4407.0,8776.8,400.6
1786590434.812639,3972.8,397.0,4407.0,8776.8,400.6
1786590434.912469,3575.5,397.1,4407.0,8379.7,400.6
1786590435.012734,3972.8,397.1,4407.0,8777.0,400.6
1786590435.112588,3575.5,397.1,4407.0,8379.7,400.6
1786590435.212769,3972.8,794.2,4407.0,9174.1,400.6
1786590435.312746,3972.8,794.2,4407.0,9174.1,400.6
1786590435.412453,3575.5,794.2,4407.0,8776.8,400.6
1786590435.512640,3972.8,794.2,4407.0,9174.1,400.6
1786590435.612442,3972.8,397.1,4407.0,8777.0,400.6
1786590435.712432,3972.8,397.1,4407.0,8777.0,400.6
1786590435.812531,3575.5,397.1,4407.0,8379.7,400.6
1786590435.912752,3575.5,397.1,4407.0,8379.7,400.6
1786590436.012464,3575.5,397.1,4407.0,8379.7,400.6
1786590436.112449,3575.5,397.1,4407.0,8379.7,400.6
1786590436.212437,3575.5,397.1,4407.0,8379.7,400.6
1786590436.312444,3575.5,397.1,4407.0,8379.7,400.6
1786590436.412571,3575.5,397.1,4407.0,8379.7,400.6
1786590436.512472,3575.5,397.1,4407.0,8379.7,400.6
1786590436.612462,3575.5,397.1,4407.0,8379.7,400.0
1786590436.712467,3972.8,397.1,4407.0,8777.0,400.6
1786590436.812480,3575.5,397.1,4407.0,8379.7,400.6
1786590436.912475,3575.5,397.1,4407.0,8379.7,400.6
1786590437.012486,3575.5,397.1,4407.0,8379.7,400.0
1786590437.112506,3575.5,397.1,4407.0,8379.7,400.6
1786590437.212765,3972.8,793.9,4407.0,9173.8,400.6
1786590437.312458,3972.8,397.1,4407.0,8777.0,400.6
1786590437.412462,3972.8,397.1,4407.0,8777.0,400.6
1786590437.512533,3972.8,397.1,4407.0,8777.0,400.6
1786590437.612473,3972.8,397.1,4407.0,8777.0,400.6
1786590437.712459,3972.8,397.1,4407.0,8777.0,400.6
1786590437.812453,3972.8,397.1,4407.0,8777.0,400.6
1786590437.912469,3972.8,397.1,4407.0,8777.0,400.6
1786590438.012729,3972.8,794.2,4507.2,9274.2,500.8
1786590438.112692,3972.8,794.2,4507.2,9274.2,500.8
1786590438.212857,3972.8,1191.4,4607.4,9771.5,601.0
1786590438.312739,3972.8,1191.4,4607.4,9771.5,601.0
1786590438.412536,3972.8,1191.4,4607.4,9771.5,601.0
1786590438.512407,3972.8,794.2,4507.2,9274.2,500.8
1786590438.612426,3972.8,794.2,4507.2,9274.2,500.8
1786590438.712474,3972.8,794.2,4507.2,9274.2,500.8
1786590438.812474,3972.8,794.2,4507.2,9274.2,400.6
1786590438.912468,3972.8,794.2,4407.0,9174.1,400.6
1786590439.012455,3972.8,794.2,4407.0,9174.1,400.6
1786590439.112493,3575.5,794.2,4407.0,8776.8,400.6
1786590439.212485,3575.5,397.1,4407.0,8379.7,400.6
1786590439.312475,3972.8,397.1,4407.0,8777.0,400.6
1786590439.412482,3972.8,397.1,4407.0,8777.0,400.6
1786590439.512759,3575.5,794.2,4407.0,8776.8,400.6
1786590439.612497,3575.5,397.1,4407.0,8379.7,400.6
1786590439.712455,3972.8,397.0,4407.0,8776.8,400.6
1786590439.812455,3575.5,397.0,4407.0,8379.5,400.6
1786590439.912467,3575.5,397.0,4407.0,8379.5,400.6
1786590440.012599,3575.5,397.0,4407.0,8379.5,400.6
1786590440.112518,3575.5,397.0,4407.0,8379.5,400.6
1786590440.212470,3972.8,397.0,4407.0,8776.8,400.6
1786590440.312476,3575.5,397.0,4407.0,8379.5,400.6
1786590440.412509,3972.8,397.0,4407.0,8776.8,400.6
1786590440.512482,3574.1,397.0,4407.0,8378.1,400.6
1786590440.612464,3972.8,397.0,4407.0,8776.8,400.6
1786590440.712457,3575.5,397.0,4407.0,8379.5,400.0
1786590440.812477,3575.5,397.0,4407.0,8379.5,400.6
1786590440.912459,3972.8,397.0,4407.0,8776.8,400.0
1786590441.012476,3972.8,397.0,4407.0,8776.8,400.6
1786590441.112461,3575.5,397.0,4407.0,8379.5,400.0
1786590441.212473,3972.8,397.0,4407.0,8776.8,400.6
1786590441.312467,3972.8,397.0,4407.0,8776.8,400.0
1786590441.412514,3972.8,397.0,4407.0,8776.8,400.6
1786590441.512567,3972.8,397.0,4407.0,8776.8,400.6
1786590441.612462,3972.8,397.0,4407.0,8776.8,400.6
1786590441.712744,3972.8,793.9,4407.0,9173.8,400.6
1786590441.812493,3972.8,397.0,4407.0,8776.8,400.0
1786590441.912450,3575.5,397.0,4407.0,8379.5,400.6
1786590442.012619,3972.8,397.1,4407.0,8777.0,400.6
1786590442.112485,3972.8,397.1,4407.0,8777.0,400.0
1786590442.212470,3575.5,397.1,4407.0,8379.7,400.6
1786590442.312469,3575.5,397.1,4407.0,8379.7,400.6
1786590442.412502,3575.5,397.0,4407.0,8379.5,400.6
1786590442.512458,3972.8,397.0,4407.0,8776.8,400.0
1786590442.612470,3972.8,397.1,4407.0,8777.0,400.6
1786590442.712444,3575.5,397.1,4407.0,8379.7,400.6
1786590442.812479,3972.8,397.1,4407.0,8777.0,400.0
1786590442.912462,3575.5,397.1,4407.0,8379.7,400.6
1786590443.012459,3575.5,397.0,4407.0,8379.5,400.6
1786590443.112451,3575.5,397.0,4407.0,8379.5,400.6
1786590443.212458,3972.8,397.0,4407.0,8776.8,400.6
1786590443.312467,3972.8,397.0,4407.0,8776.8,400.6
1786590443.412483,3575.5,397.0,4407.0,8379.5,400.6
1786590443.512707,3972.8,793.9,4407.0,9173.8,500.8
1786590443.612691,3972.8,793.9,4507.2,9273.9,500.8
1786590443.712737,3971.2,1190.9,4607.4,9769.4,601.0
1786590443.812846,3971.2,1190.9,4607.4,9769.4,601.0
1786590443.912447,3972.8,1190.9,4607.4,9771.0,601.0
1786590444.012543,3972.8,793.9,4507.2,9273.9,500.8
1786590444.112768,3972.8,793.9,4507.2,9273.9,500.8
1786590444.212704,3972.8,793.9,4607.4,9374.1,500.8
1786590444.312437,3972.8,794.2,4507.2,9274.2,500.8
1786590444.412453,3972.8,794.2,4507.2,9274.2,500.8
1786590444.512402,3972.8,794.2,4507.2,9274.2,400.6
1786590444.612470,3972.8,794.2,4407.0,9174.1,400.6
1786590444.712455,3972.8,794.2,4407.0,9174.1,400.6
1786590444.812465,3575.5,794.2,4407.0,8776.8,400.6
1786590444.912519,3575.5,794.2,4407.0,8776.8,400.0
1786590445.012469,3575.5,397.1,4407.0,8379.7,400.6
1786590445.112486,3575.5,397.0,4407.0,8379.5,400.6
1786590445.212742,3972.8,793.9,4407.0,9173.8,400.6
1786590445.312447,3972.8,793.9,4407.0,9173.8,400.6
1786590445.412467,3972.8,793.9,4407.0,9173.8,400.6
1786590445.512503,3575.5,397.1,4407.0,8379.7,400.6
1786590445.612473,3972.8,397.1,4407.0,8777.0,400.6
1786590445.712463,3575.5,397.1,4407.0,8379.7,400.6
1786590445.812496,3972.8,397.1,4407.0,8777.0,400.6
1786590445.912486,3972.8,397.1,4407.0,8777.0,400.6
1786590446.012714,3972.8,794.2,4407.0,9174.1,400.6
1786590446.112417,3575.5,397.1,4407.0,8379.7,400.0
1786590446.212456,3575.5,397.1,4407.0,8379.7,400.6
1786590446.312456,3575.5,397.1,4407.0,8379.7,400.6
1786590446.412513,3972.8,397.1,4407.0,8777.0,400.6
1786590446.512477,3972.8,397.1,4407.0,8777.0,400.6
1786590446.612450,3972.8,397.1,4407.0,8777.0,400.0
1786590446.712439,3972.8,397.1,4407.0,8777.0,400.6
1786590446.812557,3575.5,397.1,4407.0,8379.7,400.0
1786590446.912510,3972.8,397.1,4407.0,8777.0,400.6
1786590447.012467,3972.8,397.1,4407.0,8777.0,400.6
1786590447.112476,3972.8,397.1,4407.0,8777.0,400.6
1786590447.212473,3575.5,397.1,4407.0,8379.7,400.6
1786590447.312467,3972.8,397.1,4407.0,8777.0,400.6
1786590447.412493,3575.5,397.1,4407.0,8379.7,400.6
1786590447.512529,3575.5,397.1,4407.0,8379.7,400.6
1786590447.612459,3575.5,397.0,4407.0,8379.5,400.6
1786590447.712448,3575.5,397.0,4407.0,8379.5,400.6
1786590447.812541,3972.8,397.0,4407.0,8776.8,400.6
1786590447.912523,3575.5,397.0,4407.0,8379.5,400.6
1786590448.012491,3575.5,397.0,4407.0,8379.5,400.6
1786590448.112468,3972.8,397.0,4407.0,8776.8,400.6
1786590448.212705,3972.8,793.9,4407.0,9173.8,400.6
1786590448.312476,3575.5,397.0,4407.0,8379.5,400.6
1786590448.412498,3972.8,397.0,4407.0,8776.8,400.6
1786590448.512473,3575.5,397.0,4407.0,8379.5,400.0
1786590448.612489,3972.8,397.0,4407.0,8776.8,400.6
1786590448.712501,3972.8,397.0,4407.0,8776.8,400.0
1786590448.812486,3575.5,397.0,4407.0,8379.5,400.0
1786590448.912472,3575.5,397.0,4407.0,8379.5,400.6
1786590449.012726,3971.2,793.9,4407.0,9172.2,500.8
1786590449.112840,3972.8,793.9,4507.2,9273.9,500.8
1786590449.212842,3972.8,1190.9,4607.4,9771.0,601.0
1786590449.312881,3972.8,1190.9,4607.4,9771.0,601.0
1786590449.412456,3972.8,1191.4,4607.4,9771.5,500.8
1786590449.512694,3972.8,1190.9,4607.4,9771.0,601.0
1786590449.612762,3972.8,1191.4,4607.4,9771.5,500.8
1786590449.712482,3972.8,794.2,4507.2,9274.2,500.8
1786590449.812460,3972.8,794.2,4507.2,9274.2,500.8
1786590449.912403,3972.8,794.2,4507.2,9274.2,400.6
1786590450.012820,3972.8,793.9,4507.2,9273.9,500.8
1786590450.112598,3972.8,794.2,4507.2,9274.2,500.8
1786590450.212452,3575.5,794.2,4507.2,8877.0,400.0
1786590450.312494,3972.8,794.2,4507.2,9274.2,400.6
1786590450.412478,3575.5,794.2,4407.0,8776.8,400.6
1786590450.512704,3972.8,794.2,4407.0,9174.1,400.6
1786590450.612431,3575.5,794.2,4407.0,8776.8,400.0
1786590450.712409,3575.5,794.2,4407.0,8776.8,400.6
1786590450.812405,3972.8,794.2,4407.0,9174.1,400.6
1786590450.912422,3575.5,397.1,4407.0,8379.7,400.6
1786590451.012497,3575.5,397.1,4407.0,8379.7,400.6
1786590451.112515,3575.5,397.1,4407.0,8379.7,400.6
1786590451.212461,3972.8,397.1,4407.0,8777.0,400.6
1786590451.312464,3972.8,397.1,4407.0,8777.0,400.6
1786590451.412478,3575.5,397.1,4407.0,8379.7,400.6
1786590451.512567,3972.8,397.1,4407.0,8777.0,400.6
1786590451.612458,3575.5,397.1,4407.0,8379.7,400.6
1786590451.712463,3972.8,397.1,4407.0,8777.0,400.6
1786590451.812477,3972.8,397.1,4407.0,8777.0,400.6
1786590451.912476,3575.5,397.1,4407.0,8379.7,400.6
1786590452.012684,3972.8,397.1,4407.0,8777.0,400.6
1786590452.112523,3972.8,397.1,4407.0,8777.0,400.6
1786590452.212505,3575.5,397.1,4407.0,8379.7,400.6
1786590452.312489,3575.5,397.1,4407.0,8379.7,400.0
1786590452.412487,3972.8,397.1,4407.0,8777.0,400.6
1786590452.512453,3972.8,397.1,4407.0,8777.0,400.6
1786590452.612464,3972.8,397.1,4407.0,8777.0,400.0
1786590452.712731,3972.8,794.2,4407.0,9174.1,400.0
1786590452.812469,3972.8,397.1,4407.0,8777.0,400.0
1786590452.912457,3575.5,397.1,4407.0,8379.7,400.6
1786590453.012476,3972.8,397.0,4407.0,8776.8,400.0
1786590453.112514,3972.8,397.0,4407.0,8776.8,400.0
1786590453.212464,3575.5,397.0,4407.0,8379.5,400.6
1786590453.312457,3575.5,397.0,4407.0,8379.5,400.0
1786590453.412544,3972.8,397.0,4407.0,8776.8,400.6
1786590453.512733,3575.5,397.1,4407.0,8379.7,400.6
1786590453.612490,3575.5,397.1,4407.0,8379.7,400.6
1786590453.712476,3575.5,397.1,4407.0,8379.7,400.6
1786590453.812479,3972.8,397.1,4407.0,8777.0,400.6
1786590453.912490,3575.5,397.1,4407.0,8379.7,400.6
1786590454.012747,3972.8,794.2,4407.0,9174.1,400.6
1786590454.112677,3972.8,794.2,4507.2,9274.2,500.8
1786590454.212472,3972.8,794.2,4407.0,9174.1,400.6
1786590454.312485,3575.5,794.2,4407.0,8776.8,400.6
1786590454.412487,3575.5,794.2,4407.0,8776.8,400.0
1786590454.512718,3972.8,794.2,4507.2,9274.2,500.8
1786590454.612669,3972.8,794.2,4507.2,9274.2,500.8
1786590454.712759,3972.8,1191.4,4607.4,9771.5,601.0
1786590454.812860,3972.8,1191.4,4707.5,9871.7,601.0
1786590454.912524,3972.8,1191.4,4607.4,9771.5,601.0
1786590455.012464,3972.8,794.2,4607.4,9374.4,500.8
1786590455.112584,3972.8,794.2,4507.2,9274.2,500.8
1786590455.212661,3972.8,794.2,4507.2,9274.2,500.8
1786590455.312652,3972.8,794.2,4507.2,9274.2,500.8
1786590455.412527,3972.8,794.2,4507.2,9274.2,500.8
1786590455.512540,3972.8,794.2,4507.2,9274.2,400.6
1786590455.612452,3972.8,794.2,4407.0,9174.1,400.6
1786590455.712410,3972.8,794.2,4407.0,9174.1,400.6
1786590455.812477,3972.8,794.2,4407.0,9174.1,400.6
1786590455.912453,3575.5,397.1,4407.0,8379.7,400.6
1786590456.012936,3972.8,793.9,4507.2,9273.9,500.8
1786590456.112670,3972.8,794.2,4507.2,9274.2,500.8
1786590456.212428,3972.8,794.2,4407.0,9174.1,400.6
1786590456.312410,3972.8,794.2,4407.0,9174.1,400.6
1786590456.412473,3575.5,794.2,4407.0,8776.8,400.6
1786590456.512438,3575.5,397.1,4407.0,8379.7,400.6
1786590456.612503,3575.5,397.1,4407.0,8379.7,400.0
1786590456.712400,3972.8,397.1,4407.0,8777.0,400.6
1786590456.812427,3972.8,397.1,4407.0,8777.0,400.6
1786590456.912386,3575.5,397.1,4407.0,8379.7,400.6
1786590457.012775,3972.8,397.1,4407.0,8777.0,400.6
1786590457.112493,3972.8,397.1,4407.0,8777.0,400.6
1786590457.212425,3575.5,397.1,4407.0,8379.7,400.6
1786590457.312456,3575.5,397.1,4407.0,8379.7,400.6
1786590457.412440,3972.8,397.1,4407.0,8777.0,400.6
1786590457.512540,3972.8,397.1,4407.0,8777.0,400.6
1786590457.612465,3972.8,397.1,4407.0,8777.0,400.6
1786590457.712511,3972.8,397.0,4407.0,8776.8,400.6
1786590457.812499,3575.5,397.0,4407.0,8379.5,400.6
1786590457.912452,3575.5,397.0,4407.0,8379.5,400.0
1786590458.012902,3972.8,793.9,4407.0,9173.8,400.6
1786590458.112746,3972.8,793.9,4507.2,9273.9,500.8
1786590458.213045,3972.8,793.9,4607.4,9374.1,601.0
1786590458.312643,3972.8,793.9,4607.4,9374.1,601.0
1786590458.412535,3972.8,794.2,4507.2,9274.2,500.8
1786590458.512521,3972.8,794.2,4507.2,9274.2,500.8
1786590458.612547,3972.8,794.2,4507.2,9274.2,500.8
1786590458.712450,3972.8,794.2,4507.2,9274.2,400.6
1786590458.812427,3972.8,794.2,4407.0,9174.1,400.6
1786590458.912441,3972.8,794.2,4407.0,9174.1,400.6
1786590459.012438,3972.8,397.1,4407.0,8777.0,400.0
1786590459.112485,3575.5,397.0,4407.0,8379.5,400.6
1786590459.212734,3972.8,793.9,4407.0,9173.8,400.6
1786590459.312440,3575.5,793.9,4407.0,8776.5,400.6
1786590459.412458,3972.8,397.0,4407.0,8776.8,400.6
1786590459.512532,3972.8,397.0,4407.0,8776.8,400.6
1786590459.612381,3972.8,397.0,4407.0,8776.8,400.6
1786590459.712450,3575.5,397.0,4407.0,8379.5,400.6
1786590459.812448,3575.5,397.0,4407.0,8379.5,400.6
1786590459.912459,3575.5,397.0,4407.0,8379.5,400.6
1786590460.012751,3972.8,793.9,4507.2,9273.9,500.8
1786590460.112648,3972.8,794.2,4507.2,9274.2,500.8
1786590460.212803,3972.8,1191.4,4607.4,9771.5,601.0
1786590460.312712,3972.8,1191.4,4607.4,9771.5,601.0
1786590460.412489,3972.8,1191.4,4607.4,9771.5,601.0
1786590460.512410,3972.8,794.2,4507.2,9274.2,500.8
1786590460.612412,3972.8,794.2,4507.2,9274.2,500.8
1786590460.712416,3972.8,794.2,4507.2,9274.2,500.8
1786590460.812451,3972.8,794.2,4507.2,9274.2,400.6
1786590460.912462,3972.8,794.2,4407.0,9174.1,400.6
1786590461.012453,3972.8,794.2,4407.0,9174.1,400.6
1786590461.112468,3972.8,794.2,4407.0,9174.1,400.6
1786590461.212489,3972.8,397.1,4407.0,8777.0,400.6
1786590461.312466,3575.5,397.1,4407.0,8379.7,400.6
1786590461.412519,3972.8,397.1,4407.0,8777.0,400.6
1786590461.512731,3575.5,794.2,4407.0,8776.8,400.6
1786590461.612458,3575.5,397.1,4407.0,8379.7,400.6
1786590461.712379,3972.8,397.1,4407.0,8777.0,400.6
1786590461.812391,3972.8,397.1,4407.0,8777.0,400.0
1786590461.912437,3972.8,397.1,4407.0,8777.0,400.6
1786590462.012619,3972.8,397.1,4407.0,8777.0,400.6
1786590462.112589,3972.8,397.1,4407.0,8777.0,400.6
1786590462.212530,3972.8,397.1,4407.0,8777.0,400.0
1786590462.312522,3972.8,397.1,4407.0,8777.0,400.6
1786590462.412502,3575.5,397.1,4407.0,8379.7,400.6
1786590462.512469,3575.5,397.1,4407.0,8379.7,400.6
1786590462.612470,3575.5,397.1,4407.0,8379.7,400.6
1786590462.712463,3972.8,397.1,4407.0,8777.0,400.6
1786590462.812543,3972.8,397.1,4407.0,8777.0,400.6
1786590462.912496,3575.5,397.1,4407.0,8379.7,400.6
1786590463.012450,3575.5,397.1,4407.0,8379.7,400.6
1786590463.112525,3972.8,397.1,4407.0,8777.0,400.6
1786590463.212517,3575.5,397.1,4407.0,8379.7,400.6
1786590463.312502,3575.5,397.1,4407.0,8379.7,400.6
1786590463.412498,3575.5,397.1,4407.0,8379.7,400.6
1786590463.512747,3972.8,794.2,4507.2,9274.2,500.8
1786590463.612640,3972.8,794.2,4507.2,9274.2,500.8
1786590463.712734,3972.8,794.2,4507.2,9274.2,601.0
1786590463.812494,3972.8,794.2,4507.2,9274.2,500.8
1786590463.912488,3972.8,794.2,4507.2,9274.2,500.8
1786590464.012717,3972.8,794.2,4507.2,9274.2,500.0
1786590464.112543,3972.8,794.2,4407.0,9174.1,400.6
1786590464.212814,3972.8,794.2,4507.2,9274.2,500.8
1786590464.312671,3972.8,794.2,4507.2,9274.2,500.8
1786590464.412552,3972.8,794.2,4507.2,9274.2,500.8
1786590464.512474,3575.5,793.9,4407.0,8776.5,400.6
1786590464.612535,3972.8,794.2,4407.0,9174.1,400.6
1786590464.712582,3575.5,794.2,4407.0,8776.8,400.6
1786590464.812517,3575.5,793.9,4407.0,8776.5,400.6
1786590464.912457,3972.8,397.0,4407.0,8776.8,400.6
1786590465.012461,3972.8,397.0,4407.0,8776.8,400.0
1786590465.112501,3575.5,397.0,4407.0,8379.5,400.6
1786590465.212554,3972.8,397.0,4407.0,8776.8,400.6
1786590465.312650,3972.8,793.9,4407.0,9173.8,400.6
1786590465.412666,3971.2,793.9,4507.2,9272.3,500.8
1786590465.512677,3971.2,793.9,4507.2,9272.3,500.8
1786590465.612534,3971.2,1190.9,4607.4,9769.4,601.0
1786590465.712793,3971.2,1190.9,4607.4,9769.4,601.0
1786590465.812736,3972.8,1190.9,4607.4,9771.0,601.0
1786590465.912457,3972.8,1190.9,4607.4,9771.0,601.0
1786590466.012707,3972.8,793.9,4507.2,9273.9,500.8
1786590466.112461,3972.8,793.9,4507.2,9273.9,500.8
1786590466.212498,3972.8,793.9,4507.2,9273.9,500.8
1786590466.312475,3972.8,793.9,4507.2,9273.9,400.6
1786590466.412525,3972.8,793.9,4407.0,9173.8,400.6
1786590466.512460,3972.8,793.9,4407.0,9173.8,400.6
1786590466.612559,3575.5,793.9,4407.0,8776.5,400.6
1786590466.712466,3575.5,397.0,4407.0,8379.5,400.0
1786590466.812439,3971.2,397.0,4407.0,8775.2,400.0
1786590466.912408,3971.2,397.0,4407.0,8775.2,400.6
1786590467.012485,3971.2,397.0,4407.0,8775.2,400.0
1786590467.112464,3574.1,397.0,4407.0,8378.1,400.0
1786590467.212452,3574.1,397.0,4407.0,8378.1,400.6
1786590467.312492,3971.2,397.0,4407.0,8775.2,400.6
1786590467.412479,3574.1,397.0,4407.0,8378.1,400.0
1786590467.512523,3971.2,397.0,4407.0,8775.2,400.0
1786590467.612454,3972.8,397.0,4407.0,8776.8,400.6
1786590467.712475,3972.8,397.0,4407.0,8776.8,400.6
1786590467.812530,3575.5,397.0,4407.0,8379.5,400.6
1786590467.912471,3575.5,397.0,4407.0,8379.5,400.6
1786590468.012757,3972.8,397.0,4407.0,8776.8,400.6
1786590468.112448,3972.8,397.0,4407.0,8776.8,400.6
1786590468.212435,3575.5,397.0,4407.0,8379.5,400.6
1786590468.312405,3972.8,397.0,4407.0,8776.8,400.6
1786590468.412484,3575.5,397.0,4407.0,8379.5,400.6
1786590468.512436,3972.8,397.1,4407.0,8777.0,400.6
1786590468.612458,3972.8,397.1,4407.0,8777.0,400.6
1786590468.712457,3575.5,397.1,4407.0,8379.7,400.6
1786590468.812515,3575.5,397.1,4407.0,8379.7,400.6
1786590468.912473,3575.5,397.1,4407.0,8379.7,400.6
1786590469.012522,3575.5,397.1,4407.0,8379.7,400.6
1786590469.112535,3575.5,397.1,4407.0,8379.7,400.6
1786590469.212528,3972.8,397.1,4407.0,8777.0,400.6
1786590469.312476,3575.5,397.1,4407.0,8379.7,400.6
1786590469.412539,3972.8,397.0,4407.0,8776.8,400.0
1786590469.512607,3972.8,397.0,4407.0,8776.8,400.6
1786590469.612484,3575.5,397.0,4407.0,8379.5,400.6
1786590469.712475,3972.8,397.0,4407.0,8776.8,400.6
1786590469.812543,3575.5,397.0,4407.0,8379.5,400.6
1786590469.912441,3972.8,397.0,4407.0,8776.8,400.0
1786590470.012694,3972.8,397.0,4407.0,8776.8,400.6
1786590470.112385,3972.8,397.0,4407.0,8776.8,400.6
1786590470.212788,3972.8,793.9,4407.0,9173.8,400.6
1786590470.312652,3972.8,793.9,4507.2,9273.9,500.8
1786590470.412472,3972.8,794.2,4507.2,9274.2,500.8
1786590470.512919,3972.8,1190.9,4607.4,9771.0,601.0
1786590470.612847,3972.8,1588.5,4707.5,10268.8,701.1
1786590470.713166,3972.8,1588.5,4707.5,10268.8,701.1
1786590470.812763,3972.8,1588.5,4707.5,10268.8,701.1
1786590470.912437,3972.8,1191.4,4707.5,9871.7,601.0
1786590471.012646,3972.8,1190.9,4707.5,9871.2,601.0
1786590471.112630,3972.8,1190.9,4707.5,9871.2,601.0
1786590471.212945,3972.8,1190.9,4707.5,9871.2,701.1
1786590471.312645,3972.8,1587.8,4707.5,10268.2,701.1
1786590471.412402,3972.8,1190.9,4607.4,9771.0,601.0
1786590471.512689,3972.8,1190.9,4607.4,9771.0,500.8
1786590471.612513,3972.8,793.9,4607.4,9374.1,500.8
1786590471.712528,3972.8,793.9,4507.2,9273.9,500.8
1786590471.812545,3972.8,793.9,4507.2,9273.9,400.6
1786590471.912472,3972.8,793.9,4507.2,9273.9,400.6
1786590472.012602,3972.8,793.9,4407.0,9173.8,400.6
1786590472.112457,3972.8,793.9,4407.0,9173.8,400.6
1786590472.212447,3575.5,793.9,4407.0,8776.5,400.0
1786590472.312476,3575.5,397.0,4407.0,8379.5,400.6
1786590472.412455,3972.8,397.1,4407.0,8777.0,400.6
1786590472.512745,3972.8,794.2,4407.0,9174.1,400.6
1786590472.612517,3575.5,794.2,4407.0,8776.8,400.6
1786590472.712445,3972.8,397.1,4407.0,8777.0,400.6
1786590472.812493,3575.5,397.1,4407.0,8379.7,400.6
1786590472.912430,3575.5,397.1,4407.0,8379.7,400.6
1786590473.012512,3575.5,397.1,4407.0,8379.7,400.6
1786590473.112449,3575.5,397.1,4407.0,8379.7,400.6
1786590473.212447,3575.5,397.1,4407.0,8379.7,400.0
1786590473.312469,3575.5,397.1,4407.0,8379.7,400.6
1786590473.412479,3575.5,397.1,4407.0,8379.7,400.0
1786590473.512514,3575.5,397.1,4407.0,8379.7,400.6
1786590473.612516,3972.8,397.1,4407.0,8777.0,400.6
1786590473.712493,3972.8,397.0,4407.0,8776.8,400.0
1786590473.812466,3972.8,397.0,4407.0,8776.8,400.0
1786590473.912453,3972.8,397.0,4407.0,8776.8,400.6
1786590474.012528,3972.8,397.0,4407.0,8776.8,400.6
1786590474.112541,3575.5,397.1,4407.0,8379.7,400.6
1786590474.212483,3972.8,397.0,4407.0,8776.8,400.6
1786590474.312472,3972.8,397.0,4407.0,8776.8,400.6
1786590474.412482,3972.8,397.0,4407.0,8776.8,400.0
1786590474.512539,3972.8,397.0,4407.0,8776.8,400.6
1786590474.612598,3972.8,397.0,4407.0,8776.8,400.6
1786590474.712809,3972.8,397.0,4407.0,8776.8,400.6
1786590474.812567,3972.8,397.0,4407.0,8776.8,400.6
1786590474.912462,3575.5,397.0,4407.0,8379.5,400.6
1786590475.012449,3972.8,397.0,4407.0,8776.8,400.6
1786590475.112464,3575.5,397.0,4407.0,8379.5,400.6
1786590475.212461,3972.8,397.0,4407.0,8776.8,400.6
1786590475.312817,3972.8,793.9,4407.0,9173.8,400.6
1786590475.412718,3972.8,793.9,4407.0,9173.8,400.6
1786590475.512610,3575.5,397.1,4407.0,8379.7,400.6
1786590475.612523,3972.8,397.1,4407.0,8777.0,400.6
1786590475.712461,3575.5,397.1,4407.0,8379.7,400.6
1786590475.812480,3972.8,397.1,4407.0,8777.0,400.0
1786590475.912464,3575.5,397.1,4407.0,8379.7,400.6
1786590476.012604,3972.8,397.1,4407.0,8777.0,400.6
1786590476.112457,3972.8,397.1,4407.0,8777.0,400.6
1786590476.212439,3575.5,397.1,4407.0,8379.7,400.6
1786590476.312460,3575.5,397.1,4407.0,8379.7,400.0
1786590476.412464,3972.8,397.1,4407.0,8777.0,400.6
1786590476.512712,3972.8,793.9,4407.0,9173.8,500.8
1786590476.612719,3972.8,793.9,4507.2,9273.9,500.8
1786590476.712790,3972.8,1190.9,4607.4,9771.0,601.0
1786590476.812814,3971.2,1190.9,4607.4,9769.4,601.0
1786590476.912493,3972.8,1190.9,4607.4,9771.0,601.0
1786590477.012403,3972.8,793.9,4507.2,9273.9,500.8
1786590477.112443,3972.8,793.9,4507.2,9273.9,500.0
1786590477.212416,3971.2,793.9,4507.2,9272.3,500.8
1786590477.312461,3972.8,793.9,4507.2,9273.9,400.6
1786590477.412419,3972.8,793.9,4407.0,9173.8,400.6
1786590477.512699,3972.8,793.9,4407.0,9173.8,400.6
1786590477.612615,3972.8,793.9,4407.0,9173.8,400.0
1786590477.712449,3575.5,793.9,4407.0,8776.5,400.6
1786590477.812476,3972.8,793.9,4407.0,9173.8,400.6
1786590477.912413,3972.8,397.0,4407.0,8776.8,400.6
1786590478.012571,3972.8,397.0,4407.0,8776.8,400.6
1786590478.112468,3972.8,397.0,4407.0,8776.8,400.0
1786590478.212440,3972.8,397.0,4407.0,8776.8,400.6
1786590478.312447,3972.8,397.0,4407.0,8776.8,400.6
1786590478.412450,3575.5,397.1,4407.0,8379.7,400.6
1786590478.512470,3972.8,397.0,4407.0,8776.8,400.6
1786590478.612566,3972.8,397.0,4407.0,8776.8,400.6
1786590478.712568,3575.5,397.1,4407.0,8379.7,400.6
1786590478.812536,3972.8,397.1,4407.0,8777.0,400.0
1786590478.912478,3972.8,397.1,4407.0,8777.0,400.6
1786590479.012717,3972.8,794.2,4407.0,9174.1,400.0
1786590479.112506,3972.8,397.0,4407.0,8776.8,400.6
1786590479.212464,3575.5,397.0,4407.0,8379.5,400.6
1786590479.312455,3575.5,397.0,4407.0,8379.5,400.6
1786590479.412451,3972.8,397.0,4407.0,8776.8,400.6
1786590479.512735,3972.8,397.0,4407.0,8776.8,400.6
1786590479.612544,3971.2,397.0,4407.0,8775.2,400.6
1786590479.712513,3971.2,397.0,4407.0,8775.2,400.6
1786590479.812541,3971.2,397.0,4407.0,8775.2,400.6
1786590479.912482,3574.1,397.0,4407.0,8378.1,400.6
1786590480.012745,3971.2,397.0,4407.0,8775.2,400.6
1786590480.112456,3971.2,397.0,4407.0,8775.2,400.6
1786590480.212433,3971.2,397.0,4407.0,8775.2,400.6
1786590480.312463,3574.1,397.0,4407.0,8378.1,400.6
1786590480.412514,3971.2,397.0,4407.0,8775.2,400.6
1786590480.512478,3971.2,397.0,4407.0,8775.2,400.0
1786590480.612516,3971.2,397.0,4407.0,8775.2,400.6
1786590480.712484,3574.1,397.0,4407.0,8378.1,400.6
1786590480.812553,3971.2,397.0,4407.0,8775.2,400.6
1786590480.912488,3971.2,397.0,4407.0,8775.2,400.6
1786590481.012460,3971.2,397.0,4407.0,8775.2,400.6
1786590481.112465,3972.8,397.0,4407.0,8776.8,400.6
1786590481.212698,3972.8,793.9,4407.0,9173.8,400.6
1786590481.312547,3972.8,397.0,4407.0,8776.8,400.6
1786590481.412426,3972.8,397.1,4407.0,8777.0,400.6
1786590481.512554,3972.8,397.1,4407.0,8777.0,400.6
1786590481.612466,3575.5,397.1,4407.0,8379.7,400.6
1786590481.712532,3575.5,397.1,4407.0,8379.7,400.6
1786590481.812624,3972.8,397.1,4407.0,8777.0,400.6
1786590481.912464,3575.5,397.1,4407.0,8379.7,400.6
1786590482.013047,3972.8,793.9,4407.0,9173.8,500.8
1786590482.112694,3972.8,793.9,4507.2,9273.9,500.8
1786590482.212886,3972.8,1190.9,4607.4,9771.0,601.0
1786590482.312784,3972.8,1190.9,4607.4,9771.0,601.0
1786590482.412479,3972.8,1191.4,4607.4,9771.5,500.8
1786590482.512465,3972.8,794.2,4507.2,9274.2,500.8
1786590482.612497,3972.8,794.2,4507.2,9274.2,500.8
1786590482.712427,3972.8,794.2,4507.2,9274.2,500.8
1786590482.812532,3972.8,794.2,4507.2,9274.2,400.6
1786590482.912500,3972.8,794.2,4407.0,9174.1,400.6
1786590483.012460,3575.5,794.2,4407.0,8776.8,400.6
1786590483.112480,3972.8,794.2,4407.0,9174.1,400.6
1786590483.212452,3575.5,397.1,4407.0,8379.7,400.6
1786590483.312513,3575.5,397.1,4407.0,8379.7,400.6
1786590483.412495,3972.8,397.1,4407.0,8777.0,400.6
1786590483.512780,3972.8,794.2,4407.0,9174.1,400.6
1786590483.612539,3972.8,397.1,4407.0,8777.0,400.6
1786590483.712497,3575.5,397.1,4407.0,8379.7,400.6
1786590483.812535,3972.8,397.1,4407.0,8777.0,400.6
1786590483.912526,3972.8,397.1,4407.0,8777.0,400.6
1786590484.012491,3972.8,397.1,4407.0,8777.0,400.6
1786590484.112624,3972.8,397.1,4407.0,8777.0,400.0
1786590484.212475,3575.5,397.1,4407.0,8379.7,400.0
1786590484.312774,3972.8,793.9,4407.0,9173.8,400.6
1786590484.412695,3972.8,793.9,4407.0,9173.8,400.6
1786590484.512463,3972.8,794.2,4407.0,9174.1,400.0
1786590484.612515,3972.8,793.9,4407.0,9173.8,400.6
1786590484.712476,3575.5,793.9,4407.0,8776.5,400.0
1786590484.812529,3972.8,397.0,4407.0,8776.8,400.6
1786590484.912521,3575.5,397.0,4407.0,8379.5,400.6
1786590485.012396,3575.5,397.0,4407.0,8379.5,400.6
1786590485.112472,3575.5,397.1,4407.0,8379.7,400.6
1786590485.212460,3972.8,397.1,4407.0,8777.0,400.6
1786590485.312470,3575.5,397.1,4407.0,8379.7,400.6
1786590485.412753,3972.8,793.9,4407.0,9173.8,400.6
1786590485.512579,3575.5,793.9,4407.0,8776.5,400.6
1786590485.612465,3972.8,397.0,4407.0,8776.8,400.0
1786590485.712792,3971.2,793.9,4407.0,9172.2,400.6
1786590485.812507,3972.8,793.9,4407.0,9173.8,400.6
1786590485.912480,3972.8,793.9,4407.0,9173.8,400.6
1786590486.012441,3575.5,397.0,4407.0,8379.5,400.6
1786590486.112571,3972.8,397.0,4407.0,8776.8,400.0
1786590486.212486,3971.2,397.0,4407.0,8775.2,400.6
1786590486.312468,3971.2,397.0,4407.0,8775.2,400.6
1786590486.412483,3574.1,397.0,4407.0,8378.1,400.0
1786590486.512481,3575.5,397.0,4407.0,8379.5,400.0
1786590486.612516,3972.8,397.0,4407.0,8776.8,400.0
1786590486.712443,3972.8,397.0,4407.0,8776.8,400.6
1786590486.812522,3575.5,397.1,4407.0,8379.7,400.6
1786590486.912519,3575.5,397.1,4407.0,8379.7,400.6
1786590487.012445,3575.5,397.1,4407.0,8379.7,400.6
1786590487.112459,3575.5,397.1,4407.0,8379.7,400.6
1786590487.212489,3972.8,397.0,4407.0,8776.8,400.6
1786590487.312447,3575.5,397.0,4407.0,8379.5,400.6
1786590487.412426,3575.5,397.0,4407.0,8379.5,400.0
1786590487.512799,3971.2,793.9,4407.0,9172.2,500.8
1786590487.612720,3971.2,793.9,4507.2,9272.3,500.8
1786590487.713114,3971.2,1190.9,4607.4,9769.4,601.0
1786590487.812790,3971.2,1190.9,4707.5,9869.6,601.0
1786590487.912658,3971.2,1190.9,4607.4,9769.4,601.0
1786590488.012417,3971.2,793.9,4607.4,9372.5,500.0
1786590488.112596,3971.2,793.9,4507.2,9272.3,500.0
1786590488.212423,3972.8,793.9,4507.2,9273.9,500.0
1786590488.312474,3972.8,793.9,4507.2,9273.9,400.0
1786590488.412460,3575.5,793.9,4407.0,8776.5,400.6
1786590488.512453,3575.5,793.9,4407.0,8776.5,400.6
1786590488.612517,3575.5,793.9,4407.0,8776.5,400.0
1786590488.712487,3575.5,397.1,4407.0,8379.7,400.0
1786590488.812545,3972.8,397.1,4407.0,8777.0,400.0
1786590488.912595,3972.8,397.1,4407.0,8777.0,400.6
1786590489.012535,3575.5,397.0,4407.0,8379.5,400.6
1786590489.112468,3575.5,397.0,4407.0,8379.5,400.6
1786590489.212458,3575.5,397.0,4407.0,8379.5,400.6
1786590489.312435,3575.5,397.0,4407.0,8379.5,400.6
1786590489.412422,3575.5,397.1,4407.0,8379.7,400.6
1786590489.512577,3972.8,397.1,4407.0,8777.0,400.6
1786590489.612535,3972.8,397.1,4407.0,8777.0,400.6
1786590489.712485,3575.5,397.1,4407.0,8379.7,400.6
1786590489.812525,3972.8,397.1,4407.0,8777.0,400.6
1786590489.912557,3972.8,397.1,4407.0,8777.0,400.0
1786590490.012628,3972.8,397.1,4407.0,8777.0,400.0
1786590490.112610,3575.5,397.0,4407.0,8379.5,400.6
1786590490.212416,3972.8,397.0,4407.0,8776.8,400.6
1786590490.312398,3575.5,397.0,4407.0,8379.5,400.0
1786590490.412459,3575.5,397.0,4407.0,8379.5,400.0
1786590490.512691,3575.5,397.0,4407.0,8379.5,400.6
1786590490.612556,3972.8,397.0,4407.0,8776.8,400.6
1786590490.712453,3575.5,397.0,4407.0,8379.5,400.6
1786590490.812472,3575.5,397.0,4407.0,8379.5,400.6
1786590490.912547,3972.8,397.0,4407.0,8776.8,400.6
1786590491.012465,3575.5,397.0,4407.0,8379.5,400.6
1786590491.112450,3575.5,397.0,4407.0,8379.5,400.0
1786590491.212622,3971.2,793.9,4407.0,9172.2,400.6
1786590491.312819,3971.2,793.9,4507.2,9272.3,500.8
1786590491.412745,3972.8,793.9,4507.2,9273.9,500.8
1786590491.512603,3972.8,793.9,4507.2,9273.9,500.8
1786590491.612837,3972.8,793.9,4507.2,9273.9,500.8
1786590491.712843,3972.8,1190.9,4607.4,9771.0,601.0
1786590491.812490,3972.8,1190.9,4607.4,9771.0,601.0
1786590491.912484,3972.8,1190.9,4607.4,9771.0,601.0
1786590492.012621,3971.2,1190.9,4707.5,9869.6,601.0
1786590492.112775,3971.2,1190.9,4707.5,9869.6,701.1
1786590492.212894,3971.2,1190.9,4707.5,9869.6,701.1
1786590492.312701,3972.8,1190.9,4807.7,9971.4,701.1
1786590492.412489,3971.2,1190.9,4707.5,9869.6,701.1
1786590492.512538,3971.2,1190.9,4807.7,9969.8,701.1
1786590492.612742,3971.2,1190.9,4807.7,9969.8,801.3
1786590492.712515,3971.2,1190.9,4807.7,9969.8,701.1
1786590492.812560,3971.2,1190.9,4807.7,9969.8,701.1
1786590492.912575,3971.2,1190.9,4807.7,9969.8,701.1
1786590493.012828,3971.2,1587.8,4807.7,10366.7,801.3
1786590493.112814,3972.8,1587.8,4907.8,10468.5,801.3
1786590493.212985,3972.8,1984.8,4907.8,10865.4,801.3
1786590493.312685,3972.8,1984.8,4907.8,10865.4,801.3
1786590493.412445,3972.8,1984.8,4907.8,10865.4,801.3
1786590493.512728,3972.8,1984.8,4807.7,10765.3,701.1
1786590493.612734,3972.8,1984.8,4807.7,10765.3,701.1
1786590493.712523,3972.8,1587.8,4807.7,10368.3,701.1
1786590493.812468,4368.3,1587.8,5108.2,11064.3,1001.6
1786590493.912663,4765.4,1587.8,5408.6,11761.9,1201.9
1786590494.012665,4765.4,1587.8,5709.1,12062.4,1402.2
1786590494.112739,5162.6,1587.8,5909.4,12659.8,1600.0
1786590494.212467,5162.6,1587.8,6109.8,12860.2,1700.0
1786590494.312453,5162.6,1587.8,6209.9,12960.3,1700.0
1786590494.412490,5164.6,1587.8,5909.4,12661.9,1502.4
1786590494.512737,4767.4,1587.8,5709.1,12064.3,1302.1
1786590494.612692,5162.6,1587.8,5809.3,12559.7,1400.0
1786590494.712489,5956.8,1587.8,6109.8,13654.4,1600.0
1786590494.812479,6751.0,1190.9,6410.2,14352.2,1900.0
1786590494.912596,5959.2,1191.4,6109.8,13260.3,1600.0
1786590495.012576,5561.9,1191.4,5809.3,12562.6,1400.0
1786590495.112488,5164.6,1190.9,5609.0,11964.5,1200.0
1786590495.212439,4767.4,1190.9,5408.6,11366.9,1101.8
1786590495.312479,4767.4,1190.9,5308.5,11266.7,1001.6
1786590495.412719,4368.3,1587.8,5208.3,11164.5,901.4
1786590495.512735,4370.1,1587.8,5208.3,11166.2,901.4
1786590495.612643,4370.1,1587.8,5108.2,11066.1,901.4
1786590495.712492,4370.1,1587.8,5008.0,10965.9,801.3
1786590495.812559,3972.8,1587.8,5008.0,10568.6,801.3
1786590495.912659,3972.8,1190.9,5008.0,10171.7,801.3
1786590496.012473,3972.8,1190.9,4907.8,10071.5,801.3
1786590496.112744,3972.8,1587.8,4907.8,10468.5,701.1
1786590496.212466,3972.8,1587.8,4907.8,10468.5,701.1
1786590496.312548,3972.8,1190.9,4907.8,10071.5,801.3
1786590496.412467,3971.2,1190.9,5108.2,10270.2,901.4
1786590496.512513,4368.3,1587.8,5208.3,11164.5,1101.8
1786590496.612713,4370.1,1190.9,5208.3,10769.3,1001.6
1786590496.712734,4368.3,1587.8,5208.3,11164.5,1001.6
1786590496.812586,4765.4,1190.9,5308.5,11264.8,1101.8
1786590496.912591,5162.6,1190.9,5408.6,11762.1,1101.8
1786590497.012420,5956.8,1190.9,5408.6,12556.3,1101.8
1786590497.112501,6353.9,793.9,5408.6,12556.5,1101.8
1786590497.212424,6751.0,793.9,5408.6,12953.6,1101.8
1786590497.312458,6751.0,793.9,5408.6,12953.6,1101.8
1786590497.412467,7148.2,793.9,5408.6,13350.7,1101.8
1786590497.512531,7151.0,793.9,5408.6,13353.6,1101.8
1786590497.612583,7151.0,793.9,5408.6,13353.6,1101.8
1786590497.712452,7548.3,793.9,5408.6,13750.9,1101.8
1786590497.812436,7548.3,794.2,5408.6,13751.2,1101.8
1786590497.912498,7548.3,397.1,5408.6,13354.1,1101.8
1786590498.012560,7548.3,397.0,5508.8,13454.1,1101.8
1786590498.112739,7545.3,793.9,5508.8,13848.0,1201.9
1786590498.212435,7548.3,793.9,5508.8,13851.0,1101.8
1786590498.312390,7548.3,793.9,5508.8,13851.0,1101.8
1786590498.412408,7545.3,793.9,5508.8,13848.0,1101.8
1786590498.512623,7942.4,793.9,5508.8,14245.1,1201.9
1786590498.612731,7942.4,793.9,5508.8,14245.1,1201.9
1786590498.712953,7942.4,1190.9,5508.8,14642.1,1201.9
1786590498.812700,7945.6,1190.9,5508.8,14645.3,1201.9
1786590498.912588,7945.6,1191.4,5508.8,14645.8,1201.9
1786590499.012383,7945.6,794.2,5508.8,14248.6,1201.9
1786590499.112392,7945.6,794.2,5508.8,14248.6,1201.9
1786590499.212464,7945.6,794.2,5508.8,14248.6,1201.9
1786590499.312449,7945.6,794.2,5508.8,14248.6,1201.9
1786590499.412460,7945.6,794.2,5508.8,14248.6,1201.9
1786590499.512592,7945.6,794.2,5508.8,14248.6,1101.8
1786590499.612543,7945.6,794.2,5508.8,14248.6,1101.8
1786590499.712467,7945.6,397.1,5508.8,13851.5,1101.8
1786590499.812497,7945.6,397.1,5508.8,13851.5,1101.8
1786590499.912487,7945.6,397.0,5508.8,13851.4,1101.8
1786590500.012447,7945.6,397.0,5508.8,13851.4,1101.8
1786590500.112681,7945.6,397.0,5508.8,13851.4,1101.8
1786590500.212544,7945.6,397.1,5508.8,13851.5,1101.8
1786590500.312464,7945.6,397.0,5508.8,13851.4,1101.8
1786590500.412471,7945.6,397.0,5508.8,13851.4,1101.8
1786590500.512494,7945.6,397.0,5508.8,13851.4,1101.8
1786590500.612562,7945.6,397.1,5408.6,13751.4,1101.8
1786590500.712451,7945.6,397.1,5508.8,13851.5,1101.8
1786590500.812497,7945.6,397.1,5508.8,13851.5,1101.8
1786590500.912534,7945.6,397.1,5508.8,13851.5,1101.8
1786590501.012698,7945.6,794.2,5508.8,14248.6,1201.9
1786590501.112445,7945.6,397.1,5508.8,13851.5,1201.9
1786590501.212465,7945.6,397.1,5508.8,13851.5,1201.9
1786590501.312419,7945.6,397.0,5508.8,13851.4,1101.8
1786590501.412471,7945.6,397.0,5508.8,13851.4,1101.8
1786590501.512698,7942.4,397.0,5508.8,13848.2,1101.8
1786590501.612508,7942.4,397.0,5508.8,13848.2,1101.8
1786590501.712462,7942.4,397.0,5508.8,13848.2,1101.8
1786590501.812511,7942.4,397.0,5508.8,13848.2,1101.8
1786590501.912463,7942.4,397.0,5508.8,13848.2,1101.8
1786590502.012408,7942.4,397.0,5508.8,13848.2,1101.8
1786590502.112583,7942.4,397.0,5508.8,13848.2,1101.8
1786590502.212467,7942.4,397.0,5508.8,13848.2,1101.8
1786590502.312468,7942.4,397.0,5508.8,13848.2,1101.8
1786590502.412461,7942.4,397.0,5508.8,13848.2,1101.8
1786590502.512461,7942.4,397.0,5508.8,13848.2,1101.8
1786590502.612496,7942.4,397.0,5508.8,13848.2,1101.8
1786590502.712461,7942.4,397.0,5508.8,13848.2,1101.8
1786590502.812552,7942.4,397.0,5508.8,13848.2,1101.8
1786590502.912482,7942.4,397.0,5508.8,13848.2,1101.8
1786590503.012463,7942.4,397.0,5508.8,13848.2,1201.9
1786590503.112429,7942.4,397.0,5508.8,13848.2,1101.8
1786590503.212707,7942.4,793.9,5508.8,14245.1,1201.9
1786590503.312472,7942.4,397.0,5508.8,13848.2,1201.9
1786590503.412468,7942.4,397.0,5508.8,13848.2,1201.9
1786590503.512549,7942.4,397.0,5508.8,13848.2,1101.8
1786590503.612545,7942.4,397.0,5508.8,13848.2,1201.9
1786590503.712485,7942.4,397.0,5508.8,13848.2,1101.8
1786590503.812460,7945.6,397.0,5508.8,13851.4,1101.8
1786590503.912473,7945.6,397.0,5508.8,13851.4,1101.8
1786590504.012768,7945.6,793.9,5508.8,14248.3,1201.9
1786590504.112736,7945.6,1190.9,5508.8,14645.3,1201.9
1786590504.212811,7945.6,1190.9,5609.0,14745.4,1201.9
1786590504.312809,7945.6,1190.9,5609.0,14745.4,1201.9
1786590504.412855,7945.6,1190.9,5609.0,14745.4,1201.9
1786590504.512679,7945.6,1191.4,5609.0,14745.9,1201.9
1786590504.612710,7945.6,1191.4,5508.8,14645.8,1201.9
1786590504.712442,7945.6,794.2,5508.8,14248.6,1201.9
1786590504.812667,7945.6,794.2,5508.8,14248.6,1201.9
1786590504.912470,7945.6,794.2,5508.8,14248.6,1201.9
1786590505.012438,7945.6,794.2,5508.8,14248.6,1201.9
1786590505.112447,7945.6,794.2,5508.8,14248.6,1201.9
1786590505.212457,7945.6,793.9,5508.8,14248.3,1201.9
1786590505.312498,7945.6,793.9,5508.8,14248.3,1201.9
1786590505.412630,7942.4,793.9,5508.8,14245.1,1201.9
1786590505.512744,7942.4,793.9,5508.8,14245.1,1201.9
1786590505.612461,7942.4,793.9,5508.8,14245.1,1201.9
1786590505.712454,7942.4,793.9,5508.8,14245.1,1201.9
1786590505.812431,7942.4,793.9,5508.8,14245.1,1201.9
1786590505.912469,7942.4,793.9,5508.8,14245.1,1101.8
1786590506.012468,7942.4,397.0,5508.8,13848.2,1201.9
1786590506.112540,7942.4,397.0,5508.8,13848.2,1101.8
1786590506.212446,7942.4,397.0,5508.8,13848.2,1201.9
1786590506.312410,7942.4,397.0,5508.8,13848.2,1101.8
1786590506.412521,7942.4,397.0,5508.8,13848.2,1101.8
1786590506.512465,7942.4,397.0,5508.8,13848.2,1101.8
1786590506.612611,7942.4,397.0,5508.8,13848.2,1101.8
1786590506.712491,7942.4,397.0,5508.8,13848.2,1101.8
1786590506.813037,7942.4,793.9,5508.8,14245.1,1201.9
1786590506.912682,7942.4,793.9,5508.8,14245.1,1201.9
1786590507.012423,7942.4,793.9,5508.8,14245.1,1201.9
1786590507.112448,7942.4,793.9,5508.8,14245.1,1101.8
1786590507.212458,7942.4,793.9,5508.8,14245.1,1101.8
1786590507.312450,7942.4,793.9,5508.8,14245.1,1201.9
1786590507.412455,7942.4,397.0,5508.8,13848.2,1201.9
1786590507.512654,7942.4,397.0,5508.8,13848.2,1201.9
1786590507.612503,7942.4,397.0,5508.8,13848.2,1201.9
1786590507.712732,7942.4,793.9,5508.8,14245.1,1101.8
1786590507.812451,7945.6,397.0,5508.8,13851.4,1201.9
1786590507.912436,7945.6,397.0,5508.8,13851.4,1101.8
1786590508.012414,7945.6,397.0,5508.8,13851.4,1201.9
1786590508.112571,7942.4,397.0,5508.8,13848.2,1101.8
1786590508.212736,7942.4,397.0,5508.8,13848.2,1201.9
1786590508.312476,7942.4,397.0,5508.8,13848.2,1201.9
1786590508.412462,7942.4,397.0,5508.8,13848.2,1101.8
1786590508.512462,7942.4,397.0,5508.8,13848.2,1101.8
1786590508.612585,7942.4,397.0,5508.8,13848.2,1101.8
1786590508.712847,7942.4,397.0,5508.8,13848.2,1201.9
1786590508.812487,7942.4,397.0,5508.8,13848.2,1101.8
1786590508.912448,7942.4,397.0,5508.8,13848.2,1101.8
1786590509.012427,7942.4,397.0,5508.8,13848.2,1101.8
1786590509.112383,7942.4,397.0,5508.8,13848.2,1101.8
1786590509.212414,7942.4,397.0,5508.8,13848.2,1101.8
1786590509.312443,7942.4,397.0,5508.8,13848.2,1101.8
1786590509.412464,7942.4,397.0,5508.8,13848.2,1101.8
1786590509.512716,7942.4,793.9,5508.8,14245.1,1201.9
1786590509.612677,7942.4,793.9,5508.8,14245.1,1201.9
1786590509.712829,7942.4,1190.9,5508.8,14642.1,1201.9
1786590509.812753,7942.4,1190.9,5609.0,14742.2,1201.9
1786590509.912493,7942.4,1190.9,5609.0,14742.2,1201.9
1786590510.012448,7942.4,793.9,5508.8,14245.1,1201.9
1786590510.112515,7942.4,793.9,5508.8,14245.1,1201.9
1786590510.212475,7942.4,793.9,5508.8,14245.1,1201.9
1786590510.312490,7942.4,793.9,5508.8,14245.1,1201.9
1786590510.412459,7942.4,793.9,5508.8,14245.1,1201.9
1786590510.512459,7942.4,793.9,5508.8,14245.1,1101.8
1786590510.612620,7942.4,793.9,5508.8,14245.1,1201.9
1786590510.712487,7942.4,793.9,5508.8,14245.1,1101.8
1786590510.812462,7942.4,793.9,5508.8,14245.1,1201.9
1786590510.912528,7942.4,793.9,5508.8,14245.1,1101.8
1786590511.012419,7942.4,397.0,5508.8,13848.2,1101.8
1786590511.112458,7942.4,397.0,5508.8,13848.2,1101.8
1786590511.212464,7942.4,397.0,5508.8,13848.2,1101.8
1786590511.312423,7942.4,397.0,5508.8,13848.2,1101.8
1786590511.412467,7942.4,397.0,5508.8,13848.2,1101.8
1786590511.512514,7942.4,397.0,5508.8,13848.2,1101.8
1786590511.612459,7942.4,397.0,5508.8,13848.2,1201.9
1786590511.712464,7942.4,397.0,5508.8,13848.2,1101.8
1786590511.812526,7942.4,397.0,5508.8,13848.2,1101.8
1786590511.912461,7942.4,397.0,5508.8,13848.2,1201.9
1786590512.012647,7942.4,397.0,5508.8,13848.2,1201.9
1786590512.112614,7942.4,397.0,5508.8,13848.2,1201.9
1786590512.212482,7942.4,397.0,5508.8,13848.2,1101.8
1786590512.312483,7945.6,397.1,5508.8,13851.5,1101.8
1786590512.412466,7945.6,397.1,5508.8,13851.5,1101.8
1786590512.512460,7945.6,397.1,5508.8,13851.5,1101.8
1786590512.612449,7945.6,397.1,5508.8,13851.5,1201.9
1786590512.712507,7945.6,397.1,5508.8,13851.5,1101.8
1786590512.812469,7945.6,397.1,5508.8,13851.5,1101.8
1786590512.912462,7945.6,397.1,5508.8,13851.5,1101.8
1786590513.012452,7945.6,397.1,5508.8,13851.5,1101.8
1786590513.112456,7945.6,397.1,5508.8,13851.5,1101.8
1786590513.212476,7945.6,397.1,5508.8,13851.5,1101.8
1786590513.312440,7945.6,397.1,5508.8,13851.5,1101.8
1786590513.412453,7945.6,397.1,5508.8,13851.5,1101.8
1786590513.512514,7945.6,397.1,5508.8,13851.5,1201.9
1786590513.612468,7945.6,397.1,5508.8,13851.5,1101.8
1786590513.712463,7945.6,397.1,5508.8,13851.5,1101.8
1786590513.812414,7945.6,397.1,5508.8,13851.5,1201.9
1786590513.912424,7945.6,397.1,5508.8,13851.5,1201.9
1786590514.012396,7945.6,397.1,5508.8,13851.5,1101.8
1786590514.112627,7945.6,397.1,5508.8,13851.5,1201.9
1786590514.212705,7945.6,793.9,5508.8,14248.3,1201.9
1786590514.312410,7945.6,793.9,5508.8,14248.3,1201.9
1786590514.412441,7942.4,397.0,5508.8,13848.2,1201.9
1786590514.512452,7942.4,397.0,5508.8,13848.2,1101.8
1786590514.612443,7942.4,397.0,5508.8,13848.2,1201.9
1786590514.712482,7942.4,397.0,5508.8,13848.2,1201.9
1786590514.812463,7945.6,397.0,5508.8,13851.4,1201.9
1786590514.912453,7945.6,397.0,5508.8,13851.4,1201.9
1786590515.012779,7945.6,793.9,5508.8,14248.3,1101.8
1786590515.112633,7945.6,793.9,5508.8,14248.3,1201.9
1786590515.212765,7945.6,1190.9,5508.8,14645.3,1201.9
1786590515.312699,7945.6,1191.4,5609.0,14745.9,1201.9
1786590515.412468,7945.6,1191.4,5609.0,14745.9,1201.9
1786590515.512749,7945.6,1191.4,5508.8,14645.8,1201.9
1786590515.612446,7945.6,794.2,5508.8,14248.6,1201.9
1786590515.712765,7945.6,794.2,5508.8,14248.6,1201.9
1786590515.812783,7945.6,1191.4,5508.8,14645.8,1201.9
1786590515.912888,7945.6,1191.4,5609.0,14745.9,1201.9
1786590516.012912,7945.6,1588.5,5609.0,15143.0,1201.9
1786590516.112843,7945.6,1588.5,5609.0,15143.0,1201.9
1786590516.212931,7945.6,1588.5,5609.0,15143.0,1302.1
1786590516.312741,7945.6,1588.5,5709.1,15243.2,1302.1
1786590516.412483,7945.6,1191.4,5609.0,14745.9,1201.9
1786590516.512709,7945.6,1191.4,5609.0,14745.9,1201.9
1786590516.612465,7945.6,1191.4,5609.0,14745.9,1201.9
1786590516.712576,7945.6,794.2,5609.0,14348.8,1201.9
1786590516.812469,7945.6,794.2,5508.8,14248.6,1201.9
1786590516.912432,7945.6,794.2,5508.8,14248.6,1201.9
1786590517.012414,7945.6,794.2,5508.8,14248.6,1201.9
1786590517.112543,7945.6,794.2,5508.8,14248.6,1201.9
1786590517.212454,7945.6,794.2,5508.8,14248.6,1201.9
1786590517.312489,7945.6,793.9,5508.8,14248.3,1201.9
1786590517.412454,7945.6,793.9,5508.8,14248.3,1101.8
1786590517.512524,7945.6,397.0,5508.8,13851.4,1201.9
1786590517.612451,7945.6,397.0,5508.8,13851.4,1201.9
1786590517.712560,7945.6,397.0,5508.8,13851.4,1201.9
1786590517.812526,7945.6,397.0,5508.8,13851.4,1201.9
1786590517.912473,7945.6,397.0,5508.8,13851.4,1201.9
1786590518.012457,7945.6,397.0,5508.8,13851.4,1201.9
1786590518.112631,7945.6,397.0,5508.8,13851.4,1201.9
1786590518.212440,7945.6,397.1,5508.8,13851.5,1201.9
1786590518.312453,7945.6,397.1,5508.8,13851.5,1201.9
1786590518.412458,7945.6,397.1,5508.8,13851.5,1201.9
1786590518.512465,7945.6,397.1,5508.8,13851.5,1201.9
1786590518.612450,7945.6,397.1,5508.8,13851.5,1201.9
1786590518.712826,7945.6,794.2,5508.8,14248.6,1201.9
1786590518.812534,7945.6,794.2,5508.8,14248.6,1201.9
1786590518.912469,7945.6,397.1,5508.8,13851.5,1201.9
1786590519.012432,7945.6,397.1,5508.8,13851.5,1201.9
1786590519.112635,7945.6,794.2,5508.8,14248.6,1201.9
1786590519.212456,7945.6,794.2,5508.8,14248.6,1201.9
1786590519.312461,7945.6,794.2,5508.8,14248.6,1201.9
1786590519.412439,7945.6,794.2,5508.8,14248.6,1201.9
1786590519.512519,7945.6,397.1,5508.8,13851.5,1201.9
1786590519.612461,7945.6,397.1,5508.8,13851.5,1201.9
1786590519.712455,7945.6,397.1,5508.8,13851.5,1201.9
1786590519.812469,7945.6,397.0,5508.8,13851.4,1201.9
1786590519.912464,7945.6,397.0,5508.8,13851.4,1201.9
1786590520.012460,7945.6,397.0,5508.8,13851.4,1201.9
1786590520.112563,7942.4,397.0,5508.8,13848.2,1201.9
1786590520.212449,7945.6,397.0,5508.8,13851.4,1101.8
1786590520.312483,7945.6,397.0,5508.8,13851.4,1201.9
1786590520.412496,7945.6,397.0,5508.8,13851.4,1201.9
1786590520.512781,7945.6,793.9,5508.8,14248.3,1201.9
1786590520.612662,7945.6,793.9,5508.8,14248.3,1201.9
1786590520.712849,7945.6,1190.9,5609.0,14745.4,1201.9
1786590520.812850,8342.9,1190.9,5609.0,15142.7,1201.9
1786590520.912474,7945.6,1191.4,5609.0,14745.9,1201.9
1786590521.012434,7945.6,794.2,5609.0,14348.8,1201.9
1786590521.112499,7945.6,794.2,5609.0,14348.8,1201.9
1786590521.212451,7945.6,794.2,5609.0,14348.8,1201.9
1786590521.312480,7945.6,794.2,5609.0,14348.8,1201.9
1786590521.412480,7945.6,794.2,5508.8,14248.6,1201.9
1786590521.512556,7945.6,794.2,5508.8,14248.6,1201.9
1786590521.612551,7945.6,794.2,5609.0,14348.8,1201.9
1786590521.712459,7945.6,397.1,5508.8,13851.5,1201.9
1786590521.812514,7945.6,397.1,5508.8,13851.5,1201.9
1786590521.912439,7945.6,397.1,5508.8,13851.5,1201.9
1786590522.012410,7945.6,397.1,5508.8,13851.5,1201.9
1786590522.112757,7945.6,397.1,5508.8,13851.5,1201.9
1786590522.212469,7945.6,397.1,5508.8,13851.5,1201.9
1786590522.312434,7945.6,397.1,5508.8,13851.5,1201.9
1786590522.412428,7945.6,397.1,5508.8,13851.5,1201.9
1786590522.512446,7945.6,397.1,5508.8,13851.5,1201.9
1786590522.612459,7945.6,397.1,5508.8,13851.5,1201.9
1786590522.712461,7945.6,397.1,5508.8,13851.5,1201.9
1786590522.812523,7945.6,397.1,5508.8,13851.5,1201.9
1786590522.912474,7945.6,397.1,5508.8,13851.5,1201.9
1786590523.012714,7945.6,794.2,5508.8,14248.6,1201.9
1786590523.112529,7945.6,397.1,5508.8,13851.5,1201.9
1786590523.212527,8342.9,397.1,5508.8,14248.8,1201.9
1786590523.312377,7945.6,397.1,5508.8,13851.5,1201.9
1786590523.412390,7945.6,397.1,5508.8,13851.5,1201.9
1786590523.512544,7945.6,397.1,5508.8,13851.5,1201.9
1786590523.612444,7945.6,397.1,5508.8,13851.5,1201.9
1786590523.712463,7945.6,397.1,5508.8,13851.5,1201.9
1786590523.812508,7945.6,397.1,5508.8,13851.5,1201.9
1786590523.912412,7945.6,397.1,5508.8,13851.5,1201.9
1786590524.012460,7945.6,397.1,5508.8,13851.5,1201.9
1786590524.112479,7945.6,397.1,5508.8,13851.5,1201.9
1786590524.212522,7945.6,397.1,5508.8,13851.5,1201.9
1786590524.312461,7945.6,397.1,5508.8,13851.5,1201.9
1786590524.412455,7945.6,397.1,5508.8,13851.5,1201.9
1786590524.512946,7945.6,794.2,5508.8,14248.6,1201.9
1786590524.612461,7945.6,794.2,5508.8,14248.6,1201.9
1786590524.712429,7945.6,794.2,5508.8,14248.6,1201.9
1786590524.812451,7945.6,794.2,5508.8,14248.6,1201.9
1786590524.912409,8342.9,397.1,5508.8,14248.8,1201.9
1786590525.012464,7945.6,397.1,5508.8,13851.5,1201.9
1786590525.112495,7945.6,397.1,5508.8,13851.5,1201.9
1786590525.212743,8342.9,794.2,5508.8,14645.9,1201.9
1786590525.312730,8342.9,794.2,5508.8,14645.9,1201.9
1786590525.412405,8342.9,397.1,5508.8,14248.8,1201.9
1786590525.512911,8342.9,794.2,5508.8,14645.9,1201.9
1786590525.612722,7945.6,794.2,5508.8,14248.6,1201.9
1786590525.712433,8342.9,794.2,5508.8,14645.9,1201.9
1786590525.812403,7945.6,794.2,5508.8,14248.6,1201.9
1786590525.912413,7945.6,397.1,5508.8,13851.5,1201.9
1786590526.012612,8342.9,793.9,5508.8,14645.6,1201.9
1786590526.112732,8342.9,794.2,5508.8,14645.9,1201.9
1786590526.212852,8342.9,1191.4,5609.0,15143.2,1201.9
1786590526.312802,8342.9,1191.4,5609.0,15143.2,1201.9
1786590526.412426,8342.9,1191.4,5609.0,15143.2,1201.9
1786590526.512451,8342.9,794.2,5609.0,14746.1,1201.9
1786590526.612416,8342.9,794.2,5609.0,14746.1,1201.9
1786590526.712469,7945.6,794.2,5609.0,14348.8,1201.9
1786590526.812465,7945.6,794.2,5508.8,14248.6,1201.9
1786590526.912468,8342.9,794.2,5609.0,14746.1,1201.9
1786590527.012464,7945.6,794.2,5508.8,14248.6,1201.9
1786590527.112486,7945.6,794.2,5508.8,14248.6,1201.9
1786590527.212464,8342.9,794.2,5508.8,14645.9,1201.9
1786590527.312466,7945.6,397.1,5508.8,13851.5,1201.9
1786590527.412553,7945.6,397.1,5508.8,13851.5,1201.9
1786590527.512708,8342.9,794.2,5609.0,14746.1,1201.9
1786590527.612444,7945.6,794.2,5508.8,14248.6,1201.9
1786590527.712610,8342.9,794.2,5508.8,14645.9,1201.9
1786590527.812458,8342.9,397.1,5508.8,14248.8,1201.9
1786590527.912450,8342.9,397.0,5508.8,14248.6,1201.9
1786590528.012407,8339.5,397.0,5508.8,14245.3,1201.9
1786590528.112451,8339.5,397.0,5508.8,14245.3,1201.9
1786590528.212531,8339.5,397.0,5508.8,14245.3,1201.9
1786590528.312457,8339.5,397.0,5508.8,14245.3,1201.9
1786590528.412449,8339.5,397.0,5508.8,14245.3,1201.9
1786590528.512464,7942.4,397.0,5508.8,13848.2,1201.9
1786590528.612456,8339.5,397.0,5508.8,14245.3,1201.9
1786590528.712500,8339.5,397.0,5508.8,14245.3,1201.9
1786590528.812648,7942.4,397.0,5508.8,13848.2,1201.9
1786590528.912461,8339.5,397.0,5508.8,14245.3,1201.9
1786590529.012460,8339.5,397.0,5508.8,14245.3,1201.9
1786590529.112455,8339.5,397.0,5508.8,14245.3,1201.9
1786590529.212466,8339.5,397.0,5508.8,14245.3,1201.9
1786590529.312454,8339.5,397.0,5508.8,14245.3,1201.9
1786590529.412409,8339.5,397.0,5508.8,14245.3,1201.9
1786590529.512915,8339.5,793.9,5508.8,14642.2,1201.9
1786590529.612631,8342.9,793.9,5508.8,14645.6,1201.9
1786590529.712770,7945.6,793.9,5508.8,14248.3,1201.9
1786590529.812517,7945.6,794.2,5508.8,14248.6,1201.9
1786590529.912473,8342.9,794.2,5609.0,14746.1,1201.9
1786590530.012463,8342.9,794.2,5508.8,14645.9,1201.9
1786590530.112547,8342.9,793.9,5609.0,14745.8,1201.9
1786590530.212660,8342.9,794.2,5609.0,14746.1,1201.9
1786590530.312467,8342.9,794.2,5508.8,14645.9,1201.9
1786590530.412457,8342.9,793.9,5609.0,14745.8,1201.9
1786590530.512459,8342.9,397.1,5508.8,14248.8,1201.9
1786590530.612460,8342.9,397.1,5508.8,14248.8,1201.9
1786590530.712475,8342.9,397.0,5609.0,14348.8,1201.9
1786590530.812459,8342.9,397.0,5508.8,14248.6,1201.9
1786590530.912475,8339.5,397.0,5508.8,14245.3,1201.9
1786590531.012474,8339.5,397.0,5508.8,14245.3,1201.9
1786590531.112463,8339.5,397.0,5508.8,14245.3,1201.9
1786590531.212470,8342.9,397.0,5508.8,14248.6,1201.9
1786590531.312476,8342.9,397.0,5508.8,14248.6,1201.9
1786590531.412473,8339.5,397.0,5508.8,14245.3,1201.9
1786590531.512803,8339.5,793.9,5508.8,14642.2,1201.9
1786590531.612598,8339.5,793.9,5609.0,14742.4,1201.9
1786590531.712792,8339.5,1190.9,5609.0,15139.4,1201.9
1786590531.812861,8339.5,1190.9,5609.0,15139.4,1302.1
1786590531.912551,8339.5,1190.9,5609.0,15139.4,1201.9
1786590532.012425,8339.5,793.9,5609.0,14742.4,1201.9
1786590532.112403,8339.5,793.9,5609.0,14742.4,1201.9
1786590532.212549,8342.9,793.9,5609.0,14745.8,1201.9
1786590532.312461,8342.9,793.9,5609.0,14745.8,1201.9
1786590532.412462,8339.5,793.9,5609.0,14742.4,1201.9
1786590532.512523,8339.5,793.9,5609.0,14742.4,1201.9
1786590532.612459,8339.5,793.9,5609.0,14742.4,1201.9
1786590532.712446,8339.5,793.9,5508.8,14642.2,1201.9
1786590532.812405,8339.5,397.0,5609.0,14345.4,1201.9
1786590532.912448,8339.5,397.0,5609.0,14345.4,1201.9
1786590533.012449,8339.5,397.0,5508.8,14245.3,1201.9
1786590533.112500,8339.5,397.0,5508.8,14245.3,1201.9
1786590533.212453,8339.5,397.0,5508.8,14245.3,1201.9
1786590533.312459,8339.5,397.0,5508.8,14245.3,1201.9
1786590533.412451,8342.9,397.1,5508.8,14248.8,1201.9
1786590533.512560,8342.9,397.1,5508.8,14248.8,1201.9
1786590533.612447,8342.9,397.1,5508.8,14248.8,1201.9
1786590533.712437,8342.9,397.1,5508.8,14248.8,1201.9
1786590533.812504,8342.9,397.1,5508.8,14248.8,1201.9
1786590533.912441,8342.9,397.1,5508.8,14248.8,1201.9
1786590534.012723,8342.9,397.1,5508.8,14248.8,1201.9
1786590534.112487,8342.9,397.1,5508.8,14248.8,1201.9
1786590534.212693,8342.9,397.1,5508.8,14248.8,1201.9
1786590534.312472,8342.9,397.1,5508.8,14248.8,1201.9
1786590534.412449,8342.9,397.1,5508.8,14248.8,1201.9
1786590534.512470,8342.9,397.1,5508.8,14248.8,1201.9
1786590534.612540,8342.9,397.1,5508.8,14248.8,1201.9
1786590534.712447,8342.9,397.1,5508.8,14248.8,1201.9
1786590534.812550,8342.9,397.1,5508.8,14248.8,1201.9
1786590534.912429,8342.9,397.1,5508.8,14248.8,1201.9
1786590535.012447,8342.9,397.1,5609.0,14349.0,1201.9
1786590535.112453,8342.9,397.1,5508.8,14248.8,1201.9
1786590535.212451,8342.9,397.0,5609.0,14348.8,1201.9
1786590535.312449,8342.9,397.0,5508.8,14248.6,1201.9
1786590535.412462,8342.9,397.0,5508.8,14248.6,1201.9
1786590535.512594,8342.9,397.0,5508.8,14248.6,1201.9
1786590535.612717,8339.5,793.9,5609.0,14742.4,1201.9
1786590535.712446,8342.9,794.2,5508.8,14645.9,1201.9
1786590535.812437,8342.9,397.1,5609.0,14349.0,1201.9
1786590535.912448,8342.9,397.1,5609.0,14349.0,1201.9
1786590536.012462,8342.9,397.1,5609.0,14349.0,1201.9
1786590536.112538,8342.9,397.1,5609.0,14349.0,1201.9
1786590536.212742,8342.9,793.9,5609.0,14745.8,1201.9
1786590536.312478,8342.9,397.0,5609.0,14348.8,1201.9
1786590536.412458,8342.9,397.1,5609.0,14349.0,1201.9
1786590536.512435,8342.9,397.1,5508.8,14248.8,1201.9
1786590536.612484,8342.9,397.1,5508.8,14248.8,1201.9
1786590536.712473,8342.9,397.1,5609.0,14349.0,1201.9
1786590536.812443,8342.9,397.1,5508.8,14248.8,1201.9
1786590536.912494,8342.9,397.1,5609.0,14349.0,1201.9
1786590537.012762,8342.9,794.2,5609.0,14746.1,1201.9
1786590537.112779,8342.9,793.9,5609.0,14745.8,1201.9
1786590537.212848,8342.9,1190.9,5609.0,15142.7,1201.9
1786590537.312744,8342.9,1190.9,5609.0,15142.7,1201.9
1786590537.412489,8342.9,1191.4,5609.0,15143.2,1201.9
1786590537.512887,8342.9,1191.4,5609.0,15143.2,1201.9
1786590537.612626,8342.9,794.2,5609.0,14746.1,1201.9
1786590537.712433,8342.9,794.2,5609.0,14746.1,1201.9
1786590537.812456,8342.9,794.2,5609.0,14746.1,1201.9
1786590537.912458,8342.9,794.2,5609.0,14746.1,1201.9
1786590538.012452,8342.9,794.2,5609.0,14746.1,1201.9
1786590538.112473,8342.9,794.2,5609.0,14746.1,1201.9
1786590538.212575,8342.9,794.2,5609.0,14746.1,1201.9
1786590538.312429,8342.9,794.2,5609.0,14746.1,1201.9
1786590538.412391,8342.9,397.1,5609.0,14349.0,1201.9
1786590538.512681,8342.9,794.2,5609.0,14746.1,1201.9
1786590538.612436,8342.9,794.2,5609.0,14746.1,1201.9
1786590538.712540,8342.9,397.1,5609.0,14349.0,1201.9
1786590538.812513,8342.9,397.1,5609.0,14349.0,1201.9
1786590538.912454,8342.9,397.1,5609.0,14349.0,1201.9
1786590539.012443,8342.9,397.1,5609.0,14349.0,1201.9
1786590539.112452,8342.9,397.1,5609.0,14349.0,1201.9
1786590539.212444,8342.9,397.0,5609.0,14348.8,1201.9
1786590539.312467,8342.9,397.0,5508.8,14248.6,1201.9
1786590539.412450,8342.9,397.0,5508.8,14248.6,1201.9
1786590539.512672,8342.9,397.0,5508.8,14248.6,1201.9
1786590539.612461,8339.5,397.0,5508.8,14245.3,1201.9
1786590539.712447,8339.5,397.0,5508.8,14245.3,1201.9
1786590539.812445,8342.9,397.0,5508.8,14248.6,1201.9
1786590539.912478,8342.9,397.0,5508.8,14248.6,1201.9
1786590540.012536,8339.5,397.0,5609.0,14345.4,1201.9
1786590540.112478,8342.9,397.0,5609.0,14348.8,1201.9
1786590540.212551,8339.5,397.0,5609.0,14345.4,1201.9
1786590540.312446,8339.5,397.0,5609.0,14345.4,1201.9
1786590540.412509,8339.5,397.0,5609.0,14345.4,1201.9
1786590540.512451,8339.5,397.0,5609.0,14345.4,1201.9
1786590540.612438,8339.5,397.0,5609.0,14345.4,1201.9
1786590540.712768,8339.5,793.9,5609.0,14742.4,1201.9
1786590540.812451,8339.5,397.0,5609.0,14345.4,1201.9
1786590540.912459,8339.5,397.0,5609.0,14345.4,1201.9
1786590541.012413,8339.5,397.0,5609.0,14345.4,1201.9
1786590541.112511,8339.5,397.0,5609.0,14345.4,1201.9
1786590541.212463,8339.5,397.0,5609.0,14345.4,1201.9
1786590541.312479,8339.5,397.0,5609.0,14345.4,1201.9
1786590541.412442,8339.5,397.0,5609.0,14345.4,1201.9
1786590541.512765,8339.5,397.0,5609.0,14345.4,1201.9
1786590541.612540,8342.9,397.0,5609.0,14348.8,1201.9
1786590541.712468,8342.9,397.1,5609.0,14349.0,1201.9
1786590541.812399,8342.9,397.0,5609.0,14348.8,1201.9
1786590541.912518,8342.9,397.1,5609.0,14349.0,1201.9
1786590542.012491,8342.9,397.1,5609.0,14349.0,1201.9
1786590542.112501,8342.9,397.1,5609.0,14349.0,1201.9
1786590542.212570,8342.9,397.1,5609.0,14349.0,1201.9
1786590542.312523,8342.9,397.1,5609.0,14349.0,1201.9
1786590542.412512,8342.9,397.1,5609.0,14349.0,1201.9
1786590542.512648,8342.9,793.9,5609.0,14745.8,1201.9
1786590542.612789,8342.9,793.9,5609.0,14745.8,1201.9
1786590542.712918,8342.9,1190.9,5609.0,15142.7,1201.9
1786590542.812756,8342.9,1190.9,5709.1,15242.9,1302.1
1786590542.912532,8342.9,1190.9,5709.1,15242.9,1302.1
1786590543.012442,8339.5,793.9,5609.0,14742.4,1201.9
1786590543.112455,8339.5,793.9,5609.0,14742.4,1201.9
1786590543.212470,8339.5,793.9,5609.0,14742.4,1201.9
1786590543.312479,8339.5,793.9,5609.0,14742.4,1201.9
1786590543.412441,8339.5,793.9,5609.0,14742.4,1201.9
1786590543.512602,8339.5,793.9,5609.0,14742.4,1201.9
1786590543.612466,8339.5,793.9,5609.0,14742.4,1201.9
1786590543.712456,8339.5,793.9,5609.0,14742.4,1201.9
1786590543.812498,8339.5,397.0,5609.0,14345.4,1201.9
1786590543.912597,8339.5,397.0,5508.8,14245.3,1201.9
1786590544.012487,8339.5,397.0,5609.0,14345.4,1201.9
1786590544.112531,8339.5,397.0,5609.0,14345.4,1201.9
1786590544.212590,8339.5,397.0,5609.0,14345.4,1201.9
1786590544.312455,8339.5,397.0,5609.0,14345.4,1201.9
1786590544.412444,8339.5,397.0,5609.0,14345.4,1201.9
1786590544.512513,8339.5,397.0,5508.8,14245.3,1201.9
1786590544.612707,8339.5,793.9,5609.0,14742.4,1201.9
1786590544.712447,8339.5,793.9,5609.0,14742.4,1201.9
1786590544.812474,8339.5,793.9,5609.0,14742.4,1201.9
1786590544.912447,8339.5,793.9,5609.0,14742.4,1201.9
1786590545.012639,8339.5,793.9,5609.0,14742.4,1201.9
1786590545.112529,8339.5,793.9,5609.0,14742.4,1201.9
1786590545.212467,8339.5,793.9,5609.0,14742.4,1201.9
1786590545.312490,8339.5,793.9,5609.0,14742.4,1201.9
1786590545.412463,8339.5,397.0,5609.0,14345.4,1201.9
1786590545.512685,8339.5,397.0,5609.0,14345.4,1201.9
1786590545.612931,8339.5,793.9,5609.0,14742.4,1201.9
1786590545.712589,8339.5,793.9,5609.0,14742.4,1201.9
1786590545.812469,8339.5,793.9,5609.0,14742.4,1201.9
1786590545.912455,8339.5,397.0,5609.0,14345.4,1201.9
1786590546.012403,8339.5,397.0,5609.0,14345.4,1201.9
1786590546.112509,8339.5,397.0,5609.0,14345.4,1201.9
1786590546.212656,8339.5,793.9,5609.0,14742.4,1201.9
1786590546.312491,8339.5,397.0,5609.0,14345.4,1201.9
1786590546.412530,8339.5,397.0,5609.0,14345.4,1201.9
1786590546.512450,8339.5,397.0,5609.0,14345.4,1201.9
1786590546.612428,8339.5,397.0,5609.0,14345.4,1201.9
1786590546.712430,8339.5,397.0,5609.0,14345.4,1201.9
1786590546.812505,8339.5,397.0,5609.0,14345.4,1201.9
1786590546.912458,8342.9,397.0,5609.0,14348.8,1201.9
1786590547.012469,8342.9,397.1,5609.0,14349.0,1201.9
1786590547.112513,8339.5,397.0,5609.0,14345.4,1201.9
1786590547.212734,8339.5,793.9,5609.0,14742.4,1201.9
1786590547.312531,8342.9,397.0,5609.0,14348.8,1201.9
1786590547.412412,8342.9,397.0,5609.0,14348.8,1201.9
1786590547.512607,8339.5,397.0,5609.0,14345.4,1201.9
1786590547.612462,8339.5,397.0,5609.0,14345.4,1201.9
1786590547.712466,8342.9,397.0,5609.0,14348.8,1201.9
1786590547.812453,8342.9,397.0,5609.0,14348.8,1201.9
1786590547.912465,8342.9,397.1,5609.0,14349.0,1201.9
1786590548.012716,8342.9,794.2,5609.0,14746.1,1201.9
1786590548.112741,8342.9,794.2,5609.0,14746.1,1201.9
1786590548.212885,8342.9,1191.4,5609.0,15143.2,1201.9
1786590548.312718,8342.9,1191.4,5709.1,15243.4,1302.1
1786590548.412451,8342.9,1191.4,5609.0,15143.2,1201.9
1786590548.512446,8342.9,794.2,5609.0,14746.1,1201.9
1786590548.612424,8342.9,794.2,5609.0,14746.1,1201.9
1786590548.712435,8342.9,794.2,5609.0,14746.1,1201.9
1786590548.812530,8342.9,794.2,5609.0,14746.1,1201.9
1786590548.912483,8342.9,794.2,5609.0,14746.1,1201.9
1786590549.012447,8342.9,794.2,5609.0,14746.1,1201.9
1786590549.112478,8342.9,794.2,5609.0,14746.1,1201.9
1786590549.212519,8342.9,397.1,5609.0,14349.0,1201.9
1786590549.312479,8342.9,397.0,5609.0,14348.8,1201.9
1786590549.412456,8342.9,397.0,5609.0,14348.8,1201.9
1786590549.512732,8342.9,793.9,5609.0,14745.8,1201.9
1786590549.612451,8342.9,793.9,5609.0,14745.8,1201.9
1786590549.712490,8342.9,397.0,5609.0,14348.8,1201.9
1786590549.812493,8342.9,397.0,5609.0,14348.8,1201.9
1786590549.912489,8342.9,397.0,5609.0,14348.8,1201.9
1786590550.012445,8342.9,397.0,5609.0,14348.8,1201.9
1786590550.112469,8339.5,397.0,5609.0,14345.4,1201.9
1786590550.212548,8339.5,397.0,5609.0,14345.4,1201.9
1786590550.312482,8339.5,397.0,5609.0,14345.4,1201.9
1786590550.412464,8339.5,397.0,5609.0,14345.4,1201.9
1786590550.512483,8339.5,397.0,5609.0,14345.4,1201.9
1786590550.612455,8339.5,397.0,5609.0,14345.4,1201.9
1786590550.712457,8339.5,397.0,5609.0,14345.4,1201.9
1786590550.812619,8339.5,397.0,5609.0,14345.4,1201.9
1786590550.912441,8339.5,397.0,5609.0,14345.4,1201.9
1786590551.012439,8342.9,397.0,5609.0,14348.8,1201.9
1786590551.112495,8342.9,397.0,5609.0,14348.8,1201.9
1786590551.212454,8342.9,397.1,5609.0,14349.0,1201.9
1786590551.312477,8342.9,397.1,5609.0,14349.0,1201.9
1786590551.412475,8342.9,397.1,5609.0,14349.0,1201.9
1786590551.512755,8342.9,397.0,5609.0,14348.8,1201.9
1786590551.612488,8342.9,397.0,5609.0,14348.8,1201.9
1786590551.712710,8342.9,794.2,5609.0,14746.1,1201.9
1786590551.812435,8342.9,794.2,5609.0,14746.1,1201.9
1786590551.912465,8342.9,397.1,5609.0,14349.0,1201.9
1786590552.012456,8342.9,397.1,5609.0,14349.0,1201.9
1786590552.112615,8342.9,397.1,5609.0,14349.0,1201.9
1786590552.212575,8342.9,397.1,5609.0,14349.0,1201.9
1786590552.312497,8342.9,397.0,5609.0,14348.8,1201.9
1786590552.412452,8342.9,397.0,5609.0,14348.8,1201.9
1786590552.512466,8342.9,397.0,5609.0,14348.8,1201.9
1786590552.612493,8339.5,397.0,5609.0,14345.4,1201.9
1786590552.712472,8339.5,397.0,5609.0,14345.4,1201.9
1786590552.812525,8339.5,397.0,5609.0,14345.4,1201.9
1786590552.912750,8339.5,397.0,5609.0,14345.4,1201.9
1786590553.012464,8339.5,397.0,5609.0,14345.4,1201.9
1786590553.112519,8342.9,397.0,5609.0,14348.8,1201.9
1786590553.212454,8342.9,397.0,5609.0,14348.8,1201.9
1786590553.312537,8342.9,397.0,5609.0,14348.8,1201.9
1786590553.412437,8342.9,397.0,5609.0,14348.8,1201.9
1786590553.512684,8342.9,793.9,5609.0,14745.8,1201.9
1786590553.612767,8342.9,793.9,5609.0,14745.8,1201.9
1786590553.712783,8339.5,1190.9,5609.0,15139.4,1201.9
1786590553.812729,8339.5,1190.9,5709.1,15239.5,1302.1
1786590553.912572,8342.9,1190.9,5709.1,15242.9,1302.1
1786590554.012450,8342.9,793.9,5609.0,14745.8,1201.9
1786590554.112446,8342.9,794.2,5609.0,14746.1,1201.9
1786590554.212828,8342.9,794.2,5609.0,14746.1,1201.9
1786590554.312575,8342.9,794.2,5609.0,14746.1,1201.9
1786590554.412486,8342.9,794.2,5609.0,14746.1,1201.9
1786590554.512521,8342.9,794.2,5609.0,14746.1,1201.9
1786590554.612460,8342.9,794.2,5609.0,14746.1,1201.9
1786590554.712487,8342.9,794.2,5609.0,14746.1,1201.9
1786590554.812447,8342.9,794.2,5609.0,14746.1,1201.9
1786590554.912476,8342.9,397.1,5609.0,14349.0,1201.9
1786590555.012446,8342.9,397.1,5609.0,14349.0,1201.9
1786590555.112460,8342.9,397.0,5609.0,14348.8,1201.9
1786590555.212455,8342.9,397.1,5609.0,14349.0,1201.9
1786590555.312519,8342.9,397.1,5609.0,14349.0,1201.9
1786590555.412448,8342.9,397.1,5609.0,14349.0,1201.9
1786590555.512559,8342.9,397.1,5609.0,14349.0,1201.9
1786590555.612698,8342.9,397.1,5609.0,14349.0,1201.9
1786590555.712790,8342.9,794.2,5609.0,14746.1,1201.9
1786590555.812491,8342.9,794.2,5609.0,14746.1,1201.9
1786590555.912440,8342.9,793.9,5609.0,14745.8,1201.9
1786590556.012604,8342.9,793.9,5609.0,14745.8,1201.9
1786590556.112615,8342.9,793.9,5609.0,14745.8,1201.9
1786590556.212641,8342.9,794.2,5609.0,14746.1,1201.9
1786590556.312443,8342.9,794.2,5609.0,14746.1,1201.9
1786590556.412519,8342.9,794.2,5609.0,14746.1,1201.9
1786590556.512479,8342.9,397.1,5609.0,14349.0,1201.9
1786590556.612454,8342.9,397.1,5609.0,14349.0,1201.9
1786590556.712510,8342.9,397.1,5609.0,14349.0,1201.9
1786590556.812452,8342.9,397.1,5609.0,14349.0,1201.9
1786590556.912479,8342.9,397.1,5609.0,14349.0,1201.9
1786590557.012456,8342.9,397.1,5609.0,14349.0,1201.9
1786590557.112536,8342.9,397.1,5609.0,14349.0,1201.9
1786590557.212441,8342.9,397.1,5609.0,14349.0,1201.9
1786590557.312461,8342.9,397.1,5609.0,14349.0,1201.9
1786590557.412448,8342.9,397.1,5609.0,14349.0,1201.9
1786590557.512683,8342.9,397.1,5609.0,14349.0,1201.9
1786590557.612452,8342.9,397.1,5609.0,14349.0,1201.9
1786590557.712483,8342.9,397.1,5609.0,14349.0,1201.9
1786590557.812483,8342.9,397.1,5609.0,14349.0,1201.9
1786590557.912499,8342.9,397.1,5508.8,14248.8,1201.9
1786590558.012486,8342.9,397.1,5609.0,14349.0,1201.9
1786590558.112462,8342.9,397.1,5609.0,14349.0,1201.9
1786590558.212730,8342.9,794.2,5609.0,14746.1,1201.9
1786590558.312700,8342.9,794.2,5609.0,14746.1,1201.9
1786590558.412424,8342.9,397.1,5609.0,14349.0,1201.9
1786590558.512441,8342.9,397.1,5609.0,14349.0,1201.9
1786590558.612445,8342.9,397.1,5609.0,14349.0,1201.9
1786590558.712480,8342.9,397.1,5609.0,14349.0,1201.9
1786590558.812776,8342.9,397.1,5609.0,14349.0,1201.9
1786590558.912488,8342.9,397.1,5609.0,14349.0,1201.9
1786590559.012762,8342.9,794.2,5609.0,14746.1,1201.9
1786590559.112690,8342.9,794.2,5609.0,14746.1,1201.9
1786590559.212745,8342.9,1191.4,5709.1,15243.4,1302.1
1786590559.312771,8342.9,1191.4,5709.1,15243.4,1302.1
1786590559.412557,8342.9,1191.4,5609.0,15143.2,1201.9
1786590559.512724,8342.9,794.2,5609.0,14746.1,1201.9
1786590559.612458,8342.9,794.2,5609.0,14746.1,1201.9
1786590559.712460,8342.9,794.2,5609.0,14746.1,1201.9
1786590559.812445,8342.9,794.2,5609.0,14746.1,1201.9
1786590559.912454,8342.9,794.2,5609.0,14746.1,1201.9
1786590560.012450,8342.9,794.2,5609.0,14746.1,1201.9
1786590560.112444,8342.9,794.2,5609.0,14746.1,1201.9
1786590560.212594,8342.9,397.1,5609.0,14349.0,1201.9
1786590560.312462,8342.9,397.1,5609.0,14349.0,1201.9
1786590560.412484,8342.9,397.0,5609.0,14348.8,1201.9
1786590560.512679,8339.5,793.9,5609.0,14742.4,1201.9
1786590560.612443,8339.5,397.0,5609.0,14345.4,1201.9
1786590560.712432,8339.5,397.0,5609.0,14345.4,1201.9
1786590560.812564,8339.5,397.0,5609.0,14345.4,1201.9
1786590560.912451,8342.9,397.0,5609.0,14348.8,1201.9
1786590561.012684,8339.5,397.0,5609.0,14345.4,1201.9
1786590561.112423,8342.9,397.0,5609.0,14348.8,1201.9
1786590561.212691,8339.5,793.9,5609.0,14742.4,1201.9
1786590561.312714,8339.5,793.9,5609.0,14742.4,1201.9
1786590561.412489,8339.5,793.9,5609.0,14742.4,1201.9
1786590561.512853,8339.5,1190.9,5709.1,15239.5,1302.1
1786590561.612690,8736.6,1587.8,5709.1,16033.6,1302.1
1786590561.713018,8339.5,1587.8,5709.1,15636.5,1302.1
1786590561.812745,8339.5,1587.8,5709.1,15636.5,1302.1
1786590561.912451,8339.5,1190.9,5709.1,15239.5,1302.1
1786590562.012441,8342.9,1190.9,5709.1,15242.9,1201.9
1786590562.112423,8339.5,793.9,5709.1,14842.6,1201.9
1786590562.212568,8339.5,793.9,5609.0,14742.4,1201.9
1786590562.312571,8339.5,793.9,5609.0,14742.4,1201.9
1786590562.412449,8339.5,793.9,5609.0,14742.4,1201.9
1786590562.512484,8339.5,793.9,5609.0,14742.4,1201.9
1786590562.612476,8339.5,793.9,5609.0,14742.4,1201.9
1786590562.712680,8339.5,793.9,5609.0,14742.4,1201.9
1786590562.812549,8339.5,793.9,5609.0,14742.4,1201.9
1786590562.912492,8339.5,793.9,5609.0,14742.4,1201.9
1786590563.012484,8339.5,793.9,5609.0,14742.4,1201.9
1786590563.112458,8339.5,397.0,5609.0,14345.4,1201.9
1786590563.212457,8339.5,397.0,5609.0,14345.4,1201.9
1786590563.312484,8342.9,397.0,5609.0,14348.8,1201.9
1786590563.412469,8342.9,397.0,5609.0,14348.8,1201.9
1786590563.512596,8342.9,397.0,5609.0,14348.8,1201.9
1786590563.612531,8339.5,397.0,5609.0,14345.4,1201.9
1786590563.712717,8339.5,397.0,5609.0,14345.4,1201.9
1786590563.812666,8339.5,397.0,5609.0,14345.4,1201.9
1786590563.912471,8339.5,397.0,5609.0,14345.4,1201.9
1786590564.012493,8339.5,397.0,5609.0,14345.4,1201.9
1786590564.112458,8339.5,397.0,5609.0,14345.4,1201.9
1786590564.212657,8339.5,397.0,5609.0,14345.4,1201.9
1786590564.312444,8339.5,397.0,5609.0,14345.4,1201.9
1786590564.412389,8342.9,397.0,5609.0,14348.8,1201.9
1786590564.512675,8339.5,793.9,5609.0,14742.4,1201.9
1786590564.612762,8339.5,793.9,5609.0,14742.4,1201.9
1786590564.712920,8736.6,1190.9,5709.1,15636.6,1302.1
1786590564.812842,8339.5,1190.9,5709.1,15239.5,1302.1
1786590564.912487,8342.9,1190.9,5709.1,15242.9,1302.1
1786590565.012463,8342.9,1190.9,5709.1,15242.9,1201.9
1786590565.112403,8342.9,793.9,5609.0,14745.8,1201.9
1786590565.212378,8342.9,793.9,5609.0,14745.8,1201.9
1786590565.312465,8339.5,793.9,5609.0,14742.4,1201.9
1786590565.412425,8339.5,793.9,5609.0,14742.4,1201.9
1786590565.512689,8339.5,793.9,5609.0,14742.4,1201.9
1786590565.612533,8339.5,793.9,5609.0,14742.4,1201.9
1786590565.712739,8339.5,793.9,5609.0,14742.4,1201.9
1786590565.812508,8339.5,793.9,5609.0,14742.4,1201.9
1786590565.912424,8339.5,793.9,5609.0,14742.4,1201.9
1786590566.012391,8339.5,793.9,5609.0,14742.4,1201.9
1786590566.112447,8339.5,793.9,5609.0,14742.4,1201.9
1786590566.212546,8342.9,793.9,5609.0,14745.8,1201.9
1786590566.312441,8342.9,397.0,5609.0,14348.8,1201.9
1786590566.412384,8342.9,397.0,5609.0,14348.8,1201.9
1786590566.512637,8740.2,397.0,5609.0,14746.1,1201.9
1786590566.612486,8342.9,397.1,5609.0,14349.0,1201.9
1786590566.712464,8342.9,397.1,5609.0,14349.0,1201.9
1786590566.812534,8342.9,397.1,5609.0,14349.0,1201.9
1786590566.912468,8342.9,397.1,5609.0,14349.0,1201.9
1786590567.012656,8342.9,397.1,5609.0,14349.0,1201.9
1786590567.112444,8342.9,397.1,5609.0,14349.0,1201.9
1786590567.212386,8342.9,397.1,5609.0,14349.0,1201.9
1786590567.312406,8342.9,397.1,5609.0,14349.0,1201.9
1786590567.412464,8342.9,397.1,5609.0,14349.0,1201.9
1786590567.512641,8342.9,397.1,5609.0,14349.0,1201.9
1786590567.612523,8342.9,397.1,5609.0,14349.0,1201.9
1786590567.712463,8342.9,397.1,5609.0,14349.0,1201.9
1786590567.812494,8342.9,397.1,5609.0,14349.0,1201.9
1786590567.912462,8342.9,397.1,5609.0,14349.0,1201.9
1786590568.012450,8342.9,397.1,5609.0,14349.0,1201.9
1786590568.112484,8342.9,397.1,5609.0,14349.0,1201.9
1786590568.213115,8342.9,397.1,5609.0,14349.0,1201.9
1786590568.312458,8342.9,397.1,5609.0,14349.0,1201.9
1786590568.412404,8342.9,397.1,5609.0,14349.0,1201.9
1786590568.512439,8342.9,397.1,5609.0,14349.0,1201.9
1786590568.612524,8342.9,397.1,5609.0,14349.0,1201.9
1786590568.712464,8342.9,397.1,5609.0,14349.0,1201.9
1786590568.812590,8342.9,397.1,5609.0,14349.0,1201.9
1786590568.912476,8342.9,397.1,5609.0,14349.0,1201.9
1786590569.012472,8342.9,397.1,5609.0,14349.0,1201.9
1786590569.112468,8342.9,397.1,5609.0,14349.0,1201.9
1786590569.212762,8342.9,794.2,5609.0,14746.1,1201.9
1786590569.312557,8342.9,794.2,5609.0,14746.1,1201.9
1786590569.412481,8342.9,397.1,5609.0,14349.0,1201.9
1786590569.512691,8740.2,397.1,5709.1,14846.4,1302.1
1786590569.612499,8342.9,397.1,5709.1,14449.1,1302.1
1786590569.712473,8740.2,397.1,5709.1,14846.4,1302.1
1786590569.812594,8342.9,397.1,5709.1,14449.1,1302.1
1786590569.912506,8740.2,397.1,5709.1,14846.4,1302.1
1786590570.012750,8342.9,794.2,5709.1,14846.2,1302.1
1786590570.112722,8740.2,794.2,5709.1,15243.5,1302.1
1786590570.213151,8740.2,1191.4,5709.1,15640.6,1302.1
1786590570.312717,8740.2,1191.4,5809.3,15740.8,1302.1
1786590570.412431,8740.2,1191.4,5709.1,15640.6,1302.1
1786590570.512456,8740.2,794.2,5709.1,15243.5,1302.1
1786590570.612466,8740.2,794.2,5709.1,15243.5,1302.1
1786590570.712502,8342.9,794.2,5709.1,14846.2,1302.1
1786590570.812637,8740.2,793.9,5709.1,15243.2,1302.1
1786590570.912478,8342.9,793.9,5709.1,14845.9,1302.1
1786590571.012474,8736.6,793.9,5709.1,15239.7,1302.1
1786590571.112464,8339.5,793.9,5709.1,14842.6,1302.1
1786590571.212473,8736.6,397.0,5709.1,14842.7,1302.1
1786590571.312547,8339.5,397.0,5709.1,14445.6,1302.1
1786590571.412784,8736.6,793.9,6009.6,15540.2,1502.4
1786590571.512713,9133.8,793.9,6410.2,16337.9,1802.9
1786590571.612504,8736.6,793.9,6310.1,15840.6,1702.7
1786590571.712557,8740.2,397.0,6109.8,15246.9,1602.6
1786590571.812629,8342.9,397.0,6009.6,14749.4,1502.4
1786590571.912697,8342.9,397.0,5909.4,14649.3,1402.2
1786590572.012459,8342.9,397.0,5909.4,14649.3,1402.2
1786590572.112453,8339.5,397.0,5809.3,14545.8,1302.1
1786590572.212702,7942.4,397.0,5809.3,14148.6,1302.1
1786590572.312703,7945.6,397.0,5709.1,14051.7,1302.1
1786590572.412452,7945.6,397.0,5709.1,14051.7,1302.1
1786590572.512659,7942.4,397.0,5709.1,14048.5,1302.1
1786590572.612490,7942.4,397.0,5709.1,14048.5,1302.1
1786590572.712483,7942.4,397.0,5709.1,14048.5,1302.1
1786590572.812503,7942.4,397.0,5709.1,14048.5,1302.1
1786590572.912714,7942.4,397.0,5709.1,14048.5,1302.1
1786590573.012469,7942.4,397.0,5709.1,14048.5,1302.1
1786590573.112468,7942.4,397.0,5709.1,14048.5,1302.1
1786590573.212699,7942.4,397.0,5709.1,14048.5,1302.1
1786590573.312454,7942.4,397.0,5709.1,14048.5,1302.1
1786590573.412446,7942.4,397.0,5709.1,14048.5,1302.1
1786590573.512688,7942.4,397.0,5709.1,14048.5,1302.1
1786590573.612752,7945.6,397.0,5709.1,14051.7,1302.1
1786590573.712815,7945.6,793.9,5709.1,14448.6,1302.1
1786590573.812520,7945.6,397.0,5709.1,14051.7,1302.1
1786590573.912678,7942.4,397.0,5709.1,14048.5,1302.1
1786590574.012427,7942.4,397.0,5709.1,14048.5,1302.1
1786590574.112415,8339.5,397.0,5709.1,14445.6,1302.1
1786590574.212476,8339.5,397.0,5709.1,14445.6,1302.1
1786590574.312745,8339.5,397.0,5709.1,14445.6,1302.1
1786590574.412455,8339.5,397.0,5709.1,14445.6,1302.1
1786590574.512463,8339.5,397.0,5709.1,14445.6,1302.1
1786590574.612512,8339.5,397.0,5709.1,14445.6,1302.1
1786590574.712713,8339.5,397.0,5709.1,14445.6,1302.1
1786590574.812491,8339.5,397.0,5709.1,14445.6,1302.1
1786590574.912538,8339.5,397.0,5709.1,14445.6,1302.1
1786590575.012486,8339.5,397.0,5709.1,14445.6,1302.1
1786590575.112617,8339.5,397.0,5709.1,14445.6,1302.1
1786590575.212493,8339.5,397.0,5709.1,14445.6,1302.1
1786590575.312479,8339.5,397.0,5709.1,14445.6,1302.1
1786590575.412471,8339.5,397.0,5709.1,14445.6,1302.1
1786590575.512721,8339.5,793.9,5709.1,14842.6,1302.1
1786590575.612753,8339.5,793.9,5709.1,14842.6,1302.1
1786590575.712952,8339.5,1190.9,5809.3,15339.7,1302.1
1786590575.812885,8339.5,1190.9,5809.3,15339.7,1402.2
1786590575.912691,8339.5,1190.9,5809.3,15339.7,1402.2
1786590576.012431,8339.5,1190.9,5809.3,15339.7,1302.1
1786590576.112410,8339.5,793.9,5809.3,14942.7,1302.1
1786590576.212424,8339.5,793.9,5809.3,14942.7,1302.1
1786590576.312757,8339.5,793.9,5809.3,14942.7,1302.1
1786590576.412451,8339.5,793.9,5809.3,14942.7,1302.1
1786590576.512521,8339.5,793.9,5809.3,14942.7,1302.1
1786590576.612540,8342.9,793.9,5709.1,14845.9,1302.1
1786590576.712721,8342.9,793.9,5809.3,14946.1,1302.1
1786590576.812470,8342.9,794.2,5709.1,14846.2,1302.1
1786590576.912509,8342.9,794.2,5809.3,14946.4,1302.1
1786590577.012452,8342.9,794.2,5709.1,14846.2,1302.1
1786590577.112680,8342.9,794.2,5809.3,14946.4,1302.1
1786590577.212467,8342.9,397.1,5709.1,14449.1,1302.1
1786590577.312460,8342.9,397.1,5709.1,14449.1,1302.1
1786590577.412449,8342.9,397.1,5809.3,14549.3,1302.1
1786590577.512762,8740.2,397.1,5809.3,14946.6,1302.1
1786590577.612500,8342.9,397.1,5809.3,14549.3,1302.1
1786590577.712480,8740.2,397.1,5809.3,14946.6,1302.1
1786590577.812512,8342.9,397.1,5809.3,14549.3,1302.1
1786590577.912811,8740.2,397.1,5809.3,14946.6,1302.1
1786590578.012722,8740.2,794.2,5809.3,15343.7,1402.2
1786590578.112414,8740.2,397.1,5809.3,14946.6,1402.2
1786590578.212439,8740.2,397.1,5809.3,14946.6,1302.1
1786590578.312611,8740.2,397.1,5809.3,14946.6,1402.2
1786590578.412740,8740.2,397.1,5809.3,14946.6,1402.2
1786590578.512473,8740.2,397.1,5809.3,14946.6,1402.2
1786590578.612503,8740.2,397.1,5809.3,14946.6,1402.2
1786590578.712461,8740.2,397.1,5809.3,14946.6,1402.2
1786590578.812773,8740.2,397.1,5809.3,14946.6,1402.2
1786590578.912575,8740.2,397.1,5809.3,14946.6,1402.2
1786590579.012445,8740.2,397.1,5809.3,14946.6,1402.2
1786590579.112405,8740.2,397.1,5809.3,14946.6,1402.2
1786590579.212439,8740.2,397.1,5809.3,14946.6,1402.2
1786590579.312697,8740.2,397.1,5809.3,14946.6,1402.2
1786590579.412441,8740.2,397.1,5809.3,14946.6,1402.2
1786590579.512658,8740.2,397.1,5809.3,14946.6,1402.2
1786590579.612472,8740.2,397.1,5809.3,14946.6,1402.2
1786590579.712716,8740.2,397.1,5809.3,14946.6,1402.2
1786590579.812468,8740.2,397.1,5909.4,15046.7,1402.2
1786590579.912550,8740.2,397.1,5809.3,14946.6,1402.2
1786590580.012448,8740.2,397.1,5809.3,14946.6,1402.2
1786590580.112421,8740.2,397.1,5909.4,15046.7,1402.2
1786590580.212730,8740.2,794.2,5909.4,15443.8,1402.2
1786590580.312668,8740.2,397.1,5909.4,15046.7,1402.2
1786590580.412447,8740.2,397.0,5909.4,15046.6,1402.2
1786590580.512477,8740.2,397.0,5909.4,15046.6,1402.2
1786590580.612486,8740.2,397.0,5909.4,15046.6,1402.2
1786590580.712701,8740.2,397.0,5909.4,15046.6,1402.2
1786590580.812474,8740.2,397.0,5909.4,15046.6,1402.2
1786590580.912485,8740.2,397.0,5909.4,15046.6,1402.2
1786590581.012731,8736.6,793.9,5909.4,15440.0,1402.2
1786590581.112625,8736.6,793.9,5909.4,15440.0,1402.2
1786590581.212781,8736.6,1190.9,6009.6,15937.1,1402.2
1786590581.312712,8736.6,1190.9,6009.6,15937.1,1502.4
1786590581.412438,8740.2,1190.9,5909.4,15840.5,1402.2
1786590581.512584,8740.2,793.9,5909.4,15443.5,1402.2
1786590581.612533,8740.2,794.2,5909.4,15443.8,1402.2
1786590581.712654,8740.2,794.2,5909.4,15443.8,1402.2
1786590581.812447,8740.2,794.2,5909.4,15443.8,1402.2
1786590581.912636,8740.2,794.2,5909.4,15443.8,1402.2
1786590582.012477,8740.2,794.2,5909.4,15443.8,1402.2
1786590582.112609,8740.2,794.2,5909.4,15443.8,1402.2
1786590582.212660,8740.2,794.2,5909.4,15443.8,1402.2
1786590582.312629,8740.2,794.2,5909.4,15443.8,1402.2
1786590582.412456,8740.2,397.1,5909.4,15046.7,1402.2
1786590582.512607,8740.2,794.2,5909.4,15443.8,1402.2
1786590582.612482,8740.2,794.2,5909.4,15443.8,1402.2
1786590582.712764,8740.2,794.2,5909.4,15443.8,1402.2
1786590582.812472,8740.2,397.1,5909.4,15046.7,1402.2
1786590582.912533,8740.2,397.1,5909.4,15046.7,1402.2
1786590583.012453,8740.2,397.1,5909.4,15046.7,1402.2
1786590583.112518,8740.2,397.1,5909.4,15046.7,1402.2
1786590583.212693,9137.4,397.1,5909.4,15444.0,1402.2
1786590583.312406,9137.4,397.1,5909.4,15444.0,1402.2
1786590583.412396,9137.4,397.1,5909.4,15444.0,1402.2
1786590583.512673,9137.4,397.1,5909.4,15444.0,1402.2
1786590583.612453,9137.4,397.1,5909.4,15444.0,1402.2
1786590583.712658,9137.4,397.1,5909.4,15444.0,1402.2
1786590583.812454,9137.4,397.1,5909.4,15444.0,1402.2
1786590583.912555,9137.4,397.1,5909.4,15444.0,1402.2
1786590584.012472,9137.4,397.1,5909.4,15444.0,1402.2
1786590584.112454,9137.4,397.1,5909.4,15444.0,1402.2
1786590584.212729,9137.4,794.2,5909.4,15841.1,1402.2
1786590584.312625,9137.4,794.2,6009.6,15941.3,1402.2
1786590584.412409,9137.4,397.1,6009.6,15544.2,1402.2
1786590584.512404,9137.4,397.1,6009.6,15544.2,1402.2
1786590584.612628,9133.8,397.0,6209.9,15740.6,1602.6
1786590584.712699,9530.9,793.9,6610.6,16935.4,1900.0
1786590584.812763,9137.4,794.2,6610.6,16542.2,1900.0
1786590584.912505,9133.8,793.9,6911.0,16838.7,2100.0
1786590585.012674,9137.4,794.2,6810.9,16742.6,2000.0
1786590585.112455,9133.8,793.9,7111.4,17039.0,2200.0
1786590585.212747,8740.2,794.2,7011.2,16545.6,2100.0
1786590585.312531,9137.4,793.9,7211.5,17142.9,2200.0
1786590585.412604,9137.4,794.2,7111.4,17043.0,2200.0
1786590585.512676,9137.4,793.9,7211.5,17142.9,2200.0
1786590585.612647,9137.4,793.9,7311.7,17243.0,2300.0
1786590585.712635,9137.4,793.9,7311.7,17243.0,2200.0
1786590585.812763,9530.9,793.9,7411.8,17736.6,2300.0
1786590585.912747,9137.4,793.9,7311.7,17243.0,2200.0
1786590586.012525,9530.9,793.9,7411.8,17736.6,2300.0
1786590586.112677,9133.8,793.9,7311.7,17239.4,2200.0
1786590586.212457,9133.8,793.9,7411.8,17339.5,2300.0
1786590586.312799,9133.8,793.9,7311.7,17239.4,2200.0
1786590586.412422,9133.8,793.9,7411.8,17339.5,2300.0
1786590586.512730,9133.8,793.9,7311.7,17239.4,2200.0
1786590586.612744,9133.8,1190.9,7512.0,17836.6,2300.0
1786590586.712839,9137.4,1190.9,7311.7,17640.0,2200.0
1786590586.812767,9133.8,1190.9,7512.0,17836.6,2400.0
1786590586.912717,9137.4,1191.4,7311.7,17640.5,2200.0
1786590587.012480,9133.8,1190.9,7411.8,17736.5,2300.0
1786590587.112685,9137.4,1191.4,7311.7,17640.5,2200.0
1786590587.212648,9133.8,793.9,7411.8,17339.5,2300.0
1786590587.312608,9137.4,793.9,7411.8,17343.2,2300.0
1786590587.412638,9133.8,793.9,7411.8,17339.5,2300.0
1786590587.512658,9133.8,793.9,7411.8,17339.5,2300.0
1786590587.612743,9133.8,793.9,7411.8,17339.5,2300.0
1786590587.712482,9133.8,793.9,7512.0,17439.7,2300.0
1786590587.812746,9133.8,793.9,7311.7,17239.4,2200.0
1786590587.912549,9133.8,793.9,7512.0,17439.7,2300.0
1786590588.012786,9133.8,793.9,7311.7,17239.4,2200.0
1786590588.112473,9133.8,793.9,7512.0,17439.7,2300.0
1786590588.212727,9133.8,793.9,7311.7,17239.4,2200.0
1786590588.312711,9133.8,793.9,7512.0,17439.7,2300.0
1786590588.412755,9133.8,793.9,7311.7,17239.4,2200.0
1786590588.512476,9133.8,793.9,7411.8,17339.5,2300.0
1786590588.612760,8736.6,793.9,7311.7,16842.2,2200.0
1786590588.712607,9133.8,793.9,7411.8,17339.5,2300.0
1786590588.812770,8740.2,793.9,7311.7,16845.8,2200.0
1786590588.912559,9133.8,793.9,7411.8,17339.5,2300.0
1786590589.012764,9133.8,793.9,7311.7,17239.4,2200.0
1786590589.112589,9133.8,793.9,7411.8,17339.5,2300.0
1786590589.212744,9133.8,793.9,7411.8,17339.5,2300.0
1786590589.312698,9133.8,793.9,7411.8,17339.5,2300.0
1786590589.412507,9530.9,793.9,7512.0,17836.8,2300.0
1786590589.512721,9133.8,793.9,7311.7,17239.4,2300.0
1786590589.612522,9133.8,793.9,7512.0,17439.7,2300.0
1786590589.712716,9133.8,793.9,7311.7,17239.4,2200.0
1786590589.812530,9133.8,793.9,7512.0,17439.7,2300.0
1786590589.912765,9137.4,793.9,7311.7,17243.0,2200.0
1786590590.012481,9133.8,793.9,7411.8,17339.5,2300.0
1786590590.112728,9137.4,793.9,7311.7,17243.0,2200.0
1786590590.212555,9133.8,793.9,7411.8,17339.5,2300.0
1786590590.312781,9133.8,793.9,7311.7,17239.4,2200.0
1786590590.412493,9133.8,793.9,7411.8,17339.5,2300.0
1786590590.512784,9137.4,794.2,7311.7,17243.4,2200.0
1786590590.612594,9133.8,793.9,7411.8,17339.5,2300.0
1786590590.712714,9137.4,794.2,7311.7,17243.4,2200.0
1786590590.812710,9133.8,793.9,7411.8,17339.5,2300.0
1786590590.912733,9137.4,793.9,7311.7,17243.0,2200.0
1786590591.012736,9133.8,793.9,7411.8,17339.5,2300.0
1786590591.112643,9133.8,793.9,7411.8,17339.5,2300.0
1786590591.212768,9133.8,793.9,7411.8,17339.5,2300.0
1786590591.312472,9530.9,793.9,7512.0,17836.8,2400.0
1786590591.412706,9133.8,793.9,7411.8,17339.5,2300.0
1786590591.512623,9133.8,793.9,7512.0,17439.7,2300.0
1786590591.612763,9133.8,793.9,7311.7,17239.4,2200.0
1786590591.712515,9133.8,793.9,7512.0,17439.7,2300.0
1786590591.812764,9133.8,793.9,7311.7,17239.4,2200.0
1786590591.912569,9133.8,793.9,7411.8,17339.5,2300.0
1786590592.012784,9133.8,793.9,7311.7,17239.4,2200.0
1786590592.112673,9133.8,1190.9,7512.0,17836.6,2300.0
1786590592.212801,9133.8,1190.9,7311.7,17636.3,2200.0
1786590592.312798,9133.8,1190.9,7512.0,17836.6,2400.0
1786590592.412885,9137.4,1191.4,7311.7,17640.5,2200.0
1786590592.512592,9133.8,1190.9,7411.8,17736.5,2300.0
1786590592.612658,9137.4,793.9,7411.8,17343.2,2200.0
1786590592.712659,9133.8,793.9,7411.8,17339.5,2300.0
1786590592.812569,9133.8,793.9,7411.8,17339.5,2300.0
1786590592.912690,9133.8,793.9,7411.8,17339.5,2300.0
1786590593.012507,9530.9,793.9,7512.0,17836.8,2300.0
1786590593.112613,9133.8,793.9,7411.8,17339.5,2300.0
1786590593.212464,9133.8,793.9,7512.0,17439.7,2300.0
1786590593.312684,9133.8,793.9,7311.7,17239.4,2200.0
1786590593.412457,9133.8,793.9,7512.0,17439.7,2300.0
1786590593.512755,9133.8,793.9,7311.7,17239.4,2200.0
1786590593.612480,9133.8,793.9,7512.0,17439.7,2300.0
1786590593.712717,9133.8,793.9,7311.7,17239.4,2200.0
1786590593.812440,9133.8,793.9,7411.8,17339.5,2300.0
1786590593.912704,8740.2,794.2,7311.7,16846.1,2200.0
1786590594.012553,9133.8,793.9,7411.8,17339.5,2300.0
1786590594.112700,8740.2,794.2,7211.5,16745.9,2200.0
1786590594.212614,9133.8,793.9,7411.8,17339.5,2300.0
1786590594.312739,9137.4,793.9,7311.7,17243.0,2200.0
1786590594.412619,9133.8,793.9,7411.8,17339.5,2300.0
1786590594.512635,9133.8,793.9,7411.8,17339.5,2300.0
1786590594.612728,9133.8,793.9,7311.7,17239.4,2300.0
1786590594.712566,9133.8,793.9,7411.8,17339.5,2300.0
1786590594.812682,9133.8,793.9,7311.7,17239.4,2300.0
1786590594.912518,9133.8,793.9,7512.0,17439.7,2300.0
1786590595.012727,9133.8,793.9,7311.7,17239.4,2200.0
1786590595.112425,9133.8,793.9,7512.0,17439.7,2300.0
1786590595.212658,9133.8,793.9,7311.7,17239.4,2200.0
1786590595.312470,9133.8,793.9,7411.8,17339.5,2300.0
1786590595.412717,9137.4,793.9,7311.7,17243.0,2200.0
1786590595.512648,9133.8,793.9,7411.8,17339.5,2300.0
1786590595.612806,9137.4,794.2,7311.7,17243.4,2200.0
1786590595.712781,9133.8,793.9,7411.8,17339.5,2300.0
1786590595.812788,8740.2,794.2,7311.7,16846.1,2200.0
1786590595.912735,9133.8,793.9,7411.8,17339.5,2300.0
1786590596.012622,9137.4,794.2,7311.7,17243.4,2200.0
1786590596.112517,9133.8,793.9,7411.8,17339.5,2300.0
1786590596.212560,9133.8,793.9,7311.7,17239.4,2200.0
1786590596.312731,9133.8,793.9,7411.8,17339.5,2300.0
1786590596.412572,9133.8,793.9,7411.8,17339.5,2300.0
1786590596.512560,9133.8,793.9,7411.8,17339.5,2300.0
1786590596.612500,9530.9,793.9,7512.0,17836.8,2400.0
1786590596.712680,9133.8,793.9,7411.8,17339.5,2300.0
1786590596.812457,9133.8,793.9,7512.0,17439.7,2300.0
1786590596.912736,9133.8,793.9,7311.7,17239.4,2200.0
1786590597.012546,9133.8,793.9,7512.0,17439.7,2300.0
1786590597.112664,9137.4,793.9,7311.7,17243.0,2200.0
1786590597.212454,9133.8,793.9,7411.8,17339.5,2300.0
1786590597.312701,9137.4,794.2,7311.7,17243.4,2200.0
1786590597.412476,9133.8,793.9,7411.8,17339.5,2300.0
1786590597.512810,9137.4,794.2,7311.7,17243.4,2200.0
1786590597.612959,9133.8,1190.9,7512.0,17836.6,2300.0
1786590597.712952,8740.2,1191.4,7311.7,17243.2,2200.0
1786590597.812867,9133.8,1190.9,7512.0,17836.6,2400.0
1786590597.912794,9137.4,1191.4,7411.8,17740.6,2300.0
1786590598.012629,9133.8,1190.9,7411.8,17736.5,2300.0
1786590598.112553,9137.4,1191.4,7411.8,17740.6,2300.0
1786590598.212611,9133.8,793.9,7411.8,17339.5,2300.0
1786590598.312842,9530.9,793.9,7512.0,17836.8,2400.0
1786590598.412756,9133.8,1190.9,7411.8,17736.5,2300.0
1786590598.512475,9133.8,793.9,7512.0,17439.7,2400.0
1786590598.612696,9133.8,793.9,7411.8,17339.5,2300.0
1786590598.712557,9133.8,793.9,7512.0,17439.7,2400.0
1786590598.812716,9137.4,793.9,7311.7,17243.0,2200.0
1786590598.912502,9133.8,793.9,7512.0,17439.7,2300.0
1786590599.012693,9137.4,793.9,7311.7,17243.0,2200.0
1786590599.112459,9133.8,793.9,7512.0,17439.7,2300.0
1786590599.212739,9137.4,794.2,7311.7,17243.4,2200.0
1786590599.312459,9133.8,793.9,7411.8,17339.5,2300.0
1786590599.412735,8740.2,794.2,7311.7,16846.1,2200.0
1786590599.512691,9133.8,793.9,7411.8,17339.5,2300.0
1786590599.612737,9137.4,794.2,7311.7,17243.4,2200.0
1786590599.712625,9133.8,793.9,7411.8,17339.5,2300.0
1786590599.812721,9137.4,793.9,7411.8,17343.2,2300.0
1786590599.912704,9133.8,793.9,7411.8,17339.5,2300.0
1786590600.012824,9133.8,793.9,7512.0,17439.7,2300.0
1786590600.112617,9133.8,793.9,7411.8,17339.5,2300.0
1786590600.212463,9133.8,793.9,7512.0,17439.7,2400.0
1786590600.312770,9133.8,793.9,7411.8,17339.5,2300.0
1786590600.412690,9133.8,793.9,7512.0,17439.7,2300.0
1786590600.512645,9137.4,793.9,7311.7,17243.0,2200.0
1786590600.612569,9133.8,793.9,7512.0,17439.7,2300.0
1786590600.712728,9137.4,793.9,7311.7,17243.0,2200.0
1786590600.812474,9133.8,793.9,7512.0,17439.7,2300.0
1786590600.912745,9137.4,794.2,7311.7,17243.4,2200.0
1786590601.012471,9133.8,793.9,7411.8,17339.5,2300.0
1786590601.112719,8740.2,794.2,7311.7,16846.1,2200.0
1786590601.212464,9133.8,793.9,7411.8,17339.5,2300.0
1786590601.312741,8740.2,794.2,7311.7,16846.1,2200.0
1786590601.412528,9133.8,793.9,7411.8,17339.5,2300.0
1786590601.512665,9137.4,793.9,7411.8,17343.2,2200.0
1786590601.612930,9133.8,793.9,7411.8,17339.5,2300.0
1786590601.712605,9133.8,793.9,7411.8,17339.5,2300.0
1786590601.812631,9133.8,793.9,7411.8,17339.5,2300.0
1786590601.912723,9530.9,793.9,7512.0,17836.8,2300.0
1786590602.012717,9133.8,793.9,7411.8,17339.5,2300.0
1786590602.112464,9133.8,793.9,7512.0,17439.7,2300.0
1786590602.212689,9137.4,793.9,7411.8,17343.2,2200.0
1786590602.312778,9137.4,793.9,7512.0,17443.4,2300.0
1786590602.412730,9137.4,794.2,7411.8,17343.5,2200.0
1786590602.512455,9133.8,793.9,7512.0,17439.7,2300.0
1786590602.612710,9137.4,794.2,7311.7,17243.4,2200.0
1786590602.712462,9133.8,793.9,7512.0,17439.7,2300.0
1786590602.812686,9137.4,794.2,7311.7,17243.4,2200.0
1786590602.912461,9133.8,793.9,7411.8,17339.5,2300.0
1786590603.012697,8740.2,794.2,7311.7,16846.1,2200.0
1786590603.112784,9133.8,1190.9,7512.0,17836.6,2300.0
1786590603.212816,9137.4,1191.4,7411.8,17740.6,2200.0
1786590603.312722,9133.8,1190.9,7512.0,17836.6,2300.0
1786590603.412627,9137.4,1190.9,7411.8,17740.2,2300.0
1786590603.512579,9133.8,1190.9,7411.8,17736.5,2300.0
1786590603.612474,9133.8,793.9,7512.0,17439.7,2300.0
1786590603.712643,9133.8,793.9,7411.8,17339.5,2300.0
1786590603.812438,9530.9,793.9,7512.0,17836.8,2400.0
1786590603.912682,9133.8,793.9,7411.8,17339.5,2300.0
1786590604.012467,9133.8,793.9,7512.0,17439.7,2400.0
1786590604.112615,9133.8,793.9,7311.7,17239.4,2200.0
1786590604.212463,9133.8,793.9,7512.0,17439.7,2300.0
1786590604.312747,9133.8,793.9,7311.7,17239.4,2200.0
1786590604.412457,9133.8,793.9,7512.0,17439.7,2300.0
1786590604.512669,9133.8,793.9,7311.7,17239.4,2200.0
1786590604.612444,9133.8,793.9,7411.8,17339.5,2300.0
1786590604.712686,9137.4,794.2,7311.7,17243.4,2200.0
1786590604.812867,9133.8,793.9,7411.8,17339.5,2300.0
1786590604.912768,9137.4,794.2,7311.7,17243.4,2200.0
1786590605.012537,9137.4,793.9,7411.8,17343.2,2300.0
1786590605.112597,9137.4,794.2,7311.7,17243.4,2200.0
1786590605.212650,9137.4,793.9,7411.8,17343.2,2300.0
1786590605.312608,9137.4,794.2,7411.8,17343.5,2300.0
1786590605.412776,9137.4,793.9,7411.8,17343.2,2300.0
1786590605.512620,9534.7,793.9,7512.0,17840.6,2300.0
1786590605.612690,9137.4,793.9,7411.8,17343.2,2300.0
1786590605.712474,9534.7,793.9,7512.0,17840.6,2300.0
1786590605.812742,9137.4,794.2,7311.7,17243.4,2200.0
1786590605.912741,9137.4,793.9,7512.0,17443.4,2400.0
1786590606.012720,9137.4,794.2,7311.7,17243.4,2200.0
1786590606.112482,9137.4,794.2,7512.0,17443.7,2300.0
1786590606.212760,9137.4,794.2,7311.7,17243.4,2200.0
1786590606.312819,9137.4,794.2,7411.8,17343.5,2300.0
1786590606.412858,9137.4,794.2,7311.7,17243.4,2200.0
1786590606.512436,9137.4,793.9,7411.8,17343.2,2300.0
1786590606.612728,8740.2,794.2,7311.7,16846.1,2200.0
1786590606.712731,9133.8,793.9,7411.8,17339.5,2300.0
1786590606.812763,9137.4,1191.4,7311.7,17640.5,2200.0
1786590606.912602,9137.4,1190.9,7411.8,17740.2,2300.0
1786590607.012778,9137.4,1587.8,7512.0,18237.3,2300.0
1786590607.112784,9133.8,1587.8,7512.0,18233.6,2400.0
1786590607.213000,9530.9,1587.8,7612.2,18730.9,2400.0
1786590607.312754,9133.8,1587.8,7512.0,18233.6,2300.0
1786590607.412456,9534.7,1587.8,7612.2,18734.7,2400.0
1786590607.512668,9137.4,1191.4,7411.8,17740.6,2300.0
1786590607.612432,9534.7,1191.4,7512.0,18238.1,2400.0
1786590607.712681,9137.4,1191.4,7411.8,17740.6,2300.0
1786590607.812407,9137.4,794.2,7512.0,17443.7,2400.0
1786590607.912697,9137.4,794.2,7311.7,17243.4,2200.0
1786590608.012465,9137.4,794.2,7512.0,17443.7,2300.0
1786590608.112782,9137.4,794.2,7311.7,17243.4,2200.0
1786590608.212495,9137.4,794.2,7411.8,17343.5,2300.0
1786590608.312811,8740.2,794.2,7311.7,16846.1,2200.0
1786590608.412500,9137.4,794.2,7411.8,17343.5,2300.0
1786590608.512777,9137.4,794.2,7311.7,17243.4,2200.0
1786590608.612701,9137.4,1190.9,7411.8,17740.2,2300.0
1786590608.712780,9137.4,1191.4,7411.8,17740.6,2300.0
1786590608.812838,9133.8,1190.9,7512.0,17836.6,2300.0
1786590608.912614,9137.4,1191.4,7512.0,17840.8,2300.0
1786590609.012563,9137.4,1190.9,7411.8,17740.2,2300.0
1786590609.112494,9534.7,793.9,7512.0,17840.6,2400.0
1786590609.212630,9137.4,793.9,7411.8,17343.2,2300.0
1786590609.312498,9534.7,793.9,7512.0,17840.6,2400.0
1786590609.412702,9137.4,794.2,7411.8,17343.5,2300.0
1786590609.512564,9137.4,793.9,7512.0,17443.4,2400.0
1786590609.612716,9137.4,794.2,7311.7,17243.4,2200.0
1786590609.712473,9137.4,793.9,7512.0,17443.4,2300.0
1786590609.812712,9137.4,794.2,7311.7,17243.4,2200.0
1786590609.912470,9137.4,794.2,7411.8,17343.5,2300.0
1786590610.012717,9137.4,794.2,7311.7,17243.4,2200.0
1786590610.112531,9137.4,794.2,7411.8,17343.5,2300.0
1786590610.212742,8740.2,794.2,7311.7,16846.1,2200.0
1786590610.312732,9137.4,794.2,7411.8,17343.5,2300.0
1786590610.412690,9137.4,794.2,7311.7,17243.4,2200.0
1786590610.512625,9137.4,794.2,7411.8,17343.5,2300.0
1786590610.612711,9137.4,794.2,7411.8,17343.5,2300.0
1786590610.712692,9137.4,794.2,7411.8,17343.5,2300.0
1786590610.812563,9137.4,793.9,7512.0,17443.4,2300.0
1786590610.912698,9137.4,794.2,7411.8,17343.5,2300.0
1786590611.012695,9137.4,793.9,7512.0,17443.4,2400.0
1786590611.112647,9137.4,794.2,7411.8,17343.5,2300.0
1786590611.212463,9137.4,793.9,7512.0,17443.4,2300.0
1786590611.312707,9137.4,794.2,7311.7,17243.4,2200.0
1786590611.412465,9137.4,794.2,7512.0,17443.7,2300.0
1786590611.512606,9137.4,794.2,7311.7,17243.4,2200.0
1786590611.612474,9137.4,793.9,7512.0,17443.4,2300.0
1786590611.712735,9137.4,794.2,7311.7,17243.4,2200.0
1786590611.812508,9133.8,793.9,7411.8,17339.5,2300.0
1786590611.912740,8740.2,794.2,7311.7,16846.1,2200.0
1786590612.012473,9133.8,793.9,7411.8,17339.5,2300.0
1786590612.112712,9137.4,794.2,7311.7,17243.4,2200.0
1786590612.212603,9133.8,793.9,7411.8,17339.5,2300.0
1786590612.312852,9137.4,794.2,7411.8,17343.5,2300.0
1786590612.412596,9133.8,793.9,7411.8,17339.5,2300.0
1786590612.512540,9137.4,793.9,7411.8,17343.2,2300.0
1786590612.612684,9137.4,793.9,7411.8,17343.2,2300.0
1786590612.712470,9534.7,793.9,7512.0,17840.6,2400.0
1786590612.812703,9137.4,794.2,7411.8,17343.5,2300.0
1786590612.912474,9137.4,794.2,7512.0,17443.7,2400.0
1786590613.012726,9137.4,794.2,7311.7,17243.4,2200.0
1786590613.112462,9137.4,794.2,7512.0,17443.7,2300.0
1786590613.212693,9137.4,794.2,7311.7,17243.4,2200.0
1786590613.312457,9137.4,794.2,7411.8,17343.5,2300.0
1786590613.412714,9137.4,794.2,7311.7,17243.4,2200.0
1786590613.512654,9137.4,793.9,7411.8,17343.2,2300.0
1786590613.612747,9137.4,794.2,7311.7,17243.4,2200.0
1786590613.712476,9133.8,793.9,7411.8,17339.5,2300.0
1786590613.812737,8740.2,794.2,7311.7,16846.1,2200.0
1786590613.912616,9133.8,793.9,7411.8,17339.5,2300.0
1786590614.012772,9137.4,794.2,7311.7,17243.4,2200.0
1786590614.112712,9133.8,1190.9,7411.8,17736.5,2300.0
1786590614.212749,9133.8,1190.9,7512.0,17836.6,2300.0
1786590614.312914,9133.8,1190.9,7411.8,17736.5,2300.0
1786590614.412612,9530.9,1190.9,7512.0,18233.8,2400.0
1786590614.512644,9133.8,1190.9,7411.8,17736.5,2300.0
1786590614.612414,9530.9,793.9,7512.0,17836.8,2400.0
1786590614.712814,9133.8,793.9,7411.8,17339.5,2300.0
1786590614.812473,9133.8,793.9,7512.0,17439.7,2400.0
1786590614.912712,9137.4,793.9,7311.7,17243.0,2200.0
1786590615.012490,9133.8,793.9,7512.0,17439.7,2300.0
1786590615.112698,9137.4,794.2,7311.7,17243.4,2200.0
1786590615.212474,9137.4,793.9,7411.8,17343.2,2300.0
1786590615.312789,9137.4,794.2,7311.7,17243.4,2200.0
1786590615.412490,9133.8,793.9,7411.8,17339.5,2300.0
1786590615.512743,8740.2,794.2,7311.7,16846.1,2200.0
1786590615.612556,9137.4,793.9,7411.8,17343.2,2300.0
1786590615.712684,9137.4,794.2,7311.7,17243.4,2200.0
1786590615.812619,9137.4,794.2,7411.8,17343.5,2300.0
1786590615.912729,9137.4,794.2,7411.8,17343.5,2300.0
1786590616.012625,9137.4,794.2,7411.8,17343.5,2300.0
1786590616.112567,9137.4,794.2,7512.0,17443.7,2300.0
1786590616.212619,9137.4,794.2,7411.8,17343.5,2300.0
1786590616.312462,9137.4,794.2,7512.0,17443.7,2400.0
1786590616.412743,9137.4,794.2,7311.7,17243.4,2300.0
1786590616.512459,9137.4,793.9,7512.0,17443.4,2300.0
1786590616.612729,9137.4,794.2,7311.7,17243.4,2200.0
1786590616.712464,9133.8,793.9,7512.0,17439.7,2300.0
1786590616.812763,9137.4,794.2,7311.7,17243.4,2200.0
1786590616.912464,9133.8,793.9,7411.8,17339.5,2300.0
1786590617.012702,9137.4,794.2,7311.7,17243.4,2200.0
1786590617.112542,9133.8,793.9,7411.8,17339.5,2300.0
1786590617.212736,8740.2,794.2,7311.7,16846.1,2200.0
1786590617.312649,9133.8,793.9,7411.8,17339.5,2300.0
1786590617.412661,9137.4,794.2,7311.7,17243.4,2200.0
1786590617.512598,9137.4,793.9,7411.8,17343.2,2300.0
1786590617.612707,9137.4,794.2,7411.8,17343.5,2300.0
1786590617.712739,9137.4,794.2,7311.7,17243.4,2300.0
1786590617.812652,9534.7,793.9,7512.0,17840.6,2300.0
1786590617.912662,9137.4,794.2,7311.7,17243.4,2300.0
1786590618.012459,9133.8,793.9,7411.8,17339.5,2400.0
1786590618.112691,9137.4,794.2,7311.7,17243.4,2200.0
1786590618.212456,9133.8,793.9,7411.8,17339.5,2300.0
1786590618.312713,9137.4,793.9,7311.7,17243.0,2200.0
1786590618.412597,9133.8,793.9,7411.8,17339.5,2300.0
1786590618.512692,9137.4,794.2,7311.7,17243.4,2200.0
1786590618.612447,9133.8,793.9,7411.8,17339.5,2300.0
1786590618.712718,9137.4,794.2,7211.5,17143.2,2200.0
1786590618.812651,9133.8,793.9,7411.8,17339.5,2300.0
1786590618.912768,8740.2,794.2,7211.5,16745.9,2200.0
1786590619.012530,9133.8,793.9,7411.8,17339.5,2300.0
1786590619.112613,9137.4,794.2,7311.7,17243.4,2200.0
1786590619.212614,9133.8,793.9,7311.7,17239.4,2300.0
1786590619.312599,9137.4,793.9,7311.7,17243.0,2300.0
1786590619.412612,9133.8,793.9,7311.7,17239.4,2300.0
1786590619.512814,9530.9,793.9,7512.0,17836.8,2300.0
1786590619.612806,9133.8,1190.9,7411.8,17736.5,2300.0
1786590619.712733,9530.9,1190.9,7512.0,18233.8,2400.0
1786590619.812769,9133.8,1190.9,7411.8,17736.5,2300.0
1786590619.912443,9133.8,1190.9,7512.0,17836.6,2400.0
1786590620.012675,9137.4,1191.4,7411.8,17740.6,2300.0
1786590620.112458,9133.8,793.9,7512.0,17439.7,2400.0
1786590620.212706,9137.4,794.2,7311.7,17243.4,2200.0
1786590620.312453,9133.8,793.9,7512.0,17439.7,2300.0
1786590620.412732,9137.4,794.2,7311.7,17243.4,2200.0
1786590620.512562,9133.8,793.9,7411.8,17339.5,2300.0
1786590620.612692,8740.2,794.2,7311.7,16846.1,2200.0
1786590620.712486,9133.8,793.9,7411.8,17339.5,2300.0
1786590620.812645,9137.4,794.2,7311.7,17243.4,2200.0
1786590620.912617,9137.4,794.2,7411.8,17343.5,2300.0
1786590621.012603,9137.4,794.2,7411.8,17343.5,2300.0
1786590621.112610,9137.4,794.2,7411.8,17343.5,2300.0
1786590621.212525,9534.7,794.2,7512.0,17841.0,2300.0
1786590621.312691,9137.4,794.2,7411.8,17343.5,2300.0
1786590621.412565,9137.4,794.2,7512.0,17443.7,2400.0
1786590621.512733,9137.4,794.2,7411.8,17343.5,2200.0
1786590621.612453,9137.4,793.9,7512.0,17443.4,2300.0
1786590621.712739,9137.4,794.2,7311.7,17243.4,2200.0
1786590621.812514,9133.8,793.9,7512.0,17439.7,2300.0
1786590621.912723,9137.4,794.2,7311.7,17243.4,2200.0
1786590622.012684,9133.8,793.9,7512.0,17439.7,2300.0
1786590622.112682,9137.4,794.2,7311.7,17243.4,2200.0
1786590622.212460,9133.8,793.9,7411.8,17339.5,2300.0
1786590622.312771,8740.2,794.2,7311.7,16846.1,2200.0
1786590622.412687,9133.8,793.9,7411.8,17339.5,2300.0
1786590622.512653,9137.4,794.2,7311.7,17243.4,2200.0
1786590622.612611,9133.8,793.9,7411.8,17339.5,2300.0
1786590622.712602,9133.8,793.9,7411.8,17339.5,2300.0
1786590622.812691,9133.8,793.9,7411.8,17339.5,2300.0
1786590622.912515,9530.9,793.9,7512.0,17836.8,2400.0
1786590623.012695,9133.8,793.9,7411.8,17339.5,2300.0
1786590623.112539,9530.9,793.9,7512.0,17836.8,2400.0
1786590623.212754,9133.8,793.9,7311.7,17239.4,2200.0
1786590623.312447,9530.9,793.9,7512.0,17836.8,2300.0
1786590623.412714,9133.8,793.9,7311.7,17239.4,2200.0
1786590623.512653,9133.8,793.9,7512.0,17439.7,2300.0
1786590623.612704,9133.8,793.9,7311.7,17239.4,2200.0
1786590623.712478,9133.8,793.9,7411.8,17339.5,2300.0
1786590623.812702,9137.4,793.9,7311.7,17243.0,2200.0
1786590623.912458,9133.8,793.9,7411.8,17339.5,2300.0
1786590624.012782,9137.4,794.2,7311.7,17243.4,2200.0
1786590624.112596,9133.8,793.9,7411.8,17339.5,2300.0
1786590624.212748,9137.4,793.9,7311.7,17243.0,2200.0
1786590624.312598,9133.8,793.9,7411.8,17339.5,2300.0
1786590624.412663,9133.8,793.9,7411.8,17339.5,2300.0
1786590624.512456,9133.8,793.9,7411.8,17339.5,2300.0
1786590624.612465,9530.9,793.9,7512.0,17836.8,2400.0
1786590624.712503,9133.8,793.9,7311.7,17239.4,2300.0
1786590624.812456,9530.9,793.9,7512.0,17836.8,2300.0
1786590624.912725,9133.8,793.9,7311.7,17239.4,2300.0
1786590625.012751,9530.9,1190.9,7512.0,18233.8,2400.0
1786590625.112721,9133.8,1190.9,7411.8,17736.5,2300.0
1786590625.212790,9530.9,1190.9,7512.0,18233.8,2400.0
1786590625.312744,9133.8,1190.9,7411.8,17736.5,2300.0
1786590625.412896,7945.6,1588.5,7011.2,16545.3,2000.0
1786590625.512780,7151.0,1588.5,6710.7,15450.2,1800.0
1786590625.612760,6753.8,1588.5,6410.2,14752.5,1602.6
1786590625.712881,6356.5,1985.6,6209.9,14552.0,1502.4
1786590625.812834,5959.2,1985.6,6009.6,13954.4,1402.2
1786590625.914743,5561.9,1985.6,5909.4,13457.0,1402.2
1786590626.012760,5164.6,1985.6,5809.3,12959.5,1302.1
1786590626.112735,5164.6,1588.5,5709.1,12462.2,1201.9
1786590626.212439,4767.4,1588.5,5609.0,11964.8,1201.9
1786590626.312466,4767.4,1588.5,5508.8,11864.6,1101.8
1786590626.412779,4767.4,1588.5,5508.8,11864.6,1101.8
1786590626.512736,4370.1,1588.5,5408.6,11367.2,1101.8
1786590626.612785,4370.1,1588.5,5408.6,11367.2,1101.8
1786590626.712463,4370.1,1191.4,5308.5,10869.9,1101.8
1786590626.812454,4370.1,1191.4,5308.5,10869.9,1101.8
1786590626.912501,4370.1,1190.9,5308.5,10869.4,1001.6
1786590627.012489,4370.1,1191.4,5208.3,10769.8,901.4
1786590627.112538,3972.8,1191.4,5008.0,10172.2,801.3
1786590627.212466,3972.8,793.9,4907.8,9674.6,701.1
1786590627.312458,3972.8,793.9,4807.7,9574.4,601.0
1786590627.412568,3972.8,793.9,4707.5,9474.2,500.8
1786590627.512591,3972.8,793.9,4607.4,9374.1,500.8
1786590627.612480,3972.8,793.9,4607.4,9374.1,500.8
1786590627.712454,3972.8,793.9,4507.2,9273.9,500.8
1786590627.812440,3971.2,793.9,4507.2,9272.3,400.6
1786590627.912463,3972.8,793.9,4507.2,9273.9,400.6
1786590628.012454,3971.2,397.0,4507.2,8875.4,400.6
1786590628.112551,3971.2,397.0,4407.0,8775.2,400.6
1786590628.212484,3971.2,397.0,4407.0,8775.2,400.6
1786590628.312482,3971.2,397.0,4407.0,8775.2,400.6
1786590628.412743,3971.2,397.0,4407.0,8775.2,400.6
1786590628.512464,3971.2,397.0,4407.0,8775.2,400.0
1786590628.612472,3971.2,397.0,4407.0,8775.2,400.0
1786590628.712692,3971.2,793.9,4407.0,9172.2,400.6
1786590628.812491,3575.5,793.9,4407.0,8776.5,400.6
1786590628.912446,3972.8,397.0,4407.0,8776.8,400.6
1786590629.012439,3972.8,397.0,4407.0,8776.8,400.0
1786590629.112598,3575.5,397.0,4407.0,8379.5,400.6
1786590629.212478,3575.5,397.0,4407.0,8379.5,400.6
1786590629.312383,3575.5,397.0,4407.0,8379.5,400.6
1786590629.412474,3575.5,397.0,4407.0,8379.5,400.6
1786590629.512554,3575.5,397.0,4407.0,8379.5,400.6
1786590629.612576,3971.2,397.0,4407.0,8775.2,400.6
1786590629.712464,3574.1,397.0,4407.0,8378.1,400.6
1786590629.812452,3574.1,397.0,4407.0,8378.1,400.6
1786590629.912455,3971.2,397.0,4407.0,8775.2,400.6
1786590630.012460,3971.2,397.0,4407.0,8775.2,400.6
1786590630.112498,3971.2,397.0,4407.0,8775.2,400.6
1786590630.212528,3971.2,397.0,4407.0,8775.2,400.6
1786590630.312509,3574.1,397.0,4407.0,8378.1,400.6
1786590630.412767,3574.1,397.0,4407.0,8378.1,400.6
1786590630.512762,3971.2,793.9,4507.2,9272.3,500.8
1786590630.612717,3971.2,793.9,4507.2,9272.3,500.8
1786590630.712719,3971.2,1190.9,4607.4,9769.4,601.0
1786590630.812769,3972.8,1190.9,4707.5,9871.2,601.0
1786590630.912472,3972.8,1190.9,4607.4,9771.0,601.0
1786590631.012444,3972.8,793.9,4607.4,9374.1,500.8
1786590631.112477,3972.8,793.9,4507.2,9273.9,500.8
1786590631.212480,3972.8,793.9,4507.2,9273.9,500.8
1786590631.312451,3574.1,793.9,4507.2,8875.2,400.6
1786590631.412503,3972.8,793.9,4507.2,9273.9,400.6
1786590631.512640,3971.2,793.9,4407.0,9172.2,400.6
1786590631.612444,3971.2,793.9,4407.0,9172.2,400.6
1786590631.712423,3971.2,397.0,4407.0,8775.2,400.6
1786590631.812545,3574.1,397.0,4407.0,8378.1,400.6
1786590631.912426,3971.2,397.0,4407.0,8775.2,400.6
1786590632.012462,3971.2,397.0,4407.0,8775.2,400.6
1786590632.112523,3971.2,397.0,4407.0,8775.2,400.6
1786590632.212451,3574.1,397.0,4407.0,8378.1,400.6
1786590632.312505,3971.2,397.0,4407.0,8775.2,400.6
1786590632.412621,3971.2,397.0,4407.0,8775.2,400.6
1786590632.512441,3574.1,397.0,4407.0,8378.1,400.6
1786590632.612419,3972.8,397.0,4407.0,8776.8,400.6
1786590632.712469,3971.2,397.0,4407.0,8775.2,400.6
1786590632.812451,3972.8,397.0,4407.0,8776.8,400.6
1786590632.912439,3575.5,397.0,4407.0,8379.5,400.6
1786590633.012688,3575.5,397.0,4407.0,8379.5,400.6
1786590633.112493,3574.1,397.0,4407.0,8378.1,400.6
1786590633.212457,3575.5,397.0,4407.0,8379.5,400.6
1786590633.312441,3972.8,397.0,4407.0,8776.8,400.6
1786590633.412487,3972.8,397.0,4407.0,8776.8,400.6
1786590633.512639,3972.8,397.0,4407.0,8776.8,400.6
1786590633.612447,3574.1,397.0,4407.0,8378.1,400.6
1786590633.712444,3574.1,397.0,4407.0,8378.1,400.6
1786590633.812498,3574.1,397.0,4407.0,8378.1,400.6
1786590633.912461,3575.5,397.0,4407.0,8379.5,400.6
1786590634.012455,3575.5,397.0,4407.0,8379.5,400.6
1786590634.112511,3972.8,397.0,4407.0,8776.8,400.6
1786590634.212476,3575.5,397.0,4407.0,8379.5,400.6
1786590634.312453,3972.8,397.0,4407.0,8776.8,400.6
1786590634.412723,3574.1,397.0,4407.0,8378.1,400.6
1786590634.512422,3574.1,397.0,4407.0,8378.1,400.6
1786590634.612458,3574.1,397.0,4407.0,8378.1,400.6
1786590634.712466,3971.2,397.0,4407.0,8775.2,400.6
1786590634.812459,3574.1,397.0,4407.0,8378.1,400.6
1786590634.912453,3574.1,397.0,4407.0,8378.1,400.6
1786590635.012464,3574.1,397.0,4407.0,8378.1,400.6
1786590635.112509,3575.5,397.0,4407.0,8379.5,400.6
1786590635.212776,3972.8,397.0,4407.0,8776.8,400.6
1786590635.312489,3575.5,397.1,4407.0,8379.7,400.6
1786590635.412522,3575.5,397.1,4407.0,8379.7,400.6
1786590635.512642,3972.8,397.1,4407.0,8777.0,400.6
1786590635.612446,3972.8,397.1,4407.0,8777.0,400.6
1786590635.712442,3972.8,397.1,4407.0,8777.0,400.6
1786590635.812437,3575.5,397.1,4407.0,8379.7,400.6
1786590635.912493,3575.5,397.1,4407.0,8379.7,400.6
1786590636.012748,3972.8,794.2,4507.2,9274.2,500.8
1786590636.112780,3972.8,794.2,4607.4,9374.4,500.8
1786590636.212929,3972.8,1191.4,4607.4,9771.5,601.0
1786590636.312761,3972.8,1191.4,4707.5,9871.7,601.0
1786590636.412731,3972.8,1191.4,4607.4,9771.5,601.0
1786590636.512495,3972.8,794.2,4607.4,9374.4,500.8
1786590636.612475,3972.8,794.2,4507.2,9274.2,500.8
1786590636.712425,3972.8,794.2,4507.2,9274.2,500.8
1786590636.812471,3972.8,793.9,4507.2,9273.9,500.8
1786590636.912457,3972.8,793.9,4507.2,9273.9,400.6
1786590637.012463,3972.8,793.9,4407.0,9173.8,400.6
1786590637.112490,3972.8,793.9,4407.0,9173.8,400.6
1786590637.212486,3575.5,397.0,4407.0,8379.5,400.6
1786590637.312453,3972.8,397.0,4407.0,8776.8,400.6
1786590637.412534,3972.8,397.0,4407.0,8776.8,400.6
1786590637.512726,3972.8,793.9,4407.0,9173.8,400.6
1786590637.612450,3972.8,794.2,4407.0,9174.1,400.6
1786590637.712450,3972.8,397.0,4407.0,8776.8,400.6
1786590637.812454,3575.5,397.0,4407.0,8379.5,400.6
1786590637.912469,3575.5,397.0,4407.0,8379.5,400.6
1786590638.012496,3575.5,397.0,4407.0,8379.5,400.6
1786590638.112497,3972.8,397.0,4407.0,8776.8,400.6
1786590638.212499,3972.8,397.0,4407.0,8776.8,400.6
1786590638.312479,3575.5,397.0,4407.0,8379.5,400.6
1786590638.412780,3575.5,397.0,4407.0,8379.5,400.6
1786590638.512459,3575.5,397.0,4407.0,8379.5,400.6
1786590638.612449,3575.5,397.0,4407.0,8379.5,400.6
1786590638.712456,3972.8,397.0,4407.0,8776.8,400.6
1786590638.812461,3575.5,397.0,4407.0,8379.5,400.6
1786590638.912516,3972.8,397.0,4407.0,8776.8,400.6
1786590639.012465,3575.5,397.0,4407.0,8379.5,400.6
1786590639.112465,3575.5,397.0,4407.0,8379.5,400.6
1786590639.212446,3972.8,397.0,4407.0,8776.8,400.6
1786590639.312404,3972.8,397.0,4407.0,8776.8,400.6
1786590639.412476,3972.8,397.0,4407.0,8776.8,400.6
1786590639.512536,3972.8,397.0,4407.0,8776.8,400.6
1786590639.612404,3575.5,397.0,4407.0,8379.5,400.6
1786590639.712684,3972.8,793.9,4407.0,9173.8,400.6
1786590639.812434,3575.5,397.0,4407.0,8379.5,400.6
1786590639.912460,3575.5,397.0,4407.0,8379.5,400.6
1786590640.012412,3575.5,397.0,4407.0,8379.5,400.6
1786590640.112543,3972.8,793.9,4407.0,9173.8,400.6
1786590640.212491,3575.5,793.9,4407.0,8776.5,400.6
1786590640.312470,3972.8,397.0,4407.0,8776.8,400.6
1786590640.412638,3972.8,397.0,4407.0,8776.8,400.6
1786590640.512470,3972.8,397.0,4407.0,8776.8,400.6
1786590640.612451,3972.8,397.0,4407.0,8776.8,400.6
1786590640.712453,3574.1,397.0,4407.0,8378.1,400.6
1786590640.812465,3574.1,397.0,4407.0,8378.1,400.6
1786590640.912494,3574.1,397.0,4407.0,8378.1,400.6
1786590641.012452,3575.5,397.0,4407.0,8379.5,400.6
1786590641.112469,3972.8,397.0,4407.0,8776.8,400.6
1786590641.212452,3575.5,397.0,4407.0,8379.5,400.6
1786590641.312542,3971.2,397.0,4407.0,8775.2,400.6
1786590641.412508,3574.1,397.0,4407.0,8378.1,400.6
1786590641.512764,3971.2,793.9,4407.0,9172.2,500.8
1786590641.612726,3971.2,793.9,4507.2,9272.3,500.8
1786590641.712865,3971.2,1190.9,4607.4,9769.4,601.0
1786590641.812774,3971.2,1190.9,4607.4,9769.4,601.0
1786590641.912485,3972.8,1190.9,4607.4,9771.0,601.0
1786590642.012447,3972.8,793.9,4507.2,9273.9,500.8
1786590642.112598,3972.8,793.9,4507.2,9273.9,500.8
1786590642.212485,3972.8,793.9,4507.2,9273.9,500.8
1786590642.312488,3575.5,794.2,4507.2,8877.0,400.6
1786590642.412776,3972.8,794.2,4507.2,9274.2,400.6
1786590642.512615,3575.5,794.2,4507.2,8877.0,400.6
1786590642.612470,3575.5,794.2,4407.0,8776.8,400.6
1786590642.712470,3575.5,794.2,4407.0,8776.8,400.0
1786590642.812507,3575.5,397.1,4407.0,8379.7,400.6
1786590642.912471,3575.5,397.1,4407.0,8379.7,400.6
1786590643.012491,3575.5,397.0,4407.0,8379.5,400.6
1786590643.112484,3972.8,397.0,4407.0,8776.8,400.6
1786590643.212480,3972.8,397.0,4407.0,8776.8,400.6
1786590643.312470,3575.5,397.0,4407.0,8379.5,400.6
1786590643.412535,3575.5,397.0,4407.0,8379.5,400.6
1786590643.512611,3972.8,397.0,4407.0,8776.8,400.6
1786590643.612530,3972.8,397.0,4407.0,8776.8,400.6
1786590643.712432,3575.5,397.0,4407.0,8379.5,400.6
1786590643.812455,3972.8,397.0,4407.0,8776.8,400.6
1786590643.912427,3972.8,397.0,4407.0,8776.8,400.6
1786590644.012720,3575.5,397.0,4407.0,8379.5,400.6
1786590644.112582,3972.8,397.0,4407.0,8776.8,400.6
1786590644.212424,3972.8,397.0,4407.0,8776.8,400.6
1786590644.312433,3972.8,397.0,4407.0,8776.8,400.0
1786590644.412709,3972.8,397.0,4407.0,8776.8,400.6
1786590644.512457,3575.5,397.0,4407.0,8379.5,400.6
1786590644.612511,3575.5,397.0,4407.0,8379.5,400.6
1786590644.712451,3575.5,397.0,4407.0,8379.5,400.6
1786590644.812462,3972.8,397.0,4407.0,8776.8,400.6
1786590644.912422,3575.5,397.0,4407.0,8379.5,400.6
1786590645.012785,3971.2,793.9,4407.0,9172.2,500.8
1786590645.112720,3971.2,793.9,4407.0,9172.2,500.8
1786590645.212543,3971.2,793.9,4407.0,9172.2,400.6
1786590645.312467,3574.1,793.9,4407.0,8775.0,400.6
1786590645.412508,3574.1,793.9,4407.0,8775.0,400.6
1786590645.512656,3972.8,397.0,4407.0,8776.8,400.6
1786590645.612562,3972.8,397.0,4407.0,8776.8,400.0
1786590645.712469,3972.8,397.0,4407.0,8776.8,400.6
1786590645.812475,3972.8,397.0,4407.0,8776.8,400.6
1786590645.912466,3972.8,397.0,4407.0,8776.8,400.0
1786590646.012902,3972.8,397.0,4407.0,8776.8,400.6
1786590646.112739,3575.5,793.9,4407.0,8776.5,400.6
1786590646.212795,3971.2,793.9,4407.0,9172.2,400.6
1786590646.312432,3575.5,793.9,4407.0,8776.5,400.6
1786590646.412665,3574.1,793.9,4407.0,8775.0,400.6
1786590646.512459,3575.5,397.0,4407.0,8379.5,400.6
1786590646.612489,3575.5,397.0,4407.0,8379.5,400.6
1786590646.712463,3574.1,397.0,4407.0,8378.1,400.6
1786590646.812467,3575.5,397.0,4407.0,8379.5,400.6
1786590646.912464,3575.5,397.0,4407.0,8379.5,400.6
1786590647.012693,3971.2,793.9,4507.2,9272.3,500.8
1786590647.112777,3972.8,793.9,4507.2,9273.9,500.8
1786590647.212813,3972.8,1190.9,4607.4,9771.0,601.0
1786590647.312841,3972.8,1190.9,4607.4,9771.0,601.0
1786590647.412752,3972.8,1190.9,4607.4,9771.0,601.0
1786590647.512604,3972.8,793.9,4607.4,9374.1,500.8
1786590647.612484,3972.8,793.9,4507.2,9273.9,500.8
1786590647.712511,3972.8,793.9,4507.2,9273.9,500.8
1786590647.812507,3972.8,793.9,4507.2,9273.9,400.6
1786590647.912428,3575.5,793.9,4407.0,8776.5,400.6
1786590648.012434,3575.5,794.2,4407.0,8776.8,400.6
1786590648.112407,3575.5,794.2,4407.0,8776.8,400.6
1786590648.212461,3972.8,397.1,4407.0,8777.0,400.6
1786590648.312465,3972.8,397.1,4407.0,8777.0,400.6
1786590648.412608,3972.8,397.1,4407.0,8777.0,400.6
1786590648.512695,3972.8,794.2,4407.0,9174.1,400.6
1786590648.612471,3972.8,397.1,4407.0,8777.0,400.6
1786590648.712457,3972.8,397.1,4407.0,8777.0,400.6
1786590648.812446,3972.8,397.1,4407.0,8777.0,400.6
1786590648.912457,3575.5,397.1,4407.0,8379.7,400.6
1786590649.012474,3575.5,397.1,4407.0,8379.7,400.6
1786590649.112453,3575.5,397.1,4407.0,8379.7,400.6
1786590649.212811,3972.8,794.2,4407.0,9174.1,400.6
1786590649.312718,3972.8,793.9,4507.2,9273.9,500.8
1786590649.412462,3972.8,793.9,4507.2,9273.9,500.8
1786590649.512969,3972.8,1190.9,4607.4,9771.0,601.0
1786590649.612616,3972.8,1191.4,4607.4,9771.5,601.0
1786590649.712470,3972.8,794.2,4607.4,9374.4,500.8
1786590649.812411,3972.8,794.2,4507.2,9274.2,500.8
1786590649.912428,3575.5,794.2,4507.2,8877.0,500.8
1786590650.012466,3575.5,794.2,4507.2,8877.0,400.6
1786590650.112480,3972.8,794.2,4407.0,9174.1,400.6
1786590650.212476,3575.5,794.2,4407.0,8776.8,400.6
1786590650.312495,3575.5,793.9,4407.0,8776.5,400.6
1786590650.412639,3575.5,397.0,4407.0,8379.5,400.6
1786590650.512475,3575.5,397.0,4407.0,8379.5,400.6
1786590650.612468,3575.5,397.0,4407.0,8379.5,400.6
1786590650.712775,3972.8,793.9,4407.0,9173.8,400.6
1786590650.812486,3575.5,397.0,4407.0,8379.5,400.6
1786590650.912400,3575.5,397.0,4407.0,8379.5,400.6
1786590651.012443,3972.8,397.0,4407.0,8776.8,400.6
1786590651.112456,3972.8,397.0,4407.0,8776.8,400.6
1786590651.212460,3972.8,397.0,4407.0,8776.8,400.6
1786590651.312461,3575.5,397.0,4407.0,8379.5,400.6
1786590651.412467,3575.5,397.0,4407.0,8379.5,400.6
1786590651.512540,3575.5,397.0,4407.0,8379.5,400.6
1786590651.612460,3972.8,397.0,4407.0,8776.8,400.6
1786590651.712475,3575.5,397.0,4407.0,8379.5,400.6
1786590651.812449,3574.1,397.0,4407.0,8378.1,400.6
1786590651.912450,3574.1,397.0,4407.0,8378.1,400.6
1786590652.012448,3575.5,397.0,4407.0,8379.5,400.0
1786590652.112443,3574.1,397.0,4407.0,8378.1,400.6
1786590652.212454,3971.2,397.0,4407.0,8775.2,400.6
1786590652.312475,3574.1,397.0,4407.0,8378.1,400.6
1786590652.412564,3972.8,397.0,4407.0,8776.8,400.6
1786590652.512737,3971.2,793.9,4507.2,9272.3,500.8
1786590652.612782,3971.2,1190.9,4607.4,9769.4,601.0
1786590652.713268,3971.2,1587.8,4707.5,10266.6,601.0
1786590652.812907,3971.2,1587.8,4807.7,10366.7,701.1
1786590652.912715,3972.8,1587.8,4707.5,10268.2,601.0
1786590653.012479,3972.8,1190.9,4607.4,9771.0,601.0
1786590653.112436,3972.8,1190.9,4607.4,9771.0,500.8
1786590653.212533,3972.8,793.9,4507.2,9273.9,500.8
1786590653.312410,3972.8,793.9,4507.2,9273.9,500.8
1786590653.412437,3972.8,793.9,4507.2,9273.9,400.6
1786590653.512535,3972.8,793.9,4507.2,9273.9,400.6
1786590653.612531,3972.8,793.9,4407.0,9173.8,400.6
1786590653.712471,3972.8,793.9,4407.0,9173.8,400.6
1786590653.812532,3575.5,793.9,4407.0,8776.5,400.6
1786590653.912455,3972.8,793.9,4407.0,9173.8,400.6
1786590654.012435,3575.5,397.0,4407.0,8379.5,400.6
1786590654.112435,3575.5,397.0,4407.0,8379.5,400.6
1786590654.212543,3575.5,397.0,4407.0,8379.5,400.6
1786590654.312515,3575.5,397.0,4407.0,8379.5,400.6
1786590654.412636,3575.5,397.0,4407.0,8379.5,400.6
1786590654.512433,3971.2,397.0,4407.0,8775.2,400.6
1786590654.612530,3971.2,397.0,4407.0,8775.2,400.6
1786590654.712449,3574.1,397.0,4407.0,8378.1,400.6
1786590654.812475,3971.2,397.0,4407.0,8775.2,400.6
1786590654.912430,3575.5,397.0,4407.0,8379.5,400.0
1786590655.012706,3972.8,397.0,4407.0,8776.8,400.6
1786590655.112399,3575.5,397.0,4407.0,8379.5,400.6
1786590655.212449,3575.5,397.0,4407.0,8379.5,400.6
1786590655.312430,3575.5,397.0,4407.0,8379.5,400.6
1786590655.412451,3575.5,397.1,4407.0,8379.7,400.6
1786590655.512633,3575.5,397.1,4407.0,8379.7,400.6
1786590655.612485,3972.8,397.1,4407.0,8777.0,400.6
1786590655.712498,3575.5,397.1,4407.0,8379.7,400.6
1786590655.812567,3972.8,397.0,4407.0,8776.8,400.6
1786590655.912416,3575.5,397.0,4407.0,8379.5,400.6
1786590656.012401,3575.5,397.0,4407.0,8379.5,400.6
1786590656.112826,3972.8,793.9,4407.0,9173.8,400.6
1786590656.212446,3575.5,793.9,4407.0,8776.5,400.6
1786590656.312439,3972.8,397.0,4407.0,8776.8,400.6
1786590656.412639,3575.5,397.0,4407.0,8379.5,400.6
1786590656.512504,3972.8,397.0,4407.0,8776.8,400.6
1786590656.612531,3575.5,397.0,4407.0,8379.5,400.6
1786590656.712516,3575.5,397.0,4407.0,8379.5,400.6
1786590656.812492,3575.5,397.0,4407.0,8379.5,400.6
1786590656.912413,3575.5,397.0,4407.0,8379.5,400.6
1786590657.012427,3972.8,397.0,4407.0,8776.8,400.6
1786590657.112458,3972.8,397.0,4407.0,8776.8,400.6
1786590657.212765,3972.8,793.9,4407.0,9173.8,400.6
1786590657.312443,3972.8,397.0,4407.0,8776.8,400.0
1786590657.412434,3972.8,397.0,4407.0,8776.8,400.0
1786590657.512578,3575.5,397.0,4407.0,8379.5,400.6
1786590657.612522,3575.5,397.0,4407.0,8379.5,400.0
1786590657.712453,3972.8,397.0,4407.0,8776.8,400.0
1786590657.812531,3972.8,397.0,4407.0,8776.8,400.0
1786590657.912471,3575.5,397.0,4407.0,8379.5,400.6
1786590658.012695,3972.8,793.9,4407.0,9173.8,500.8
1786590658.112653,3972.8,793.9,4507.2,9273.9,500.8
1786590658.212807,3972.8,1190.9,4607.4,9771.0,601.0
1786590658.312697,3972.8,1190.9,4607.4,9771.0,601.0
1786590658.412426,3972.8,793.9,4607.4,9374.1,500.8
1786590658.512547,3972.8,793.9,4507.2,9273.9,500.8
1786590658.612451,3972.8,793.9,4507.2,9273.9,500.8
1786590658.712435,3972.8,793.9,4507.2,9273.9,500.8
1786590658.812555,3575.5,793.9,4507.2,8876.6,400.6
1786590658.912485,3972.8,793.9,4407.0,9173.8,400.6
1786590659.012444,3575.5,793.9,4407.0,8776.5,400.6
1786590659.112391,3972.8,793.9,4407.0,9173.8,400.6
1786590659.212408,3575.5,397.0,4407.0,8379.5,400.6
1786590659.312396,3575.5,397.0,4407.0,8379.5,400.6
1786590659.412462,3574.1,397.0,4407.0,8378.1,400.6
1786590659.512717,3972.8,793.9,4407.0,9173.8,400.6
1786590659.612492,3575.5,397.0,4407.0,8379.5,400.6
1786590659.712430,3575.5,397.0,4407.0,8379.5,400.6
1786590659.812490,3575.5,397.0,4407.0,8379.5,400.6
1786590659.912557,3575.5,397.0,4407.0,8379.5,400.6
1786590660.012602,3971.2,397.0,4407.0,8775.2,400.6
1786590660.112497,3574.1,397.0,4407.0,8378.1,400.6
1786590660.212497,3574.1,397.0,4407.0,8378.1,400.6
1786590660.312483,3971.2,397.0,4407.0,8775.2,400.6
1786590660.412533,3574.1,397.0,4407.0,8378.1,400.6
1786590660.512611,3574.1,397.0,4407.0,8378.1,400.6
1786590660.612503,3574.1,397.0,4407.0,8378.1,400.6
1786590660.712447,3971.2,397.0,4407.0,8775.2,400.0
1786590660.812453,3971.2,397.0,4407.0,8775.2,400.6
1786590660.912478,3971.2,397.0,4407.0,8775.2,400.6
1786590661.012485,3574.1,397.0,4407.0,8378.1,400.6
1786590661.112467,3574.1,397.0,4407.0,8378.1,400.6
1786590661.212466,3971.2,397.0,4407.0,8775.2,400.6
1786590661.312481,3574.1,397.0,4407.0,8378.1,400.6
1786590661.412464,3574.1,397.0,4407.0,8378.1,400.6
1786590661.512555,3574.1,397.0,4407.0,8378.1,400.6
1786590661.612495,3575.5,397.0,4407.0,8379.5,400.6
1786590661.712801,3971.2,793.9,4407.0,9172.2,400.6
1786590661.812447,3972.8,397.0,4407.0,8776.8,400.6
1786590661.912646,3972.8,397.0,4407.0,8776.8,400.6
1786590662.012486,3575.5,397.0,4407.0,8379.5,400.6
1786590662.112467,3575.5,397.0,4407.0,8379.5,400.6
1786590662.212457,3575.5,397.0,4407.0,8379.5,400.6
1786590662.312622,3972.8,397.0,4407.0,8776.8,400.6
1786590662.412476,3972.8,397.0,4407.0,8776.8,400.6
1786590662.512537,3575.5,397.0,4407.0,8379.5,400.6
1786590662.612473,3972.8,397.0,4407.0,8776.8,400.6
1786590662.712461,3575.5,397.0,4407.0,8379.5,400.6
1786590662.812463,3575.5,397.0,4407.0,8379.5,400.6
1786590662.912489,3575.5,397.0,4407.0,8379.5,400.6
1786590663.012508,3972.8,397.0,4407.0,8776.8,400.6
1786590663.112450,3575.5,397.0,4407.0,8379.5,400.6
1786590663.212466,3575.5,397.0,4407.0,8379.5,400.6
1786590663.312463,3575.5,397.0,4407.0,8379.5,400.6
1786590663.412529,3575.5,397.0,4407.0,8379.5,400.6
1786590663.512779,3972.8,793.9,4407.0,9173.8,500.8
1786590663.612635,3972.8,793.9,4507.2,9273.9,500.8
1786590663.712739,3972.8,1190.9,4607.4,9771.0,601.0
1786590663.812775,3972.8,1190.9,4607.4,9771.0,601.0
1786590663.912609,3972.8,1190.9,4607.4,9771.0,601.0
1786590664.012501,3972.8,794.2,4507.2,9274.2,500.8
1786590664.112416,3972.8,794.2,4507.2,9274.2,500.8
1786590664.212455,3972.8,794.2,4507.2,9274.2,500.8
1786590664.312423,3972.8,794.2,4507.2,9274.2,400.6
1786590664.412433,3575.5,794.2,4407.0,8776.8,400.6
1786590664.512582,3575.5,794.2,4407.0,8776.8,400.6
1786590664.612500,3575.5,794.2,4407.0,8776.8,400.6
1786590664.712469,3575.5,794.2,4407.0,8776.8,400.6
1786590664.812472,3575.5,397.1,4407.0,8379.7,400.6
1786590664.912499,3575.5,397.1,4407.0,8379.7,400.6
1786590665.012523,3575.5,397.1,4407.0,8379.7,400.6
1786590665.112941,3972.8,793.9,4507.2,9273.9,500.8
1786590665.212607,3575.5,794.2,4407.0,8776.8,500.8
1786590665.312416,3575.5,794.2,4407.0,8776.8,400.6
1786590665.412425,3575.5,794.2,4407.0,8776.8,400.6
1786590665.512510,3972.8,794.2,4407.0,9174.1,400.6
1786590665.612515,3575.5,397.1,4407.0,8379.7,400.6
1786590665.712475,3575.5,397.1,4407.0,8379.7,400.6
1786590665.812524,3575.5,397.1,4407.0,8379.7,400.6
1786590665.912467,3575.5,397.1,4407.0,8379.7,400.6
1786590666.012709,3575.5,793.9,4407.0,8776.5,400.6
1786590666.112801,3971.2,793.9,4407.0,9172.2,400.6
1786590666.212699,3972.8,793.9,4407.0,9173.8,400.6
1786590666.312478,3574.1,793.9,4407.0,8775.0,400.6
1786590666.412473,3574.1,397.0,4407.0,8378.1,400.6
1786590666.512635,3971.2,397.0,4407.0,8775.2,400.6
1786590666.612472,3574.1,397.0,4407.0,8378.1,400.0
1786590666.712412,3575.5,397.0,4407.0,8379.5,400.6
1786590666.812399,3575.5,397.0,4407.0,8379.5,400.6
1786590666.912459,3575.5,397.0,4407.0,8379.5,400.6
1786590667.012457,3574.1,397.0,4407.0,8378.1,400.6
1786590667.112474,3972.8,397.0,4407.0,8776.8,400.6
1786590667.212451,3575.5,397.0,4407.0,8379.5,400.6
1786590667.312440,3575.5,397.0,4407.0,8379.5,400.6
1786590667.412464,3575.5,397.0,4407.0,8379.5,400.6
1786590667.512540,3575.5,397.0,4407.0,8379.5,400.6
1786590667.612484,3972.8,397.0,4407.0,8776.8,400.6
1786590667.712496,3575.5,397.0,4407.0,8379.5,400.6
1786590667.812474,3575.5,397.0,4407.0,8379.5,400.6
1786590667.912512,3575.5,397.0,4407.0,8379.5,400.6
1786590668.012469,3575.5,397.0,4407.0,8379.5,400.6
1786590668.112509,3574.1,397.0,4407.0,8378.1,400.6
1786590668.212795,3971.2,793.9,4407.0,9172.2,400.6
1786590668.312481,3972.8,397.0,4407.0,8776.8,400.6
1786590668.412406,3972.8,397.0,4407.0,8776.8,400.6
1786590668.512563,3972.8,397.0,4407.0,8776.8,400.6
1786590668.612443,3972.8,397.0,4407.0,8776.8,400.6
1786590668.712451,3972.8,397.0,4407.0,8776.8,400.6
1786590668.812414,3575.5,397.0,4407.0,8379.5,400.6
1786590668.912479,3575.5,397.0,4407.0,8379.5,400.6
1786590669.012686,3972.8,793.9,4407.0,9173.8,500.8
1786590669.112623,3972.8,793.9,4507.2,9273.9,500.8
1786590669.212703,3972.8,1190.9,4607.4,9771.0,601.0
1786590669.312710,3972.8,1190.9,4607.4,9771.0,601.0
1786590669.412453,3972.8,1191.4,4607.4,9771.5,500.8
1786590669.512651,3972.8,794.2,4507.2,9274.2,500.8
1786590669.612500,3972.8,794.2,4507.2,9274.2,500.8
1786590669.712473,3972.8,794.2,4507.2,9274.2,500.8
1786590669.812450,3575.5,794.2,4507.2,8877.0,400.6
1786590669.912474,3575.5,794.2,4407.0,8776.8,400.6
1786590670.012459,3575.5,794.2,4407.0,8776.8,400.6
1786590670.112475,3575.5,794.2,4407.0,8776.8,400.6
1786590670.212458,3575.5,397.1,4407.0,8379.7,400.6
1786590670.312444,3972.8,397.0,4407.0,8776.8,400.6
1786590670.412441,3575.5,397.0,4407.0,8379.5,400.0
1786590670.512771,3972.8,793.9,4407.0,9173.8,400.6
1786590670.612483,3971.2,793.9,4407.0,9172.2,400.6
1786590670.712456,3574.1,397.0,4407.0,8378.1,400.6
1786590670.812450,3971.2,397.0,4407.0,8775.2,400.6
1786590670.912460,3971.2,397.0,4407.0,8775.2,400.6
1786590671.012437,3574.1,397.0,4407.0,8378.1,400.6
1786590671.112447,3574.1,397.0,4407.0,8378.1,400.0
1786590671.212485,3574.1,397.0,4407.0,8378.1,400.0
1786590671.312449,3574.1,397.0,4407.0,8378.1,400.0
1786590671.412462,3574.1,397.0,4407.0,8378.1,400.6
1786590671.512538,3574.1,397.0,4407.0,8378.1,400.6
1786590671.612472,3971.2,397.0,4407.0,8775.2,400.0
1786590671.712454,3574.1,397.0,4407.0,8378.1,400.0
1786590671.812460,3574.1,397.0,4407.0,8378.1,400.6
1786590671.912466,3574.1,397.0,4407.0,8378.1,400.6
1786590672.012443,3574.1,397.0,4407.0,8378.1,400.6
1786590672.112654,3971.2,397.0,4407.0,8775.2,400.6
1786590672.212493,3971.2,397.0,4407.0,8775.2,400.6
1786590672.312583,3971.2,397.0,4407.0,8775.2,400.6
1786590672.412453,3574.1,397.0,4407.0,8378.1,400.6
1786590672.512560,3971.2,397.0,4407.0,8775.2,400.6
1786590672.612512,3971.2,397.0,4407.0,8775.2,400.0
1786590672.712730,3971.2,793.9,4407.0,9172.2,400.6
1786590672.812501,3971.2,397.0,4407.0,8775.2,400.6
1786590672.912510,3574.1,397.0,4407.0,8378.1,400.6
1786590673.012453,3574.1,397.0,4407.0,8378.1,400.6
1786590673.112442,3574.1,397.0,4407.0,8378.1,400.6
1786590673.212479,3574.1,397.0,4407.0,8378.1,400.6
1786590673.312454,3574.1,397.0,4407.0,8378.1,400.6
1786590673.412453,3574.1,397.0,4407.0,8378.1,400.0
1786590673.512526,3971.2,397.0,4407.0,8775.2,400.0
1786590673.612461,3574.1,397.0,4407.0,8378.1,400.0
1786590673.712482,3971.2,397.0,4407.0,8775.2,400.0
1786590673.812463,3574.1,397.0,4407.0,8378.1,400.6
1786590673.912464,3574.1,397.0,4407.0,8378.1,400.6
1786590674.012433,3574.1,397.0,4407.0,8378.1,400.6
1786590674.112462,3574.1,397.0,4407.0,8378.1,400.6
1786590674.212502,3574.1,397.0,4407.0,8378.1,400.0
1786590674.312426,3574.1,397.0,4407.0,8378.1,400.6
1786590674.412531,3971.2,397.0,4407.0,8775.2,400.6
1786590674.512768,3971.2,793.9,4407.0,9172.2,500.8
1786590674.612613,3971.2,793.9,4507.2,9272.3,500.8
1786590674.712817,3971.2,1190.9,4607.4,9769.4,601.0
1786590674.812808,3971.2,1190.9,4607.4,9769.4,601.0
1786590674.912521,3972.8,1190.9,4607.4,9771.0,601.0
1786590675.012473,3972.8,793.9,4507.2,9273.9,500.8
1786590675.112468,3972.8,793.9,4507.2,9273.9,500.8
1786590675.212474,3972.8,793.9,4507.2,9273.9,500.0
1786590675.312482,3972.8,793.9,4507.2,9273.9,400.0
1786590675.412472,3972.8,793.9,4407.0,9173.8,400.0
1786590675.512597,3972.8,793.9,4407.0,9173.8,400.0
1786590675.612487,3972.8,397.0,4407.0,8776.8,400.6
1786590675.712463,3972.8,397.0,4407.0,8776.8,400.6
1786590675.812494,3972.8,397.0,4407.0,8776.8,400.6
1786590675.912459,3972.8,397.0,4407.0,8776.8,400.6
1786590676.012495,3972.8,397.0,4407.0,8776.8,400.6
1786590676.112480,3575.5,397.0,4407.0,8379.5,400.6
1786590676.212708,3972.8,793.9,4407.0,9173.8,400.6
1786590676.312483,3575.5,397.0,4407.0,8379.5,400.6
1786590676.412441,3575.5,397.1,4407.0,8379.7,400.6
1786590676.512575,3575.5,397.1,4407.0,8379.7,400.0
1786590676.612488,3575.5,397.1,4407.0,8379.7,400.6
1786590676.712425,3972.8,397.1,4407.0,8777.0,400.6
1786590676.812429,3575.5,397.1,4407.0,8379.7,400.6
1786590676.912410,3972.8,397.1,4407.0,8777.0,400.6
1786590677.012654,3972.8,397.1,4407.0,8777.0,400.6
1786590677.112445,3575.5,397.1,4407.0,8379.7,400.6
1786590677.212461,3575.5,397.1,4407.0,8379.7,400.6
1786590677.312459,3575.5,397.1,4407.0,8379.7,400.6
1786590677.412461,3575.5,397.0,4407.0,8379.5,400.6
1786590677.512565,3575.5,397.0,4407.0,8379.5,400.6
1786590677.612493,3972.8,397.1,4407.0,8777.0,400.6
1786590677.712452,3972.8,397.1,4407.0,8777.0,400.6
1786590677.812489,3575.5,397.1,4407.0,8379.7,400.6
1786590677.912461,3972.8,397.0,4407.0,8776.8,400.6
1786590678.012449,3575.5,397.0,4407.0,8379.5,400.0
1786590678.112447,3575.5,397.0,4407.0,8379.5,400.0
1786590678.212441,3575.5,397.0,4407.0,8379.5,400.6
1786590678.312444,3575.5,397.0,4407.0,8379.5,400.0
1786590678.412434,3575.5,397.0,4407.0,8379.5,400.6
1786590678.512566,3575.5,397.0,4407.0,8379.5,400.6
1786590678.612454,3972.8,397.0,4407.0,8776.8,400.6
1786590678.712452,3972.8,397.0,4407.0,8776.8,400.6
1786590678.812545,3972.8,397.0,4407.0,8776.8,400.0
1786590678.912456,3575.5,397.0,4407.0,8379.5,400.6
1786590679.012449,3575.5,397.0,4407.0,8379.5,400.6
1786590679.112421,3575.5,397.0,4407.0,8379.5,400.0
1786590679.212680,3972.8,397.0,4407.0,8776.8,400.0
1786590679.312415,3972.8,397.0,4407.0,8776.8,400.6
1786590679.412440,3575.5,397.0,4407.0,8379.5,400.6
1786590679.512531,3972.8,397.0,4407.0,8776.8,400.6
1786590679.612482,3575.5,397.0,4407.0,8379.5,400.6
1786590679.712453,3971.2,397.0,4407.0,8775.2,400.0
1786590679.812536,3971.2,397.0,4407.0,8775.2,400.6
1786590679.912472,3574.1,397.0,4407.0,8378.1,400.0
1786590680.012766,3971.2,793.9,4407.0,9172.2,400.6
1786590680.112660,3971.2,793.9,4507.2,9272.3,500.8
1786590680.213119,3971.2,1190.9,4607.4,9769.4,601.0
1786590680.312707,3971.2,1190.9,4607.4,9769.4,601.0
1786590680.412492,3971.2,793.9,4607.4,9372.5,500.8
1786590680.512688,3971.2,793.9,4507.2,9272.3,500.8
1786590680.612453,3971.2,793.9,4507.2,9272.3,500.8
1786590680.712450,3971.2,793.9,4507.2,9272.3,400.6
1786590680.812465,3971.2,793.9,4507.2,9272.3,400.6
1786590680.912423,3574.1,793.9,4407.0,8775.0,400.0
1786590681.012465,3971.2,793.9,4407.0,9172.2,400.0
1786590681.112409,3574.1,793.9,4407.0,8775.0,400.6
1786590681.212423,3972.8,397.0,4407.0,8776.8,400.6
1786590681.312456,3575.5,397.0,4407.0,8379.5,400.0
1786590681.412471,3575.5,397.0,4407.0,8379.5,400.0
1786590681.512741,3972.8,793.9,4407.0,9173.8,400.6
1786590681.612542,3972.8,793.9,4407.0,9173.8,400.0
1786590681.712462,3575.5,397.0,4407.0,8379.5,400.0
1786590681.812477,3972.8,397.0,4407.0,8776.8,400.6
1786590681.912464,3575.5,397.0,4407.0,8379.5,400.6
1786590682.012449,3575.5,397.0,4407.0,8379.5,400.0
1786590682.112539,3972.8,397.0,4407.0,8776.8,400.6
1786590682.212475,3575.5,397.0,4407.0,8379.5,400.6
1786590682.312461,3575.5,397.0,4407.0,8379.5,400.0
1786590682.412463,3575.5,397.0,4407.0,8379.5,400.0
1786590682.512586,3575.5,397.0,4407.0,8379.5,400.0
1786590682.612792,3575.5,397.0,4407.0,8379.5,400.6
1786590682.712495,3575.5,397.0,4407.0,8379.5,400.6
1786590682.812441,3575.5,397.0,4407.0,8379.5,400.6
1786590682.912478,3575.5,397.0,4407.0,8379.5,400.6
1786590683.012409,3575.5,397.0,4407.0,8379.5,400.6
1786590683.112441,3575.5,397.0,4407.0,8379.5,400.0
1786590683.212442,3575.5,397.0,4407.0,8379.5,400.0
1786590683.312441,3575.5,397.0,4407.0,8379.5,400.0
1786590683.412520,3575.5,397.0,4407.0,8379.5,400.6
1786590683.512550,3972.8,397.0,4407.0,8776.8,400.6
1786590683.612480,3972.8,397.0,4407.0,8776.8,400.0
1786590683.712787,3972.8,793.9,4407.0,9173.8,400.6
1786590683.812579,3972.8,397.0,4407.0,8776.8,400.6
1786590683.912547,3575.5,397.0,4407.0,8379.5,400.6
1786590684.012483,3575.5,397.0,4407.0,8379.5,400.6
1786590684.112493,3575.5,397.0,4407.0,8379.5,400.6
1786590684.212464,3575.5,397.0,4407.0,8379.5,400.0
1786590684.312466,3972.8,397.1,4407.0,8777.0,400.6
1786590684.412449,3575.5,397.1,4407.0,8379.7,400.6
1786590684.512638,3972.8,397.1,4407.0,8777.0,400.6
1786590684.612518,3575.5,397.1,4407.0,8379.7,400.6
1786590684.712486,3972.8,397.1,4407.0,8777.0,400.0
1786590684.812462,3972.8,397.1,4407.0,8777.0,400.6
1786590684.912517,3575.5,397.1,4407.0,8379.7,400.6
1786590685.012399,3575.5,397.1,4407.0,8379.7,400.0
1786590685.112392,3575.5,397.1,4407.0,8379.7,400.6
1786590685.212744,3972.8,793.9,4407.0,9173.8,500.8
1786590685.312427,3575.5,794.2,4407.0,8776.8,400.6
1786590685.412409,3575.5,794.2,4407.0,8776.8,400.6
1786590685.512799,3972.8,793.9,4507.2,9273.9,500.8
1786590685.612634,3972.8,794.2,4507.2,9274.2,500.8
1786590685.712769,3972.8,1191.4,4607.4,9771.5,601.0
1786590685.812758,3972.8,1191.4,4707.5,9871.7,601.0
1786590685.912521,3972.8,1191.4,4607.4,9771.5,601.0
