epoch_s,gpu_soc_mw,cpu_cv_mw,sys_5v0_mw,total_mw,vddq_mw
1786590716.118679,3972.8,794.2,4407.0,9174.1,400.6
1786590716.218703,3575.5,397.1,4407.0,8379.7,400.0
1786590716.319009,3972.8,794.2,4407.0,9174.1,400.6
1786590716.418963,3575.5,794.2,4407.0,8776.8,400.6
1786590716.518674,3972.8,794.2,4407.0,9174.1,400.6
1786590716.618839,3575.5,794.2,4407.0,8776.8,400.6
1786590716.719007,3972.8,794.2,4407.0,9174.1,400.6
1786590716.818708,3575.5,794.2,4407.0,8776.8,400.6
1786590716.918671,3575.5,397.1,4407.0,8379.7,400.6
1786590717.018653,3575.5,397.1,4407.0,8379.7,400.0
1786590717.118829,3575.5,397.1,4407.0,8379.7,400.0
1786590717.218688,3575.5,397.1,4407.0,8379.7,400.0
1786590717.318860,3972.8,397.1,4407.0,8777.0,400.6
1786590717.418689,3972.8,397.1,4407.0,8777.0,400.6
1786590717.518881,3575.5,397.1,4407.0,8379.7,400.6
1786590717.618683,3575.5,397.1,4407.0,8379.7,400.6
1786590717.718682,3575.5,397.1,4407.0,8379.7,400.0
1786590717.818677,3575.5,397.1,4407.0,8379.7,400.6
1786590717.918666,3575.5,397.1,4407.0,8379.7,400.6
1786590718.018667,3972.8,397.1,4407.0,8777.0,400.0
1786590718.118756,3972.8,397.1,4407.0,8777.0,400.6
1786590718.218693,3575.5,397.1,4407.0,8379.7,400.6
1786590718.318815,3575.5,397.1,4407.0,8379.7,400.6
1786590718.418688,3575.5,397.1,4407.0,8379.7,400.6
1786590718.519011,3972.8,793.9,4407.0,9173.8,500.8
1786590718.618963,3972.8,793.9,4507.2,9273.9,500.8
1786590718.719038,3972.8,1191.4,4607.4,9771.5,601.0
1786590718.818933,3972.8,1191.4,4607.4,9771.5,601.0
1786590718.918641,3972.8,1191.4,4607.4,9771.5,601.0
1786590719.018636,3972.8,794.2,4507.2,9274.2,500.8
1786590719.118682,3972.8,794.2,4507.2,9274.2,500.8
1786590719.218652,3972.8,794.2,4507.2,9274.2,500.8
1786590719.318707,3575.5,794.2,4507.2,8877.0,400.0
1786590719.418751,3972.8,794.2,4407.0,9174.1,400.0
1786590719.518803,3972.8,794.2,4407.0,9174.1,400.6
1786590719.618686,3575.5,794.2,4407.0,8776.8,400.0
1786590719.718683,3575.5,397.1,4407.0,8379.7,400.6
1786590719.818690,3575.5,397.1,4407.0,8379.7,400.6
1786590719.918679,3575.5,397.1,4407.0,8379.7,400.6
1786590720.018712,3972.8,397.1,4407.0,8777.0,400.6
1786590720.118706,3972.8,397.1,4407.0,8777.0,400.6
1786590720.218730,3575.5,397.1,4407.0,8379.7,400.6
1786590720.318675,3575.5,397.1,4407.0,8379.7,400.6
1786590720.418829,3972.8,397.1,4407.0,8777.0,400.6
1786590720.518671,3575.5,397.1,4407.0,8379.7,400.6
1786590720.618794,3575.5,397.1,4407.0,8379.7,400.0
1786590720.718749,3575.5,397.0,4407.0,8379.5,400.6
1786590720.818710,3575.5,397.0,4407.0,8379.5,400.6
1786590720.918653,3972.8,397.0,4407.0,8776.8,400.0
1786590721.018931,3575.5,397.0,4407.0,8379.5,400.6
1786590721.118702,3575.5,397.0,4407.0,8379.5,400.6
1786590721.218633,3575.5,397.0,4407.0,8379.5,400.6
1786590721.318633,3972.8,397.0,4407.0,8776.8,400.6
1786590721.418719,3575.5,397.0,4407.0,8379.5,400.6
1786590721.518803,3575.5,397.0,4407.0,8379.5,400.6
1786590721.618656,3575.5,397.0,4407.0,8379.5,400.6
1786590721.718704,3575.5,397.0,4407.0,8379.5,400.6
1786590721.818679,3575.5,397.0,4407.0,8379.5,400.6
1786590721.918652,3575.5,397.0,4407.0,8379.5,400.6
1786590722.018715,3575.5,397.0,4407.0,8379.5,400.0
1786590722.118705,3575.5,397.0,4407.0,8379.5,400.0
1786590722.218673,3575.5,397.0,4407.0,8379.5,400.6
1786590722.318684,3972.8,397.0,4407.0,8776.8,400.0
1786590722.418694,3972.8,397.0,4407.0,8776.8,400.0
1786590722.518663,3575.5,397.0,4407.0,8379.5,400.6
1786590722.618826,3575.5,397.0,4407.0,8379.5,400.6
1786590722.718716,3575.5,397.0,4407.0,8379.5,400.6
1786590722.818680,3575.5,397.1,4407.0,8379.7,400.6
1786590722.918669,3575.5,397.1,4407.0,8379.7,400.6
1786590723.018697,3972.8,397.1,4407.0,8777.0,400.0
1786590723.118699,3575.5,397.1,4407.0,8379.7,400.6
1786590723.218841,3972.8,397.1,4407.0,8777.0,400.6
1786590723.318703,3972.8,397.1,4407.0,8777.0,400.0
1786590723.418684,3575.5,397.1,4407.0,8379.7,400.0
1786590723.518808,3972.8,397.1,4407.0,8777.0,400.6
1786590723.618685,3575.5,397.1,4407.0,8379.7,400.0
1786590723.718682,3575.5,397.1,4407.0,8379.7,400.6
1786590723.818677,3575.5,397.1,4407.0,8379.7,400.0
1786590723.918677,3575.5,397.1,4407.0,8379.7,400.6
1786590724.018992,3972.8,794.2,4407.0,9174.1,500.8
1786590724.118907,3972.8,794.2,4507.2,9274.2,500.8
1786590724.219328,3972.8,1191.4,4607.4,9771.5,601.0
1786590724.318991,3972.8,1191.4,4607.4,9771.5,601.0
1786590724.418679,3972.8,794.2,4607.4,9374.4,601.0
1786590724.518655,3972.8,794.2,4507.2,9274.2,500.8
1786590724.618795,3972.8,794.2,4507.2,9274.2,500.0
1786590724.718641,3575.5,794.2,4507.2,8877.0,500.8
1786590724.818722,3972.8,794.2,4507.2,9274.2,400.0
1786590724.918683,3575.5,794.2,4407.0,8776.8,400.0
1786590725.018857,3972.8,794.2,4407.0,9174.1,400.6
1786590725.118716,3575.5,794.2,4407.0,8776.8,400.6
1786590725.218647,3575.5,397.1,4407.0,8379.7,400.6
1786590725.318912,3972.8,794.2,4407.0,9174.1,400.6
1786590725.418999,3972.8,794.2,4507.2,9274.2,500.8
1786590725.519079,3972.8,794.2,4507.2,9274.2,500.0
1786590725.618683,3972.8,794.2,4507.2,9274.2,500.0
1786590725.718730,3575.5,794.2,4407.0,8776.8,400.0
1786590725.818658,3575.5,794.2,4407.0,8776.8,400.6
1786590725.918636,3575.5,794.2,4407.0,8776.8,400.0
1786590726.018622,3575.5,397.1,4407.0,8379.7,400.0
1786590726.118694,3575.5,397.1,4407.0,8379.7,400.6
1786590726.218710,3575.5,397.1,4407.0,8379.7,400.6
1786590726.318800,3575.5,397.1,4407.0,8379.7,400.6
1786590726.418981,3972.8,794.2,4407.0,9174.1,400.6
1786590726.518643,3575.5,794.2,4407.0,8776.8,400.6
1786590726.618798,3575.5,794.2,4407.0,8776.8,400.0
1786590726.718644,3575.5,397.1,4407.0,8379.7,400.6
1786590726.818660,3575.5,397.1,4407.0,8379.7,400.0
1786590726.918677,3575.5,397.1,4407.0,8379.7,400.6
1786590727.018694,3575.5,397.1,4407.0,8379.7,400.0
1786590727.118743,3575.5,397.1,4407.0,8379.7,400.6
1786590727.218675,3575.5,397.1,4407.0,8379.7,400.0
1786590727.318682,3575.5,397.1,4407.0,8379.7,400.6
1786590727.418721,3575.5,397.1,4407.0,8379.7,400.6
1786590727.518822,3575.5,397.1,4407.0,8379.7,400.6
1786590727.618705,3575.5,397.1,4407.0,8379.7,400.6
1786590727.718886,3972.8,794.2,4407.0,9174.1,400.6
1786590727.818659,3575.5,397.1,4407.0,8379.7,400.6
1786590727.918634,3575.5,397.1,4407.0,8379.7,400.6
1786590728.018629,3972.8,397.1,4407.0,8777.0,400.6
1786590728.118705,3972.8,397.1,4407.0,8777.0,400.6
1786590728.218676,3575.5,397.1,4407.0,8379.7,400.6
1786590728.318699,3575.5,397.1,4407.0,8379.7,400.6
1786590728.418770,3575.5,397.1,4407.0,8379.7,400.6
1786590728.518680,3575.5,397.1,4407.0,8379.7,400.6
1786590728.618815,3575.5,397.1,4407.0,8379.7,400.6
1786590728.718783,3575.5,397.1,4407.0,8379.7,400.6
1786590728.818753,3575.5,397.1,4407.0,8379.7,400.6
1786590728.918693,3575.5,397.1,4407.0,8379.7,400.6
1786590729.018691,3575.5,397.1,4407.0,8379.7,400.6
1786590729.118723,3575.5,397.1,4407.0,8379.7,400.6
1786590729.218883,3575.5,397.1,4407.0,8379.7,400.6
1786590729.318629,3575.5,397.1,4407.0,8379.7,400.6
1786590729.418650,3575.5,397.1,4407.0,8379.7,400.6
1786590729.518916,3972.8,794.2,4407.0,9174.1,500.8
1786590729.618865,3972.8,794.2,4507.2,9274.2,500.8
1786590729.719223,3972.8,1191.4,4607.4,9771.5,601.0
1786590729.818945,3972.8,1191.4,4607.4,9771.5,601.0
1786590729.918678,3972.8,1191.4,4607.4,9771.5,601.0
1786590730.018648,3972.8,794.2,4507.2,9274.2,500.8
1786590730.118735,3972.8,794.2,4507.2,9274.2,500.8
1786590730.218745,3575.5,794.2,4507.2,8877.0,500.0
1786590730.318703,3575.5,794.2,4507.2,8877.0,400.6
1786590730.418720,3575.5,794.2,4407.0,8776.8,400.6
1786590730.518753,3972.8,794.2,4407.0,9174.1,400.0
1786590730.618812,3575.5,794.2,4407.0,8776.8,400.6
1786590730.718681,3575.5,397.1,4407.0,8379.7,400.6
1786590730.818682,3575.5,397.1,4407.0,8379.7,400.6
1786590730.918705,3575.5,397.1,4407.0,8379.7,400.6
1786590731.018687,3575.5,397.1,4407.0,8379.7,400.6
1786590731.118708,3575.5,397.1,4407.0,8379.7,400.6
1786590731.218690,3575.5,397.1,4407.0,8379.7,400.6
1786590731.318684,3575.5,397.1,4407.0,8379.7,400.6
1786590731.418739,3575.5,397.1,4407.0,8379.7,400.6
1786590731.518792,3575.5,397.1,4407.0,8379.7,400.6
1786590731.618720,3972.8,397.1,4407.0,8777.0,400.0
1786590731.718687,3575.5,397.1,4407.0,8379.7,400.6
1786590731.818707,3575.5,397.1,4407.0,8379.7,400.6
1786590731.918688,3972.8,397.1,4407.0,8777.0,400.6
1786590732.018977,3575.5,397.1,4407.0,8379.7,400.6
1786590732.118946,3972.8,397.1,4407.0,8777.0,400.6
1786590732.218698,3972.8,397.1,4407.0,8777.0,400.6
1786590732.318805,3575.5,397.1,4407.0,8379.7,400.6
1786590732.418696,3575.5,397.1,4407.0,8379.7,400.6
1786590732.518665,3575.5,397.1,4407.0,8379.7,400.6
1786590732.618790,3575.5,397.1,4407.0,8379.7,400.6
1786590732.718685,3575.5,397.1,4407.0,8379.7,400.6
1786590732.818669,3575.5,397.1,4407.0,8379.7,400.6
1786590732.918678,3575.5,397.1,4407.0,8379.7,400.6
1786590733.018673,3575.5,397.1,4407.0,8379.7,400.6
1786590733.118705,3972.8,397.1,4407.0,8777.0,400.6
1786590733.218690,3575.5,397.1,4407.0,8379.7,400.6
1786590733.318682,3972.8,397.1,4407.0,8777.0,400.6
1786590733.418782,3575.5,397.1,4407.0,8379.7,400.6
1786590733.518829,3575.5,397.1,4407.0,8379.7,400.6
1786590733.618684,3575.5,397.1,4407.0,8379.7,400.6
1786590733.718688,3575.5,397.1,4407.0,8379.7,400.6
1786590733.818681,3575.5,397.1,4407.0,8379.7,400.6
1786590733.918689,3575.5,397.1,4407.0,8379.7,400.0
1786590734.018673,3575.5,397.1,4407.0,8379.7,400.6
1786590734.118709,3575.5,397.1,4407.0,8379.7,400.0
1786590734.218922,3575.5,397.1,4407.0,8379.7,400.6
1786590734.318750,3575.5,397.1,4407.0,8379.7,400.6
1786590734.418690,3575.5,397.1,4407.0,8379.7,400.0
1786590734.518710,3575.5,397.1,4407.0,8379.7,400.0
1786590734.618771,3575.5,397.1,4407.0,8379.7,400.0
1786590734.718638,3575.5,397.1,4407.0,8379.7,400.6
1786590734.818664,3575.5,397.1,4407.0,8379.7,400.6
1786590734.918671,3575.5,397.1,4407.0,8379.7,400.6
1786590735.018969,3972.8,794.2,4407.0,9174.1,500.8
1786590735.118948,3972.8,794.2,4507.2,9274.2,500.8
1786590735.219045,3972.8,1191.4,4607.4,9771.5,601.0
1786590735.318916,3972.8,1191.4,4607.4,9771.5,601.0
1786590735.418696,3974.4,794.2,4607.4,9376.0,601.0
1786590735.518931,3974.4,794.2,4507.2,9275.8,500.8
1786590735.618614,3577.0,794.2,4507.2,8878.4,500.8
1786590735.718625,3577.0,794.2,4507.2,8878.4,500.8
1786590735.818607,3577.0,794.2,4507.2,8878.4,400.6
1786590735.918682,3577.0,794.2,4407.0,8778.2,400.6
1786590736.018661,3577.0,794.2,4407.0,8778.2,400.6
1786590736.118662,3577.0,794.2,4407.0,8778.2,400.6
1786590736.218647,3577.0,397.1,4407.0,8381.1,400.6
1786590736.318687,3577.0,397.1,4407.0,8381.1,400.6
1786590736.419014,3972.8,794.2,4407.0,9174.1,400.6
1786590736.518977,3972.8,794.2,4507.2,9274.2,400.6
1786590736.618828,3575.5,794.2,4407.0,8776.8,400.6
1786590736.718648,3972.8,794.2,4407.0,9174.1,400.6
1786590736.818672,3972.8,794.2,4407.0,9174.1,400.6
1786590736.918700,3575.5,397.1,4407.0,8379.7,400.0
1786590737.018708,3575.5,397.1,4407.0,8379.7,400.6
1786590737.118716,3575.5,397.1,4407.0,8379.7,400.6
1786590737.218683,3575.5,397.1,4407.0,8379.7,400.6
1786590737.319309,3972.8,794.2,4407.0,9174.1,400.6
1786590737.419067,3972.8,1191.4,4607.4,9771.5,500.8
1786590737.518921,3974.4,1191.4,4507.2,9673.0,500.8
1786590737.618685,3974.4,794.2,4507.2,9275.8,500.8
1786590737.718641,3974.4,794.2,4507.2,9275.8,500.8
1786590737.818631,3974.4,794.2,4507.2,9275.8,400.6
1786590737.918644,3974.4,794.2,4407.0,9175.7,400.6
1786590738.018681,3577.0,794.2,4407.0,8778.2,400.6
1786590738.118663,3575.5,794.2,4407.0,8776.8,400.6
1786590738.218657,3575.5,794.2,4407.0,8776.8,400.6
1786590738.318689,3575.5,794.2,4407.0,8776.8,400.6
1786590738.418837,3575.5,397.1,4407.0,8379.7,400.6
1786590738.518691,3575.5,397.1,4407.0,8379.7,400.6
1786590738.618771,3575.5,397.1,4407.0,8379.7,400.6
1786590738.718874,3972.8,794.2,4407.0,9174.1,400.6
1786590738.818694,3972.8,794.2,4407.0,9174.1,400.0
1786590738.918701,3575.5,397.1,4407.0,8379.7,400.6
1786590739.018645,3575.5,397.1,4407.0,8379.7,400.0
1786590739.118728,3575.5,397.1,4407.0,8379.7,400.6
1786590739.218732,3575.5,397.1,4407.0,8379.7,400.6
1786590739.318692,3575.5,397.1,4407.0,8379.7,400.0
1786590739.418713,3575.5,397.1,4407.0,8379.7,400.6
1786590739.518907,3575.5,397.1,4407.0,8379.7,400.6
1786590739.618701,3575.5,397.1,4407.0,8379.7,400.6
1786590739.718695,3575.5,397.1,4407.0,8379.7,400.6
1786590739.818710,3575.5,397.1,4407.0,8379.7,400.0
1786590739.918702,3575.5,397.1,4407.0,8379.7,400.6
1786590740.018728,3575.5,397.1,4407.0,8379.7,400.6
1786590740.118683,3575.5,397.1,4407.0,8379.7,400.6
1786590740.218953,3972.8,794.2,4407.0,9174.1,400.6
1786590740.318898,3972.8,794.2,4507.2,9274.2,500.8
1786590740.418700,3972.8,794.2,4507.2,9274.2,500.8
1786590740.518958,3972.8,1191.4,4607.4,9771.5,601.0
1786590740.618935,3972.8,1588.5,4707.5,10268.8,701.1
1786590740.718990,3972.8,1588.5,4707.5,10268.8,701.1
1786590740.819046,3972.8,1588.5,4807.7,10369.0,701.1
1786590740.918784,3972.8,1191.4,4707.5,9871.7,601.0
1786590741.018675,3972.8,1191.4,4607.4,9771.5,601.0
1786590741.118653,3972.8,794.2,4607.4,9374.4,500.8
1786590741.218693,3972.8,794.2,4507.2,9274.2,500.8
1786590741.318695,3575.5,794.2,4507.2,8877.0,500.8
1786590741.418674,3575.5,794.2,4507.2,8877.0,400.6
1786590741.518891,3972.8,794.2,4407.0,9174.1,400.6
1786590741.618746,3575.5,794.2,4407.0,8776.8,400.6
1786590741.718686,3575.5,794.2,4407.0,8776.8,400.6
1786590741.818781,3972.8,794.2,4407.0,9174.1,400.6
1786590741.918783,3575.5,397.1,4407.0,8379.7,400.6
1786590742.018683,3575.5,397.1,4407.0,8379.7,400.6
1786590742.118663,3575.5,397.1,4407.0,8379.7,400.0
1786590742.218715,3575.5,397.1,4407.0,8379.7,400.6
1786590742.318684,3575.5,397.1,4407.0,8379.7,400.6
1786590742.418782,3575.5,397.1,4407.0,8379.7,400.6
1786590742.518707,3575.5,397.1,4407.0,8379.7,400.6
1786590742.618832,3575.5,397.1,4407.0,8379.7,400.6
1786590742.718707,3575.5,397.1,4407.0,8379.7,400.6
1786590742.818701,3575.5,397.1,4407.0,8379.7,400.6
1786590742.918735,3575.5,397.1,4407.0,8379.7,400.0
1786590743.018900,3575.5,397.1,4407.0,8379.7,400.6
1786590743.118644,3575.5,397.1,4407.0,8379.7,400.6
1786590743.218634,3575.5,397.1,4407.0,8379.7,400.6
1786590743.318641,3575.5,397.1,4407.0,8379.7,400.6
1786590743.418667,3575.5,397.1,4407.0,8379.7,400.0
1786590743.518975,3972.8,794.2,4407.0,9174.1,500.8
1786590743.618874,3972.8,794.2,4507.2,9274.2,500.8
1786590743.718914,3972.8,1191.4,4607.4,9771.5,601.0
1786590743.818960,3972.8,1191.4,4607.4,9771.5,601.0
1786590743.918802,3972.8,794.2,4607.4,9374.4,500.8
1786590744.018656,3972.8,794.2,4507.2,9274.2,500.8
1786590744.118622,3972.8,794.2,4507.2,9274.2,500.8
1786590744.218639,3575.5,794.2,4507.2,8877.0,400.6
1786590744.318650,3575.5,794.2,4407.0,8776.8,400.6
1786590744.418653,3575.5,794.2,4407.0,8776.8,400.6
1786590744.518695,3575.5,794.2,4407.0,8776.8,400.6
1786590744.618993,3972.8,794.2,4407.0,9174.1,400.6
1786590744.718707,3575.5,397.1,4407.0,8379.7,400.6
1786590744.818802,3575.5,397.1,4407.0,8379.7,400.6
1786590744.918718,3575.5,397.1,4407.0,8379.7,400.0
1786590745.018694,3575.5,397.1,4407.0,8379.7,400.6
1786590745.118734,3575.5,397.1,4407.0,8379.7,400.6
1786590745.218998,3972.8,794.2,4407.0,9174.1,400.6
1786590745.318654,3972.8,397.1,4407.0,8777.0,400.6
1786590745.418947,3972.8,794.2,4407.0,9174.1,400.6
1786590745.518989,3972.8,794.2,4507.2,9274.2,500.8
1786590745.618705,3575.5,794.2,4407.0,8776.8,400.6
1786590745.718704,3575.5,794.2,4407.0,8776.8,400.0
1786590745.818726,3972.8,794.2,4407.0,9174.1,400.6
1786590745.918655,3972.8,397.1,4407.0,8777.0,400.0
1786590746.019010,3972.8,794.2,4507.2,9274.2,500.8
1786590746.118956,3972.8,794.2,4507.2,9274.2,500.8
1786590746.219308,3972.8,1191.4,4607.4,9771.5,601.0
1786590746.318985,3972.8,1191.4,4607.4,9771.5,601.0
1786590746.418998,3972.8,1191.4,4607.4,9771.5,601.0
1786590746.518963,3972.8,1191.4,4607.4,9771.5,500.8
1786590746.618932,3972.8,794.2,4507.2,9274.2,500.8
1786590746.718661,3972.8,794.2,4507.2,9274.2,500.8
1786590746.818713,3972.8,794.2,4507.2,9274.2,500.8
1786590746.918652,3575.5,794.2,4507.2,8877.0,400.0
1786590747.018667,3575.5,794.2,4407.0,8776.8,400.0
1786590747.118675,3575.5,794.2,4407.0,8776.8,400.0
1786590747.218706,3575.5,397.1,4407.0,8379.7,400.6
1786590747.318707,3575.5,397.1,4407.0,8379.7,400.6
1786590747.418694,3575.5,397.1,4407.0,8379.7,400.6
1786590747.519015,3575.5,794.2,4407.0,8776.8,400.6
1786590747.618684,3575.5,397.1,4407.0,8379.7,400.6
1786590747.718644,3575.5,397.1,4407.0,8379.7,400.6
1786590747.818677,3575.5,397.1,4407.0,8379.7,400.6
1786590747.918639,3575.5,397.1,4407.0,8379.7,400.6
1786590748.018681,3575.5,397.1,4407.0,8379.7,400.0
1786590748.118662,3972.8,397.1,4407.0,8777.0,400.0
1786590748.218684,3575.5,397.1,4407.0,8379.7,400.6
1786590748.318681,3972.8,397.1,4407.0,8777.0,400.6
1786590748.418658,3575.5,397.1,4407.0,8379.7,400.6
1786590748.518653,3575.5,397.1,4407.0,8379.7,400.6
1786590748.618944,3575.5,397.1,4407.0,8379.7,400.6
1786590748.718631,3972.8,397.1,4407.0,8777.0,400.0
1786590748.818704,3575.5,397.1,4407.0,8379.7,400.6
1786590748.918636,3575.5,397.1,4407.0,8379.7,400.6
1786590749.018678,3575.5,397.1,4407.0,8379.7,400.6
1786590749.118675,3575.5,397.1,4407.0,8379.7,400.6
1786590749.218760,3575.5,397.1,4407.0,8379.7,400.6
1786590749.318695,3575.5,397.1,4407.0,8379.7,400.0
1786590749.418721,3575.5,397.1,4407.0,8379.7,400.6
1786590749.518806,3575.5,397.1,4407.0,8379.7,400.6
1786590749.618752,3575.5,397.1,4407.0,8379.7,400.6
1786590749.719024,3972.8,397.1,4407.0,8777.0,400.6
1786590749.818749,3575.5,397.1,4407.0,8379.7,400.6
1786590749.918636,3575.5,397.1,4407.0,8379.7,400.6
1786590750.018641,3575.5,397.1,4407.0,8379.7,400.6
1786590750.118664,3972.8,397.1,4407.0,8777.0,400.6
1786590750.218667,3575.5,397.1,4407.0,8379.7,400.6
1786590750.318698,3575.5,397.1,4407.0,8379.7,400.6
1786590750.418773,3972.8,397.1,4407.0,8777.0,400.6
1786590750.518697,3577.0,397.1,4407.0,8381.1,400.6
1786590750.618941,3974.4,397.1,4407.0,8778.6,400.6
1786590750.718743,3577.0,397.3,4407.0,8381.3,400.6
1786590750.818737,3577.0,397.3,4407.0,8381.3,400.6
1786590750.918666,3974.4,397.3,4407.0,8778.7,400.6
1786590751.018674,3974.4,397.1,4407.0,8778.6,400.6
1786590751.118663,3577.0,397.1,4407.0,8381.1,400.6
1786590751.218661,3577.0,397.1,4407.0,8381.1,400.6
1786590751.318748,3577.0,397.1,4407.0,8381.1,400.6
1786590751.418686,3577.0,397.1,4407.0,8381.1,400.6
1786590751.518933,3974.4,794.2,4407.0,9175.7,500.8
1786590751.618909,3974.4,794.2,4507.2,9275.8,500.8
1786590751.719192,3974.4,1191.4,4607.4,9773.1,601.0
1786590751.818882,3974.4,1191.4,4607.4,9773.1,601.0
1786590751.918676,3974.4,1191.4,4607.4,9773.1,601.0
1786590752.018632,3974.4,794.2,4507.2,9275.8,500.8
1786590752.118622,3972.8,794.2,4507.2,9274.2,500.8
1786590752.218682,3972.8,794.2,4507.2,9274.2,500.8
1786590752.318739,3575.5,794.2,4507.2,8877.0,400.6
1786590752.418737,3575.5,794.2,4407.0,8776.8,400.0
1786590752.518630,3575.5,794.2,4407.0,8776.8,400.0
1786590752.618801,3575.5,794.2,4407.0,8776.8,400.6
1786590752.718635,3575.5,397.1,4407.0,8379.7,400.0
1786590752.818690,3575.5,397.1,4407.0,8379.7,400.6
1786590752.918676,3575.5,397.1,4407.0,8379.7,400.6
1786590753.018685,3575.5,397.1,4407.0,8379.7,400.0
1786590753.118673,3575.5,397.1,4407.0,8379.7,400.0
1786590753.218658,3575.5,397.1,4407.0,8379.7,400.0
1786590753.318701,3575.5,397.1,4407.0,8379.7,400.0
1786590753.418666,3575.5,397.1,4407.0,8379.7,400.6
1786590753.518684,3575.5,397.1,4407.0,8379.7,400.6
1786590753.618715,3577.0,397.1,4407.0,8381.1,400.6
1786590753.718678,3577.0,397.1,4407.0,8381.1,400.6
1786590753.818793,3577.0,397.1,4407.0,8381.1,400.0
1786590753.918693,3577.0,397.1,4407.0,8381.1,400.6
1786590754.018971,3577.0,397.1,4407.0,8381.1,400.6
1786590754.118672,3974.4,397.1,4407.0,8778.6,400.0
1786590754.218706,3974.4,397.1,4407.0,8778.6,400.6
1786590754.318676,3577.0,397.1,4407.0,8381.1,400.6
1786590754.418659,3974.4,397.1,4407.0,8778.6,400.6
1786590754.518667,3974.4,397.3,4407.0,8778.7,400.6
1786590754.618983,3974.4,397.1,4407.0,8778.6,400.6
1786590754.718694,3974.4,794.2,4407.0,9175.7,400.6
1786590754.818751,3577.0,397.1,4407.0,8381.1,400.0
1786590754.918670,3577.0,397.1,4407.0,8381.1,400.0
1786590755.018687,3577.0,397.1,4407.0,8381.1,400.6
1786590755.118672,3575.5,397.1,4407.0,8379.7,400.0
1786590755.218690,3575.5,397.1,4407.0,8379.7,400.0
1786590755.318685,3575.5,397.1,4407.0,8379.7,400.6
1786590755.418669,3575.5,397.1,4407.0,8379.7,400.6
1786590755.518738,3575.5,397.1,4407.0,8379.7,400.6
1786590755.618688,3972.8,397.1,4407.0,8777.0,400.6
1786590755.718697,3575.5,397.1,4407.0,8379.7,400.6
1786590755.818722,3575.5,397.1,4407.0,8379.7,400.6
1786590755.918667,3575.5,397.1,4407.0,8379.7,400.6
1786590756.018702,3575.5,397.1,4407.0,8379.7,400.0
1786590756.118675,3575.5,397.1,4407.0,8379.7,400.6
1786590756.218958,3575.5,397.1,4407.0,8379.7,400.6
1786590756.318703,3577.0,397.1,4407.0,8381.1,400.6
1786590756.418645,3577.0,397.1,4407.0,8381.1,400.6
1786590756.518939,3972.8,794.2,4407.0,9174.1,400.6
1786590756.618975,3972.8,794.2,4407.0,9174.1,400.6
1786590756.718699,3577.0,794.2,4407.0,8778.2,400.6
1786590756.818689,3577.0,397.1,4407.0,8381.1,400.6
1786590756.918669,3577.0,397.1,4407.0,8381.1,400.6
1786590757.019003,3974.4,794.2,4507.2,9275.8,500.8
1786590757.118933,3974.4,794.2,4507.2,9275.8,500.8
1786590757.219002,3972.8,1191.4,4607.4,9771.5,601.0
1786590757.318918,3972.8,1191.4,4607.4,9771.5,601.0
1786590757.418645,3972.8,1191.4,4607.4,9771.5,601.0
1786590757.518826,3972.8,794.2,4507.2,9274.2,500.8
1786590757.618711,3972.8,794.2,4507.2,9274.2,500.8
1786590757.718653,3575.5,794.2,4507.2,8877.0,500.8
1786590757.818764,3575.5,794.2,4507.2,8877.0,400.6
1786590757.918703,3575.5,794.2,4407.0,8776.8,400.6
1786590758.018699,3575.5,794.2,4407.0,8776.8,400.6
1786590758.118654,3575.5,794.2,4407.0,8776.8,400.0
1786590758.218682,3575.5,794.2,4407.0,8776.8,400.6
1786590758.318686,3575.5,397.1,4407.0,8379.7,400.6
1786590758.418696,3575.5,397.1,4407.0,8379.7,400.6
1786590758.518988,3575.5,794.2,4407.0,8776.8,400.6
1786590758.618687,3575.5,794.2,4407.0,8776.8,400.6
1786590758.718807,3575.5,397.1,4407.0,8379.7,400.6
1786590758.818830,3575.5,397.1,4407.0,8379.7,400.6
1786590758.918709,3575.5,397.1,4407.0,8379.7,400.6
1786590759.018664,3575.5,397.1,4407.0,8379.7,400.6
1786590759.118658,3575.5,397.1,4407.0,8379.7,400.6
1786590759.218678,3972.8,397.1,4407.0,8777.0,400.6
1786590759.318738,3575.5,397.1,4407.0,8379.7,400.6
1786590759.418743,3575.5,397.1,4407.0,8379.7,400.6
1786590759.518738,3575.5,397.1,4407.0,8379.7,400.6
1786590759.618644,3575.5,397.1,4407.0,8379.7,400.6
1786590759.718616,3575.5,397.1,4407.0,8379.7,400.6
1786590759.818667,3575.5,397.1,4407.0,8379.7,400.0
1786590759.918675,3575.5,397.1,4407.0,8379.7,400.6
1786590760.018682,3575.5,397.1,4407.0,8379.7,400.6
1786590760.118695,3575.5,397.1,4407.0,8379.7,400.6
1786590760.218761,3575.5,397.1,4407.0,8379.7,400.6
1786590760.318697,3575.5,397.1,4407.0,8379.7,400.0
1786590760.418680,3972.8,397.1,4407.0,8777.0,400.6
1786590760.518670,3575.5,397.1,4407.0,8379.7,400.6
1786590760.618741,3972.8,397.1,4407.0,8777.0,400.6
1786590760.718936,3972.8,794.2,4407.0,9174.1,400.6
1786590760.818898,3575.5,397.1,4407.0,8379.7,400.6
1786590760.918689,3575.5,397.1,4407.0,8379.7,400.6
1786590761.018632,3575.5,397.1,4407.0,8379.7,400.6
1786590761.118807,3972.8,794.2,4407.0,9174.1,400.6
1786590761.218662,3575.5,794.2,4407.0,8776.8,400.0
1786590761.318661,3575.5,794.2,4407.0,8776.8,400.0
1786590761.418685,3575.5,794.2,4407.0,8776.8,400.6
1786590761.518858,3575.5,397.1,4407.0,8379.7,400.6
1786590761.618720,3575.5,397.1,4407.0,8379.7,400.6
1786590761.718682,3575.5,397.1,4407.0,8379.7,400.6
1786590761.818746,3575.5,397.1,4407.0,8379.7,400.6
1786590761.918742,3575.5,397.1,4407.0,8379.7,400.6
1786590762.018694,3575.5,397.1,4407.0,8379.7,400.6
1786590762.118774,3575.5,397.1,4407.0,8379.7,400.6
1786590762.218670,3575.5,397.1,4407.0,8379.7,400.6
1786590762.318693,3575.5,397.1,4407.0,8379.7,400.6
1786590762.418733,3575.5,397.1,4407.0,8379.7,400.6
1786590762.518924,3972.8,794.2,4407.0,9174.1,400.6
1786590762.619032,3972.8,794.2,4507.2,9274.2,500.8
1786590762.719159,3972.8,1191.4,4607.4,9771.5,601.0
1786590762.818909,3972.8,1191.4,4607.4,9771.5,601.0
1786590762.918733,3972.8,1191.4,4607.4,9771.5,601.0
1786590763.018649,3972.8,794.2,4507.2,9274.2,500.8
1786590763.118644,3972.8,794.2,4507.2,9274.2,500.8
1786590763.218673,3575.5,794.2,4507.2,8877.0,400.0
1786590763.318676,3972.8,794.2,4407.0,9174.1,400.6
1786590763.418689,3575.5,794.2,4407.0,8776.8,400.6
1786590763.518837,3575.5,794.2,4407.0,8776.8,400.0
1786590763.618707,3575.5,794.2,4407.0,8776.8,400.6
1786590763.718654,3575.5,794.2,4407.0,8776.8,400.0
1786590763.818729,3575.5,397.1,4407.0,8379.7,400.0
1786590763.918727,3575.5,397.1,4407.0,8379.7,400.0
1786590764.018670,3575.5,397.1,4407.0,8379.7,400.6
1786590764.118637,3575.5,397.1,4407.0,8379.7,400.0
1786590764.218750,3575.5,397.1,4407.0,8379.7,400.6
1786590764.318654,3575.5,397.1,4407.0,8379.7,400.6
1786590764.418626,3575.5,397.1,4407.0,8379.7,400.6
1786590764.518684,3575.5,397.1,4407.0,8379.7,400.0
1786590764.618672,3575.5,397.1,4407.0,8379.7,400.0
1786590764.718751,3575.5,397.1,4407.0,8379.7,400.0
1786590764.818672,3575.5,397.1,4407.0,8379.7,400.6
1786590764.918649,3575.5,397.1,4407.0,8379.7,400.6
1786590765.018966,3972.8,794.2,4407.0,9174.1,400.6
1786590765.118732,3575.5,397.1,4407.0,8379.7,400.0
1786590765.218689,3575.5,397.1,4407.0,8379.7,400.6
1786590765.318682,3575.5,397.1,4407.0,8379.7,400.6
1786590765.418684,3575.5,397.1,4407.0,8379.7,400.0
1786590765.518923,3972.8,794.2,4407.0,9174.1,400.6
1786590765.618950,3972.8,794.2,4407.0,9174.1,500.8
1786590765.718657,3575.5,794.2,4407.0,8776.8,400.6
1786590765.818649,3575.5,794.2,4407.0,8776.8,400.0
1786590765.918660,3575.5,794.2,4407.0,8776.8,400.6
1786590766.018669,3575.5,794.2,4407.0,8776.8,400.6
1786590766.118671,3575.5,397.1,4407.0,8379.7,400.6
1786590766.218654,3575.5,397.1,4407.0,8379.7,400.6
1786590766.318665,3575.5,397.1,4407.0,8379.7,400.6
1786590766.418668,3575.5,397.1,4407.0,8379.7,400.0
1786590766.519064,3575.5,794.2,4407.0,8776.8,400.6
1786590766.618992,3575.5,794.2,4407.0,8776.8,400.0
1786590766.718918,3575.5,794.2,4407.0,8776.8,400.6
1786590766.818652,3575.5,397.1,4407.0,8379.7,400.0
1786590766.918695,3972.8,397.1,4407.0,8777.0,400.6
1786590767.018616,3972.8,397.1,4407.0,8777.0,400.6
1786590767.118673,3575.5,397.1,4407.0,8379.7,400.6
1786590767.218977,3972.8,794.2,4407.0,9174.1,400.6
1786590767.318670,3972.8,794.2,4407.0,9174.1,400.6
1786590767.418665,3575.5,397.1,4407.0,8379.7,400.6
1786590767.518812,3972.8,397.1,4407.0,8777.0,400.6
1786590767.618693,3575.5,397.1,4407.0,8379.7,400.6
1786590767.718703,3575.5,397.1,4407.0,8379.7,400.6
1786590767.818678,3575.5,397.1,4407.0,8379.7,400.0
1786590767.918725,3575.5,397.1,4407.0,8379.7,400.6
1786590768.018915,3972.8,794.2,4407.0,9174.1,500.8
1786590768.118915,3972.8,794.2,4507.2,9274.2,500.8
1786590768.219501,3972.8,1191.4,4607.4,9771.5,601.0
1786590768.318962,3972.8,1191.4,4607.4,9771.5,601.0
1786590768.418743,3972.8,1191.4,4607.4,9771.5,500.8
1786590768.518681,3972.8,794.2,4507.2,9274.2,500.8
1786590768.618653,3972.8,794.2,4507.2,9274.2,500.8
1786590768.718831,3575.5,794.2,4507.2,8877.0,400.0
1786590768.818649,3575.5,794.2,4407.0,8776.8,400.6
1786590768.918744,3575.5,794.2,4407.0,8776.8,400.0
1786590769.018677,3972.8,794.2,4407.0,9174.1,400.6
1786590769.118668,3575.5,794.2,4407.0,8776.8,400.6
1786590769.218677,3972.8,397.1,4407.0,8777.0,400.0
1786590769.318682,3575.5,397.1,4407.0,8379.7,400.6
1786590769.418721,3575.5,397.1,4407.0,8379.7,400.6
1786590769.518931,3575.5,794.2,4407.0,8776.8,400.0
1786590769.618672,3972.8,794.2,4407.0,9174.1,400.0
1786590769.718646,3575.5,397.1,4407.0,8379.7,400.6
1786590769.818663,3575.5,397.1,4407.0,8379.7,400.0
1786590769.918788,3575.5,397.1,4407.0,8379.7,400.6
1786590770.018700,3575.5,397.1,4407.0,8379.7,400.6
1786590770.118656,3575.5,397.1,4407.0,8379.7,400.6
1786590770.218673,3575.5,397.1,4407.0,8379.7,400.6
1786590770.318696,3575.5,397.1,4407.0,8379.7,400.0
1786590770.418677,3575.5,397.1,4407.0,8379.7,400.0
1786590770.518681,3575.5,397.1,4407.0,8379.7,400.6
1786590770.618732,3575.5,397.1,4407.0,8379.7,400.6
1786590770.718887,3575.5,397.1,4407.0,8379.7,400.6
1786590770.818630,3575.5,397.1,4407.0,8379.7,400.6
1786590770.918661,3575.5,397.1,4407.0,8379.7,400.6
1786590771.018636,3575.5,397.1,4407.0,8379.7,400.0
1786590771.118653,3575.5,397.1,4407.0,8379.7,400.6
1786590771.218675,3575.5,397.1,4407.0,8379.7,400.0
1786590771.318683,3575.5,397.1,4407.0,8379.7,400.6
1786590771.418752,3575.5,397.1,4407.0,8379.7,400.6
1786590771.518820,3575.5,397.1,4407.0,8379.7,400.6
1786590771.618651,3575.5,397.1,4407.0,8379.7,400.6
1786590771.718936,3575.5,794.2,4407.0,8776.8,400.6
1786590771.818664,3575.5,397.1,4407.0,8379.7,400.0
1786590771.918722,3575.5,397.1,4407.0,8379.7,400.0
1786590772.018645,3575.5,397.1,4407.0,8379.7,400.0
1786590772.118689,3575.5,397.1,4407.0,8379.7,400.0
1786590772.218676,3575.5,397.1,4407.0,8379.7,400.6
1786590772.318673,3575.5,397.1,4407.0,8379.7,400.6
1786590772.418692,3575.5,397.1,4407.0,8379.7,400.6
1786590772.518665,3575.5,397.1,4407.0,8379.7,400.6
1786590772.618657,3575.5,397.1,4407.0,8379.7,400.6
1786590772.718808,3575.5,397.1,4407.0,8379.7,400.6
1786590772.818864,3575.5,397.1,4407.0,8379.7,400.6
1786590772.918694,3575.5,397.1,4407.0,8379.7,400.0
1786590773.018625,3575.5,397.1,4407.0,8379.7,400.0
1786590773.118631,3575.5,397.1,4407.0,8379.7,400.6
1786590773.218645,3575.5,397.1,4407.0,8379.7,400.0
1786590773.318675,3972.8,397.1,4407.0,8777.0,400.6
1786590773.418659,3972.8,397.1,4407.0,8777.0,400.6
1786590773.518990,3972.8,794.2,4407.0,9174.1,500.8
1786590773.618899,3972.8,794.2,4507.2,9274.2,500.8
1786590773.719181,3972.8,1191.4,4607.4,9771.5,601.0
1786590773.818946,3972.8,1191.4,4607.4,9771.5,601.0
1786590773.918784,3972.8,1191.4,4607.4,9771.5,601.0
1786590774.018635,3974.4,794.2,4507.2,9275.8,500.8
1786590774.118619,3974.4,794.2,4507.2,9275.8,500.8
1786590774.218626,3577.0,794.2,4507.2,8878.4,400.6
1786590774.318648,3577.0,794.2,4407.0,8778.2,400.6
1786590774.418678,3577.0,794.2,4407.0,8778.2,400.6
1786590774.518656,3577.0,794.2,4407.0,8778.2,400.6
1786590774.618675,3577.0,397.1,4407.0,8381.1,400.0
1786590774.718815,3577.0,397.1,4407.0,8381.1,400.6
1786590774.818697,3577.0,397.1,4407.0,8381.1,400.0
1786590774.918741,3577.0,397.1,4407.0,8381.1,400.6
1786590775.018651,3577.0,397.1,4407.0,8381.1,400.0
1786590775.118679,3577.0,397.1,4407.0,8381.1,400.6
1786590775.218651,3577.0,397.1,4407.0,8381.1,400.6
1786590775.318666,3577.0,397.1,4407.0,8381.1,400.6
1786590775.418758,3577.0,397.1,4407.0,8381.1,400.6
1786590775.518764,3575.5,397.1,4407.0,8379.7,400.6
1786590775.618641,3575.5,397.1,4407.0,8379.7,400.0
1786590775.718682,3575.5,397.1,4407.0,8379.7,400.6
1786590775.818714,3575.5,397.1,4407.0,8379.7,400.0
1786590775.918709,3575.5,397.1,4407.0,8379.7,400.0
1786590776.018879,3575.5,397.1,4407.0,8379.7,400.6
1786590776.118667,3575.5,397.1,4407.0,8379.7,400.0
1786590776.218681,3575.5,397.1,4407.0,8379.7,400.6
1786590776.318653,3575.5,397.1,4407.0,8379.7,400.6
1786590776.418679,3575.5,397.1,4407.0,8379.7,400.0
1786590776.518674,3575.5,397.1,4407.0,8379.7,400.6
1786590776.618978,3972.8,794.2,4407.0,9174.1,400.6
1786590776.718875,3972.8,794.2,4407.0,9174.1,400.0
1786590776.818676,3972.8,397.1,4407.0,8777.0,400.6
1786590776.918699,3575.5,397.1,4407.0,8379.7,400.6
1786590777.018638,3575.5,397.1,4407.0,8379.7,400.6
1786590777.118638,3575.5,397.1,4407.0,8379.7,400.6
1786590777.218631,3575.5,397.1,4407.0,8379.7,400.0
1786590777.318666,3575.5,397.1,4407.0,8379.7,400.6
1786590777.418678,3575.5,397.1,4407.0,8379.7,400.6
1786590777.518764,3575.5,397.1,4407.0,8379.7,400.6
1786590777.618706,3575.5,397.1,4407.0,8379.7,400.6
1786590777.718699,3575.5,397.1,4407.0,8379.7,400.6
1786590777.818724,3575.5,397.1,4407.0,8379.7,400.6
1786590777.918730,3575.5,397.1,4407.0,8379.7,400.6
1786590778.018686,3575.5,397.1,4407.0,8379.7,400.0
1786590778.118992,3575.5,397.1,4407.0,8379.7,400.6
1786590778.218971,3972.8,794.2,4507.2,9274.2,500.8
1786590778.318897,3972.8,794.2,4507.2,9274.2,500.8
1786590778.418688,3972.8,794.2,4507.2,9274.2,500.8
1786590778.519097,3972.8,794.2,4507.2,9274.2,500.8
1786590778.619072,3972.8,1191.4,4607.4,9771.5,601.0
1786590778.719244,3972.8,1191.4,4607.4,9771.5,601.0
1786590778.818983,3972.8,1191.4,4607.4,9771.5,601.0
1786590778.919079,3972.8,1191.4,4707.5,9871.7,601.0
1786590779.019004,3972.8,1588.5,4707.5,10268.8,701.1
1786590779.119165,3972.8,1588.5,4807.7,10369.0,701.1
1786590779.219038,3972.8,1588.5,4807.7,10369.0,801.3
1786590779.318958,3972.8,1985.6,4907.8,10866.2,801.3
1786590779.418958,3972.8,1588.5,4807.7,10369.0,801.3
1786590779.519107,3972.8,1588.5,4907.8,10469.1,801.3
1786590779.618922,3972.8,1588.5,4907.8,10469.1,801.3
1786590779.718990,3972.8,1588.5,4807.7,10369.0,801.3
1786590779.818947,3972.8,1588.5,4807.7,10369.0,801.3
1786590779.918986,3972.8,1588.5,4807.7,10369.0,801.3
1786590780.018980,3972.8,1588.5,4807.7,10369.0,701.1
1786590780.118974,3972.8,1588.5,4807.7,10369.0,701.1
1786590780.218984,3972.8,1588.5,4807.7,10369.0,701.1
1786590780.318969,3972.8,1588.5,4807.7,10369.0,701.1
1786590780.419007,3972.8,1588.5,4807.7,10369.0,701.1
1786590780.518992,3972.8,1588.5,4807.7,10369.0,701.1
1786590780.619029,3972.8,1588.5,4707.5,10268.8,701.1
1786590780.719045,4370.1,1587.8,5108.2,11066.1,1001.6
1786590780.819093,4370.1,1587.8,5408.6,11366.6,1302.1
1786590780.919031,4767.4,1588.5,5709.1,12065.0,1400.0
1786590781.018993,5164.6,1588.5,5909.4,12662.6,1600.0
1786590781.119027,5164.6,1588.5,6009.6,12762.7,1700.0
1786590781.218925,5164.6,1588.5,6109.8,12862.9,1700.0
1786590781.319002,4767.4,1588.5,5909.4,12265.3,1502.4
1786590781.418969,4767.4,1588.5,5609.0,11964.8,1302.1
1786590781.519641,5164.6,1588.5,5709.1,12462.2,1400.0
1786590781.619085,5164.6,1588.5,5709.1,12462.2,1300.0
1786590781.718699,5956.8,1190.9,6009.6,13157.3,1600.0
1786590781.818943,6356.5,1191.4,6310.1,13857.9,1800.0
1786590781.918957,5959.2,1191.4,5909.4,13060.0,1500.0
1786590782.018969,5561.9,1191.4,5709.1,12462.4,1300.0
1786590782.118965,5164.6,1191.4,5508.8,11864.8,1100.0
1786590782.218931,4767.4,1191.4,5408.6,11367.4,1001.6
1786590782.318976,4767.4,1191.4,5208.3,11167.0,901.4
1786590782.419033,4370.1,1191.4,5108.2,10669.6,901.4
1786590782.519021,4370.1,1191.4,5108.2,10669.6,901.4
1786590782.618891,4370.1,1191.4,5008.0,10569.4,801.3
1786590782.719126,4370.1,1588.5,5008.0,10966.6,801.3
1786590782.819083,3972.8,1588.5,5008.0,10569.3,801.3
1786590782.919029,3972.8,1191.4,4907.8,10072.0,801.3
1786590783.018960,3972.8,1191.4,4907.8,10072.0,801.3
1786590783.118977,3972.8,1191.4,4807.7,9971.8,701.1
1786590783.219522,3972.8,1191.4,4807.7,9971.8,701.1
1786590783.319531,3972.8,1191.4,4907.8,10072.0,801.3
1786590783.419140,4370.1,1190.9,5108.2,10669.1,901.4
1786590783.519478,4370.1,1588.5,5208.3,11166.9,1101.8
1786590783.619419,4370.1,1191.4,5208.3,10769.8,1001.6
1786590783.718958,4370.1,1191.4,5208.3,10769.8,1001.6
1786590783.819223,4767.4,1191.4,5308.5,11267.2,1101.8
1786590783.918955,5164.6,1191.4,5308.5,11664.5,1101.8
1786590784.018694,5959.2,1191.4,5408.6,12559.2,1101.8
1786590784.118674,6356.5,794.2,5408.6,12559.4,1101.8
1786590784.218706,6753.8,794.2,5408.6,12956.6,1101.8
1786590784.318664,6753.8,794.2,5408.6,12956.6,1101.8
1786590784.418668,7151.0,794.2,5408.6,13353.9,1101.8
1786590784.519027,7151.0,794.2,5408.6,13353.9,1101.8
1786590784.618867,7151.0,1191.4,5508.8,13851.2,1201.9
1786590784.719076,7548.3,1191.4,5508.8,14248.5,1201.9
1786590784.818965,7548.3,1191.4,5609.0,14348.6,1201.9
1786590784.918676,7548.3,1191.4,5508.8,14248.5,1201.9
1786590785.018628,7548.3,1191.4,5508.8,14248.5,1201.9
1786590785.118648,7548.3,794.2,5508.8,13851.4,1201.9
1786590785.218660,7548.3,794.2,5508.8,13851.4,1201.9
1786590785.318687,7548.3,794.2,5508.8,13851.4,1201.9
1786590785.418662,7548.3,794.2,5508.8,13851.4,1101.8
1786590785.518818,7945.6,794.2,5508.8,14248.6,1201.9
1786590785.619025,7945.6,794.2,5508.8,14248.6,1201.9
1786590785.719131,7945.6,794.2,5508.8,14248.6,1201.9
1786590785.818880,7945.6,1191.4,5508.8,14645.8,1201.9
1786590785.918956,7945.6,1191.4,5508.8,14645.8,1201.9
1786590786.019017,7945.6,1191.4,5609.0,14745.9,1201.9
1786590786.118953,7945.6,1191.4,5609.0,14745.9,1201.9
1786590786.218609,7945.6,1191.4,5508.8,14645.8,1201.9
1786590786.318607,7945.6,794.2,5508.8,14248.6,1201.9
1786590786.418591,7945.6,794.2,5508.8,14248.6,1201.9
1786590786.518674,7945.6,794.2,5508.8,14248.6,1201.9
1786590786.619131,7945.6,794.2,5508.8,14248.6,1201.9
1786590786.718878,7945.6,794.2,5508.8,14248.6,1201.9
1786590786.818689,7945.6,794.2,5508.8,14248.6,1101.8
1786590786.918721,7945.6,794.2,5508.8,14248.6,1201.9
1786590787.018948,7945.6,794.2,5508.8,14248.6,1201.9
1786590787.118767,7945.6,794.2,5508.8,14248.6,1201.9
1786590787.218657,7945.6,794.2,5508.8,14248.6,1101.8
1786590787.318673,7945.6,397.1,5508.8,13851.5,1101.8
1786590787.418649,7945.6,397.1,5508.8,13851.5,1101.8
1786590787.518809,7945.6,397.1,5508.8,13851.5,1101.8
1786590787.618689,7945.6,397.1,5508.8,13851.5,1101.8
1786590787.718685,7945.6,397.1,5508.8,13851.5,1101.8
1786590787.818683,7945.6,397.1,5508.8,13851.5,1101.8
1786590787.918813,7945.6,397.1,5508.8,13851.5,1201.9
1786590788.018683,7945.6,397.1,5508.8,13851.5,1101.8
1786590788.118718,7945.6,397.1,5508.8,13851.5,1101.8
1786590788.218676,7945.6,397.1,5508.8,13851.5,1101.8
1786590788.318671,7945.6,397.1,5508.8,13851.5,1101.8
1786590788.418744,7945.6,397.1,5508.8,13851.5,1101.8
1786590788.518677,7945.6,397.1,5508.8,13851.5,1101.8
1786590788.618653,7945.6,397.1,5408.6,13751.4,1101.8
1786590788.718801,7945.6,397.1,5508.8,13851.5,1101.8
1786590788.818710,7945.6,397.1,5408.6,13751.4,1101.8
1786590788.918682,7945.6,397.0,5508.8,13851.4,1101.8
1786590789.019044,7945.6,793.9,5508.8,14248.3,1201.9
1786590789.118884,7942.4,793.9,5508.8,14245.1,1201.9
1786590789.219527,7945.6,1190.9,5508.8,14645.3,1201.9
1786590789.318897,7945.6,1190.9,5508.8,14645.3,1201.9
1786590789.418644,7945.6,1191.4,5508.8,14645.8,1201.9
1786590789.518873,7945.6,794.2,5508.8,14248.6,1201.9
1786590789.618661,7945.6,794.2,5508.8,14248.6,1201.9
1786590789.718640,7945.6,794.2,5508.8,14248.6,1201.9
1786590789.818627,7945.6,794.2,5508.8,14248.6,1201.9
1786590789.918686,7945.6,794.2,5508.8,14248.6,1201.9
1786590790.018939,7945.6,794.2,5508.8,14248.6,1201.9
1786590790.118890,7945.6,1191.4,5508.8,14645.8,1201.9
1786590790.219356,7945.6,1190.9,5508.8,14645.3,1201.9
1786590790.318931,7945.6,1190.9,5609.0,14745.4,1201.9
1786590790.418674,7945.6,1190.9,5508.8,14645.3,1201.9
1786590790.518682,7945.6,794.2,5508.8,14248.6,1201.9
1786590790.618643,7945.6,794.2,5508.8,14248.6,1201.9
1786590790.718854,7945.6,794.2,5508.8,14248.6,1201.9
1786590790.818701,7945.6,794.2,5508.8,14248.6,1201.9
1786590790.918685,7945.6,794.2,5508.8,14248.6,1201.9
1786590791.018681,7945.6,794.2,5508.8,14248.6,1201.9
1786590791.118704,7945.6,794.2,5508.8,14248.6,1201.9
1786590791.218873,7945.6,794.2,5508.8,14248.6,1201.9
1786590791.318736,7945.6,794.2,5508.8,14248.6,1201.9
1786590791.418623,7945.6,397.1,5508.8,13851.5,1201.9
1786590791.518732,7945.6,397.1,5508.8,13851.5,1101.8
1786590791.618703,7945.6,397.1,5508.8,13851.5,1201.9
1786590791.718691,7945.6,397.1,5508.8,13851.5,1101.8
1786590791.818702,7945.6,397.1,5508.8,13851.5,1101.8
1786590791.918701,7945.6,397.1,5508.8,13851.5,1101.8
1786590792.018713,7945.6,397.1,5508.8,13851.5,1101.8
1786590792.118997,7945.6,397.1,5508.8,13851.5,1201.9
1786590792.218657,7945.6,397.1,5508.8,13851.5,1201.9
1786590792.318736,7945.6,397.1,5508.8,13851.5,1201.9
1786590792.418703,7945.6,397.1,5508.8,13851.5,1101.8
1786590792.518661,7945.6,397.0,5508.8,13851.4,1201.9
1786590792.618654,7945.6,397.0,5508.8,13851.4,1101.8
1786590792.718872,7945.6,397.0,5508.8,13851.4,1101.8
1786590792.818676,7945.6,397.0,5508.8,13851.4,1101.8
1786590792.918682,7945.6,397.0,5508.8,13851.4,1101.8
1786590793.018684,7945.6,397.0,5508.8,13851.4,1101.8
1786590793.118724,7942.4,397.0,5508.8,13848.2,1101.8
1786590793.218699,7945.6,397.0,5508.8,13851.4,1101.8
1786590793.318751,7942.4,397.0,5508.8,13848.2,1101.8
1786590793.418695,7945.6,397.0,5508.8,13851.4,1101.8
1786590793.518976,7942.4,397.0,5508.8,13848.2,1201.9
1786590793.618714,7942.4,397.0,5508.8,13848.2,1201.9
1786590793.718707,7945.6,397.0,5508.8,13851.4,1101.8
1786590793.818684,7945.6,397.0,5508.8,13851.4,1201.9
1786590793.918707,7945.6,397.0,5508.8,13851.4,1101.8
1786590794.018673,7945.6,397.0,5508.8,13851.4,1201.9
1786590794.118713,7945.6,397.1,5508.8,13851.5,1101.8
1786590794.218671,7945.6,397.1,5508.8,13851.5,1201.9
1786590794.318913,7945.6,397.1,5508.8,13851.5,1201.9
1786590794.418684,7945.6,397.1,5508.8,13851.5,1201.9
1786590794.518656,7945.6,397.1,5508.8,13851.5,1201.9
1786590794.618668,7945.6,397.1,5508.8,13851.5,1101.8
1786590794.718766,7945.6,397.1,5508.8,13851.5,1101.8
1786590794.818669,7945.6,397.1,5508.8,13851.5,1101.8
1786590794.918769,7945.6,397.1,5508.8,13851.5,1101.8
1786590795.018650,7945.6,397.1,5508.8,13851.5,1101.8
1786590795.118717,7945.6,397.1,5508.8,13851.5,1101.8
1786590795.218644,7945.6,397.1,5508.8,13851.5,1101.8
1786590795.318737,7945.6,397.1,5508.8,13851.5,1101.8
1786590795.418691,7945.6,397.1,5508.8,13851.5,1101.8
1786590795.518903,7945.6,794.2,5508.8,14248.6,1201.9
1786590795.618893,7945.6,794.2,5508.8,14248.6,1201.9
1786590795.719237,7945.6,1191.4,5508.8,14645.8,1201.9
1786590795.818914,7945.6,1191.4,5609.0,14745.9,1201.9
1786590795.918688,7945.6,1191.4,5508.8,14645.8,1201.9
1786590796.018741,7945.6,794.2,5508.8,14248.6,1201.9
1786590796.118745,7945.6,794.2,5508.8,14248.6,1201.9
1786590796.218634,7945.6,794.2,5508.8,14248.6,1201.9
1786590796.318675,7945.6,794.2,5508.8,14248.6,1201.9
1786590796.418888,7945.6,794.2,5508.8,14248.6,1201.9
1786590796.518648,7945.6,794.2,5508.8,14248.6,1201.9
1786590796.618658,7945.6,794.2,5508.8,14248.6,1201.9
1786590796.718949,7945.6,794.2,5508.8,14248.6,1201.9
1786590796.818646,7945.6,794.2,5508.8,14248.6,1201.9
1786590796.918684,7945.6,794.2,5508.8,14248.6,1201.9
1786590797.018628,7945.6,794.2,5508.8,14248.6,1201.9
1786590797.118727,7945.6,794.2,5508.8,14248.6,1101.8
1786590797.218675,7945.6,397.1,5508.8,13851.5,1101.8
1786590797.318701,7945.6,397.1,5508.8,13851.5,1101.8
1786590797.418655,7945.6,397.1,5508.8,13851.5,1101.8
1786590797.518761,7945.6,397.1,5508.8,13851.5,1201.9
1786590797.618757,7945.6,397.1,5508.8,13851.5,1101.8
1786590797.718656,7945.6,397.1,5508.8,13851.5,1201.9
1786590797.818633,7945.6,397.1,5508.8,13851.5,1101.8
1786590797.918659,7945.6,397.1,5508.8,13851.5,1101.8
1786590798.018920,7945.6,794.2,5508.8,14248.6,1201.9
1786590798.118707,7945.6,397.1,5508.8,13851.5,1201.9
1786590798.218650,7945.6,397.1,5508.8,13851.5,1201.9
1786590798.318679,7945.6,397.1,5508.8,13851.5,1101.8
1786590798.418668,7945.6,397.1,5508.8,13851.5,1201.9
1786590798.518683,7945.6,397.1,5508.8,13851.5,1101.8
1786590798.618668,7945.6,397.1,5508.8,13851.5,1101.8
1786590798.718758,7945.6,397.1,5508.8,13851.5,1201.9
1786590798.818648,7945.6,397.1,5508.8,13851.5,1201.9
1786590798.918628,7945.6,397.1,5508.8,13851.5,1201.9
1786590799.018624,7945.6,397.1,5508.8,13851.5,1201.9
1786590799.118676,7945.6,397.1,5408.6,13751.4,1101.8
1786590799.218704,7945.6,397.1,5508.8,13851.5,1201.9
1786590799.318747,7945.6,397.1,5508.8,13851.5,1101.8
1786590799.418676,7945.6,397.1,5508.8,13851.5,1101.8
1786590799.518781,7945.6,397.1,5508.8,13851.5,1101.8
1786590799.618635,7945.6,397.1,5508.8,13851.5,1101.8
1786590799.718637,7945.6,397.1,5508.8,13851.5,1201.9
1786590799.818609,7945.6,397.1,5508.8,13851.5,1101.8
1786590799.918678,7945.6,397.1,5508.8,13851.5,1101.8
1786590800.018660,7945.6,397.1,5508.8,13851.5,1101.8
1786590800.118703,7945.6,397.1,5508.8,13851.5,1101.8
1786590800.218947,7945.6,794.2,5508.8,14248.6,1201.9
1786590800.318752,7945.6,794.2,5508.8,14248.6,1201.9
1786590800.418667,7945.6,397.1,5508.8,13851.5,1201.9
1786590800.518667,7945.6,397.1,5508.8,13851.5,1101.8
1786590800.618669,7945.6,397.1,5508.8,13851.5,1101.8
1786590800.718795,7945.6,397.1,5508.8,13851.5,1201.9
1786590800.818659,7945.6,794.2,5508.8,14248.6,1201.9
1786590800.918635,7945.6,397.1,5508.8,13851.5,1201.9
1786590801.018885,7945.6,794.2,5508.8,14248.6,1201.9
1786590801.119030,7945.6,794.2,5508.8,14248.6,1201.9
1786590801.219014,7945.6,1191.4,5609.0,14745.9,1201.9
1786590801.318874,7945.6,1191.4,5609.0,14745.9,1201.9
1786590801.418648,7945.6,1191.4,5609.0,14745.9,1201.9
1786590801.518765,7945.6,794.2,5508.8,14248.6,1201.9
1786590801.618617,7945.6,794.2,5508.8,14248.6,1201.9
1786590801.718649,7945.6,793.9,5508.8,14248.3,1201.9
1786590801.818936,7945.6,793.9,5508.8,14248.3,1201.9
1786590801.918693,7945.6,793.9,5508.8,14248.3,1201.9
1786590802.018698,7945.6,793.9,5508.8,14248.3,1201.9
1786590802.118716,7945.6,794.2,5508.8,14248.6,1201.9
1786590802.218700,7945.6,397.0,5508.8,13851.4,1201.9
1786590802.318722,7945.6,397.0,5508.8,13851.4,1101.8
1786590802.418705,7945.6,397.0,5508.8,13851.4,1201.9
1786590802.518904,7945.6,397.0,5508.8,13851.4,1201.9
1786590802.618616,7945.6,397.0,5508.8,13851.4,1201.9
1786590802.718819,7945.6,397.0,5508.8,13851.4,1201.9
1786590802.818645,7945.6,397.0,5508.8,13851.4,1101.8
1786590802.918822,7945.6,397.0,5508.8,13851.4,1201.9
1786590803.018645,7945.6,397.0,5508.8,13851.4,1201.9
1786590803.118672,7945.6,397.0,5508.8,13851.4,1201.9
1786590803.218642,7945.6,397.0,5508.8,13851.4,1101.8
1786590803.318744,7945.6,397.0,5508.8,13851.4,1201.9
1786590803.418661,7945.6,397.0,5508.8,13851.4,1201.9
1786590803.518767,7945.6,397.0,5508.8,13851.4,1201.9
1786590803.618663,7945.6,397.0,5508.8,13851.4,1201.9
1786590803.718681,7945.6,397.0,5508.8,13851.4,1101.8
1786590803.818681,7945.6,397.0,5508.8,13851.4,1201.9
1786590803.918718,7945.6,397.0,5508.8,13851.4,1201.9
1786590804.018818,7945.6,397.0,5508.8,13851.4,1201.9
1786590804.118683,7945.6,397.0,5508.8,13851.4,1201.9
1786590804.218636,7945.6,397.1,5508.8,13851.5,1101.8
1786590804.318701,7945.6,397.1,5508.8,13851.5,1201.9
1786590804.418680,7945.6,397.1,5508.8,13851.5,1201.9
1786590804.518673,7945.6,397.1,5508.8,13851.5,1201.9
1786590804.618673,7945.6,397.1,5508.8,13851.5,1201.9
1786590804.719012,7945.6,397.1,5508.8,13851.5,1201.9
1786590804.818733,7945.6,397.1,5508.8,13851.5,1201.9
1786590804.918637,7945.6,397.1,5508.8,13851.5,1201.9
1786590805.018672,7945.6,397.1,5508.8,13851.5,1201.9
1786590805.118665,7945.6,397.1,5508.8,13851.5,1201.9
1786590805.218678,7945.6,397.1,5508.8,13851.5,1201.9
1786590805.318746,7945.6,397.1,5508.8,13851.5,1201.9
1786590805.418682,7945.6,397.1,5508.8,13851.5,1201.9
1786590805.518760,7945.6,397.1,5508.8,13851.5,1201.9
1786590805.618677,7945.6,397.1,5508.8,13851.5,1201.9
1786590805.719170,7945.6,794.2,5508.8,14248.6,1201.9
1786590805.818663,7945.6,794.2,5508.8,14248.6,1201.9
1786590805.918645,7945.6,794.2,5508.8,14248.6,1201.9
1786590806.018622,7945.6,794.2,5508.8,14248.6,1201.9
1786590806.118710,7945.6,397.1,5508.8,13851.5,1201.9
1786590806.218660,7945.6,397.1,5508.8,13851.5,1201.9
1786590806.318716,7945.6,397.1,5508.8,13851.5,1201.9
1786590806.418689,7945.6,397.1,5508.8,13851.5,1201.9
1786590806.518876,7945.6,794.2,5508.8,14248.6,1201.9
1786590806.618947,7945.6,793.9,5508.8,14248.3,1201.9
1786590806.718965,7945.6,1190.9,5609.0,14745.4,1201.9
1786590806.818934,7945.6,1190.9,5609.0,14745.4,1201.9
1786590806.918705,8342.9,1190.9,5609.0,15142.7,1201.9
1786590807.018598,7945.6,1191.4,5508.8,14645.8,1201.9
1786590807.118650,7945.6,793.9,5508.8,14248.3,1201.9
1786590807.218605,7945.6,793.9,5508.8,14248.3,1201.9
1786590807.318720,7945.6,793.9,5508.8,14248.3,1201.9
1786590807.418653,7942.4,793.9,5508.8,14245.1,1201.9
1786590807.518763,7942.4,793.9,5508.8,14245.1,1201.9
1786590807.618657,7942.4,793.9,5508.8,14245.1,1201.9
1786590807.718628,7942.4,793.9,5508.8,14245.1,1201.9
1786590807.818662,7942.4,793.9,5508.8,14245.1,1201.9
1786590807.918694,7942.4,793.9,5508.8,14245.1,1201.9
1786590808.018693,7942.4,397.0,5508.8,13848.2,1201.9
1786590808.118712,7942.4,397.0,5508.8,13848.2,1201.9
1786590808.218688,7942.4,397.0,5508.8,13848.2,1201.9
1786590808.318747,7945.6,397.1,5508.8,13851.5,1201.9
1786590808.418707,7945.6,397.1,5508.8,13851.5,1201.9
1786590808.518675,7945.6,397.1,5508.8,13851.5,1201.9
1786590808.618657,7945.6,397.1,5508.8,13851.5,1201.9
1786590808.718668,7945.6,397.1,5508.8,13851.5,1201.9
1786590808.818839,7945.6,397.1,5508.8,13851.5,1201.9
1786590808.918705,7945.6,397.1,5508.8,13851.5,1201.9
1786590809.018904,7945.6,794.2,5508.8,14248.6,1201.9
1786590809.118700,7945.6,397.1,5508.8,13851.5,1201.9
1786590809.218659,7945.6,397.1,5508.8,13851.5,1201.9
1786590809.318885,7945.6,397.0,5508.8,13851.4,1201.9
1786590809.418668,7942.4,397.0,5508.8,13848.2,1201.9
1786590809.518738,7942.4,397.0,5508.8,13848.2,1201.9
1786590809.618630,7942.4,397.0,5508.8,13848.2,1201.9
1786590809.718779,7942.4,397.0,5508.8,13848.2,1201.9
1786590809.818673,7942.4,397.0,5508.8,13848.2,1201.9
1786590809.918684,8339.5,397.0,5508.8,14245.3,1201.9
1786590810.018659,7945.6,397.1,5508.8,13851.5,1201.9
1786590810.118689,7945.6,397.1,5508.8,13851.5,1201.9
1786590810.218648,7945.6,397.1,5508.8,13851.5,1201.9
1786590810.318695,7945.6,397.1,5508.8,13851.5,1201.9
1786590810.418820,7945.6,397.1,5508.8,13851.5,1201.9
1786590810.518698,7945.6,397.1,5508.8,13851.5,1201.9
1786590810.618695,7945.6,397.1,5508.8,13851.5,1201.9
1786590810.718688,7945.6,397.1,5508.8,13851.5,1201.9
1786590810.818883,7945.6,397.1,5508.8,13851.5,1201.9
1786590810.918682,7945.6,397.1,5508.8,13851.5,1201.9
1786590811.018665,7945.6,397.1,5508.8,13851.5,1201.9
1786590811.118669,7945.6,397.1,5508.8,13851.5,1201.9
1786590811.218885,7945.6,794.2,5508.8,14248.6,1201.9
1786590811.318642,7945.6,397.1,5508.8,13851.5,1201.9
1786590811.418669,8342.9,397.1,5508.8,14248.8,1201.9
1786590811.518747,7945.6,397.1,5508.8,13851.5,1201.9
1786590811.618692,7945.6,397.1,5508.8,13851.5,1201.9
1786590811.718761,7945.6,397.1,5508.8,13851.5,1201.9
1786590811.818695,7945.6,397.1,5508.8,13851.5,1201.9
1786590811.918690,7945.6,397.1,5508.8,13851.5,1201.9
1786590812.018891,7945.6,794.2,5508.8,14248.6,1201.9
1786590812.119010,7945.6,794.2,5508.8,14248.6,1201.9
1786590812.219195,7945.6,1191.4,5609.0,14745.9,1201.9
1786590812.318853,8342.9,1191.4,5609.0,15143.2,1201.9
1786590812.418702,8342.9,1191.4,5609.0,15143.2,1201.9
1786590812.518646,8342.9,794.2,5609.0,14746.1,1201.9
1786590812.618617,7945.6,794.2,5609.0,14348.8,1201.9
1786590812.718615,8342.9,794.2,5609.0,14746.1,1201.9
1786590812.818785,7945.6,794.2,5508.8,14248.6,1201.9
1786590812.918650,7945.6,794.2,5508.8,14248.6,1201.9
1786590813.018628,8342.9,794.2,5508.8,14645.9,1201.9
1786590813.118642,8342.9,794.2,5508.8,14645.9,1201.9
1786590813.218652,7945.6,397.1,5508.8,13851.5,1201.9
1786590813.318687,8342.9,397.1,5508.8,14248.8,1201.9
1786590813.418684,7945.6,397.1,5508.8,13851.5,1201.9
1786590813.518971,7945.6,793.9,5508.8,14248.3,1201.9
1786590813.618642,8342.9,397.0,5508.8,14248.6,1201.9
1786590813.718613,8342.9,397.1,5508.8,14248.8,1201.9
1786590813.818608,7945.6,397.1,5508.8,13851.5,1201.9
1786590813.918680,7945.6,397.1,5508.8,13851.5,1201.9
1786590814.018683,8342.9,397.1,5508.8,14248.8,1201.9
1786590814.118657,7945.6,397.1,5508.8,13851.5,1201.9
1786590814.218676,7945.6,397.1,5508.8,13851.5,1201.9
1786590814.318662,8342.9,397.1,5508.8,14248.8,1201.9
1786590814.418709,7945.6,397.1,5508.8,13851.5,1201.9
1786590814.518692,7945.6,397.1,5508.8,13851.5,1201.9
1786590814.618668,8342.9,397.1,5508.8,14248.8,1201.9
1786590814.718657,8342.9,397.1,5508.8,14248.8,1201.9
1786590814.818817,8342.9,397.1,5508.8,14248.8,1201.9
1786590814.918691,8342.9,397.1,5508.8,14248.8,1201.9
1786590815.018661,8342.9,397.1,5508.8,14248.8,1201.9
1786590815.118658,8342.9,397.1,5508.8,14248.8,1201.9
1786590815.218662,8342.9,397.1,5508.8,14248.8,1201.9
1786590815.318698,7945.6,397.0,5508.8,13851.4,1201.9
1786590815.418693,8342.9,397.0,5508.8,14248.6,1201.9
1786590815.518931,8342.9,793.9,5508.8,14645.6,1201.9
1786590815.618673,7945.6,793.9,5508.8,14248.3,1201.9
1786590815.718942,8342.9,793.9,5508.8,14645.6,1201.9
1786590815.818678,7945.6,794.2,5508.8,14248.6,1201.9
1786590815.918662,7945.6,397.0,5508.8,13851.4,1201.9
1786590816.018670,8342.9,397.0,5508.8,14248.6,1201.9
1786590816.118719,7945.6,397.1,5508.8,13851.5,1201.9
1786590816.218667,7945.6,397.1,5508.8,13851.5,1201.9
1786590816.318660,8342.9,397.0,5508.8,14248.6,1201.9
1786590816.418708,8342.9,397.0,5508.8,14248.6,1201.9
1786590816.518684,8342.9,397.0,5508.8,14248.6,1201.9
1786590816.618678,8339.5,397.0,5508.8,14245.3,1201.9
1786590816.718973,8339.5,397.0,5508.8,14245.3,1201.9
1786590816.818977,7942.4,793.9,5508.8,14245.1,1201.9
1786590816.918710,7945.6,793.9,5508.8,14248.3,1201.9
1786590817.018624,8339.5,397.0,5508.8,14245.3,1201.9
1786590817.118652,8339.5,397.0,5609.0,14345.4,1201.9
1786590817.218686,8342.9,397.0,5508.8,14248.6,1201.9
1786590817.318674,8342.9,397.0,5508.8,14248.6,1201.9
1786590817.418651,8342.9,397.1,5508.8,14248.8,1201.9
1786590817.518918,8339.5,793.9,5508.8,14642.2,1201.9
1786590817.618941,8342.9,793.9,5609.0,14745.8,1201.9
1786590817.719243,8342.9,1190.9,5609.0,15142.7,1201.9
1786590817.818922,8339.5,1190.9,5709.1,15239.5,1302.1
1786590817.918676,8342.9,1191.4,5609.0,15143.2,1201.9
1786590818.018686,8342.9,794.2,5609.0,14746.1,1201.9
1786590818.118723,8342.9,794.2,5609.0,14746.1,1201.9
1786590818.218695,8342.9,794.2,5609.0,14746.1,1201.9
1786590818.318727,8342.9,793.9,5609.0,14745.8,1201.9
1786590818.418696,8342.9,793.9,5609.0,14745.8,1201.9
1786590818.518653,8342.9,793.9,5508.8,14645.6,1201.9
1786590818.618655,8342.9,794.2,5508.8,14645.9,1201.9
1786590818.718627,8342.9,397.0,5508.8,14248.6,1201.9
1786590818.818912,8342.9,397.0,5508.8,14248.6,1201.9
1786590818.918645,8342.9,397.1,5508.8,14248.8,1201.9
1786590819.018639,8342.9,397.0,5508.8,14248.6,1201.9
1786590819.118655,8342.9,397.0,5508.8,14248.6,1201.9
1786590819.218656,8342.9,397.1,5508.8,14248.8,1201.9
1786590819.318667,8342.9,397.1,5508.8,14248.8,1201.9
1786590819.418716,8342.9,397.1,5508.8,14248.8,1201.9
1786590819.518857,8342.9,397.1,5508.8,14248.8,1201.9
1786590819.618694,8342.9,397.1,5609.0,14349.0,1201.9
1786590819.718698,8342.9,397.1,5609.0,14349.0,1201.9
1786590819.818652,8342.9,397.1,5508.8,14248.8,1201.9
1786590819.918624,8342.9,397.1,5508.8,14248.8,1201.9
1786590820.018899,8342.9,397.1,5609.0,14349.0,1201.9
1786590820.118656,8342.9,397.1,5508.8,14248.8,1201.9
1786590820.218633,8342.9,397.1,5508.8,14248.8,1201.9
1786590820.318609,8342.9,397.1,5508.8,14248.8,1201.9
1786590820.418685,8342.9,397.1,5508.8,14248.8,1201.9
1786590820.518671,8342.9,397.1,5508.8,14248.8,1201.9
1786590820.618651,8342.9,397.1,5508.8,14248.8,1201.9
1786590820.718636,8342.9,397.1,5508.8,14248.8,1201.9
1786590820.818815,8342.9,397.1,5508.8,14248.8,1201.9
1786590820.918664,8342.9,397.1,5508.8,14248.8,1201.9
1786590821.018646,8342.9,397.1,5508.8,14248.8,1201.9
1786590821.118687,8342.9,397.1,5508.8,14248.8,1201.9
1786590821.218658,8342.9,397.1,5508.8,14248.8,1201.9
1786590821.318695,8342.9,397.1,5508.8,14248.8,1201.9
1786590821.418714,8342.9,397.1,5508.8,14248.8,1201.9
1786590821.518738,8342.9,397.1,5508.8,14248.8,1201.9
1786590821.618634,8342.9,397.1,5508.8,14248.8,1201.9
1786590821.718643,8342.9,397.1,5508.8,14248.8,1201.9
1786590821.818680,8342.9,397.1,5508.8,14248.8,1201.9
1786590821.918685,8342.9,397.1,5609.0,14349.0,1201.9
1786590822.018682,8342.9,397.1,5508.8,14248.8,1201.9
1786590822.118812,8342.9,397.1,5508.8,14248.8,1201.9
1786590822.218951,8342.9,794.2,5609.0,14746.1,1201.9
1786590822.318684,8342.9,397.1,5609.0,14349.0,1201.9
1786590822.418752,8342.9,397.1,5508.8,14248.8,1201.9
1786590822.518637,8342.9,397.1,5508.8,14248.8,1201.9
1786590822.618661,8342.9,397.1,5508.8,14248.8,1201.9
1786590822.718672,8342.9,397.1,5609.0,14349.0,1201.9
1786590822.818801,8342.9,397.1,5609.0,14349.0,1201.9
1786590822.918685,8342.9,397.1,5508.8,14248.8,1201.9
1786590823.018912,8342.9,794.2,5609.0,14746.1,1201.9
1786590823.118951,8342.9,794.2,5609.0,14746.1,1201.9
1786590823.219138,8342.9,1191.4,5609.0,15143.2,1201.9
1786590823.318907,8342.9,1191.4,5609.0,15143.2,1201.9
1786590823.418696,8342.9,1191.4,5609.0,15143.2,1201.9
1786590823.518863,8342.9,794.2,5609.0,14746.1,1201.9
1786590823.618619,8342.9,794.2,5609.0,14746.1,1201.9
1786590823.718658,8342.9,794.2,5609.0,14746.1,1201.9
1786590823.818619,8342.9,794.2,5609.0,14746.1,1201.9
1786590823.918631,8342.9,794.2,5609.0,14746.1,1201.9
1786590824.018660,8342.9,794.2,5609.0,14746.1,1201.9
1786590824.118691,8342.9,794.2,5609.0,14746.1,1201.9
1786590824.218710,8342.9,397.1,5609.0,14349.0,1201.9
1786590824.318678,8342.9,397.1,5508.8,14248.8,1201.9
1786590824.418822,8342.9,397.1,5609.0,14349.0,1201.9
1786590824.518933,8342.9,794.2,5609.0,14746.1,1201.9
1786590824.618674,8342.9,397.1,5609.0,14349.0,1201.9
1786590824.718661,8342.9,397.1,5609.0,14349.0,1201.9
1786590824.819059,8342.9,794.2,5609.0,14746.1,1201.9
1786590824.918715,8342.9,794.2,5609.0,14746.1,1201.9
1786590825.018642,8342.9,794.2,5609.0,14746.1,1201.9
1786590825.118655,8342.9,397.1,5609.0,14349.0,1201.9
1786590825.218669,8342.9,397.0,5609.0,14348.8,1201.9
1786590825.318648,8342.9,397.1,5609.0,14349.0,1201.9
1786590825.418677,8342.9,397.1,5609.0,14349.0,1201.9
1786590825.518807,8342.9,397.0,5609.0,14348.8,1201.9
1786590825.618654,8342.9,397.0,5609.0,14348.8,1201.9
1786590825.718979,8342.9,397.1,5508.8,14248.8,1201.9
1786590825.818980,8342.9,793.9,5609.0,14745.8,1201.9
1786590825.918650,8342.9,794.2,5609.0,14746.1,1201.9
1786590826.018646,8342.9,794.2,5609.0,14746.1,1201.9
1786590826.118795,8342.9,794.2,5609.0,14746.1,1201.9
1786590826.218653,8342.9,794.2,5609.0,14746.1,1201.9
1786590826.318673,8342.9,397.1,5609.0,14349.0,1201.9
1786590826.418712,8342.9,397.1,5508.8,14248.8,1201.9
1786590826.518641,8342.9,397.1,5609.0,14349.0,1201.9
1786590826.618645,8342.9,397.1,5609.0,14349.0,1201.9
1786590826.719001,8342.9,793.9,5609.0,14745.8,1201.9
1786590826.819016,8342.9,793.9,5609.0,14745.8,1201.9
1786590826.918658,8342.9,793.9,5609.0,14745.8,1201.9
1786590827.018629,8342.9,794.2,5609.0,14746.1,1201.9
1786590827.118613,8342.9,794.2,5609.0,14746.1,1201.9
1786590827.218657,8342.9,397.1,5609.0,14349.0,1201.9
1786590827.318646,8342.9,397.1,5609.0,14349.0,1201.9
1786590827.418724,8342.9,397.1,5508.8,14248.8,1201.9
1786590827.518856,8342.9,397.1,5508.8,14248.8,1201.9
1786590827.618703,8342.9,397.1,5508.8,14248.8,1201.9
1786590827.718692,8339.5,397.0,5609.0,14345.4,1201.9
1786590827.818708,8342.9,397.0,5508.8,14248.6,1201.9
1786590827.918702,8342.9,397.1,5609.0,14349.0,1201.9
1786590828.018706,8342.9,397.1,5609.0,14349.0,1201.9
1786590828.118669,8342.9,397.1,5609.0,14349.0,1201.9
1786590828.218663,8342.9,397.1,5508.8,14248.8,1201.9
1786590828.318652,8342.9,397.1,5609.0,14349.0,1201.9
1786590828.418678,8342.9,397.1,5609.0,14349.0,1201.9
1786590828.518926,8342.9,794.2,5609.0,14746.1,1201.9
1786590828.618878,8342.9,794.2,5609.0,14746.1,1201.9
1786590828.719252,8342.9,1191.4,5609.0,15143.2,1201.9
1786590828.818933,8342.9,1191.4,5709.1,15243.4,1302.1
1786590828.918707,8342.9,1191.4,5609.0,15143.2,1302.1
1786590829.018631,8342.9,794.2,5609.0,14746.1,1201.9
1786590829.118644,8342.9,794.2,5609.0,14746.1,1201.9
1786590829.218698,8342.9,794.2,5609.0,14746.1,1201.9
1786590829.318690,8342.9,794.2,5609.0,14746.1,1201.9
1786590829.418869,8342.9,794.2,5609.0,14746.1,1201.9
1786590829.518875,8342.9,794.2,5609.0,14746.1,1201.9
1786590829.618710,8342.9,794.2,5609.0,14746.1,1201.9
1786590829.718683,8342.9,794.2,5609.0,14746.1,1201.9
1786590829.818653,8342.9,397.1,5609.0,14349.0,1201.9
1786590829.918693,8342.9,397.1,5609.0,14349.0,1201.9
1786590830.018677,8342.9,397.1,5609.0,14349.0,1201.9
1786590830.118669,8342.9,397.1,5609.0,14349.0,1201.9
1786590830.218659,8342.9,397.1,5609.0,14349.0,1201.9
1786590830.318640,8342.9,397.1,5609.0,14349.0,1201.9
1786590830.418668,8342.9,397.1,5609.0,14349.0,1201.9
1786590830.518648,8342.9,397.1,5508.8,14248.8,1201.9
1786590830.618658,8342.9,397.1,5508.8,14248.8,1201.9
1786590830.718670,8342.9,397.0,5609.0,14348.8,1201.9
1786590830.818821,8342.9,397.0,5609.0,14348.8,1201.9
1786590830.918836,8342.9,397.0,5609.0,14348.8,1201.9
1786590831.018919,8342.9,397.0,5609.0,14348.8,1201.9
1786590831.118655,8342.9,397.0,5609.0,14348.8,1201.9
1786590831.219037,8339.5,793.9,5609.0,14742.4,1201.9
1786590831.318940,8339.5,793.9,5609.0,14742.4,1201.9
1786590831.418742,8342.9,793.9,5609.0,14745.8,1201.9
1786590831.519124,8342.9,1190.9,5609.0,15142.7,1201.9
1786590831.618886,8342.9,1190.9,5609.0,15142.7,1201.9
1786590831.718640,8342.9,793.9,5609.0,14745.8,1201.9
1786590831.818635,8342.9,794.2,5609.0,14746.1,1201.9
1786590831.918660,8342.9,794.2,5609.0,14746.1,1201.9
1786590832.018713,8342.9,793.9,5609.0,14745.8,1201.9
1786590832.118654,8342.9,794.2,5609.0,14746.1,1201.9
1786590832.218665,8342.9,794.2,5609.0,14746.1,1201.9
1786590832.318657,8342.9,793.9,5609.0,14745.8,1201.9
1786590832.418703,8339.5,397.0,5609.0,14345.4,1201.9
1786590832.518671,8339.5,397.0,5609.0,14345.4,1201.9
1786590832.618718,8339.5,397.0,5609.0,14345.4,1201.9
1786590832.718682,8339.5,397.0,5609.0,14345.4,1201.9
1786590832.818826,8339.5,397.0,5609.0,14345.4,1201.9
1786590832.918728,8339.5,397.0,5609.0,14345.4,1201.9
1786590833.018694,8342.9,397.0,5609.0,14348.8,1201.9
1786590833.118669,8342.9,397.0,5609.0,14348.8,1201.9
1786590833.218897,8342.9,397.0,5609.0,14348.8,1201.9
1786590833.318663,8342.9,397.0,5609.0,14348.8,1201.9
1786590833.418655,8342.9,397.0,5609.0,14348.8,1201.9
1786590833.518885,8342.9,397.1,5609.0,14349.0,1201.9
1786590833.618749,8342.9,397.1,5609.0,14349.0,1201.9
1786590833.718689,8342.9,397.1,5609.0,14349.0,1201.9
1786590833.818667,8342.9,397.1,5609.0,14349.0,1201.9
1786590833.918710,8342.9,397.1,5508.8,14248.8,1201.9
1786590834.018930,8342.9,794.2,5609.0,14746.1,1201.9
1786590834.119010,8342.9,794.2,5609.0,14746.1,1201.9
1786590834.219095,8342.9,1191.4,5609.0,15143.2,1201.9
1786590834.318951,8342.9,1191.4,5609.0,15143.2,1201.9
1786590834.418737,8342.9,794.2,5609.0,14746.1,1201.9
1786590834.518876,8342.9,1191.4,5609.0,15143.2,1201.9
1786590834.618917,8342.9,1191.4,5609.0,15143.2,1302.1
1786590834.719090,8342.9,1191.4,5709.1,15243.4,1302.1
1786590834.818943,8342.9,1191.4,5709.1,15243.4,1302.1
1786590834.918640,8342.9,1191.4,5709.1,15243.4,1302.1
1786590835.018646,8342.9,1191.4,5609.0,15143.2,1201.9
1786590835.118618,8342.9,794.2,5609.0,14746.1,1201.9
1786590835.218634,8342.9,794.2,5609.0,14746.1,1201.9
1786590835.318648,8342.9,794.2,5609.0,14746.1,1201.9
1786590835.418650,8342.9,793.9,5609.0,14745.8,1201.9
1786590835.519027,8342.9,793.9,5609.0,14745.8,1201.9
1786590835.618727,8342.9,793.9,5609.0,14745.8,1201.9
1786590835.718652,8342.9,793.9,5609.0,14745.8,1201.9
1786590835.818715,8342.9,793.9,5609.0,14745.8,1201.9
1786590835.918697,8342.9,397.0,5609.0,14348.8,1201.9
1786590836.018733,8342.9,397.0,5609.0,14348.8,1201.9
1786590836.118683,8342.9,397.0,5609.0,14348.8,1201.9
1786590836.218667,8342.9,397.0,5609.0,14348.8,1201.9
1786590836.318651,8342.9,397.0,5609.0,14348.8,1201.9
1786590836.418657,8342.9,397.0,5609.0,14348.8,1201.9
1786590836.518656,8342.9,397.0,5609.0,14348.8,1201.9
1786590836.618719,8342.9,397.0,5609.0,14348.8,1201.9
1786590836.718660,8342.9,397.0,5609.0,14348.8,1201.9
1786590836.818995,8339.5,793.9,5609.0,14742.4,1201.9
1786590836.918840,8339.5,793.9,5609.0,14742.4,1201.9
1786590837.018646,8342.9,793.9,5609.0,14745.8,1201.9
1786590837.118639,8342.9,397.0,5609.0,14348.8,1201.9
1786590837.218727,8342.9,397.0,5609.0,14348.8,1201.9
1786590837.318620,8342.9,397.1,5609.0,14349.0,1201.9
1786590837.418654,8342.9,397.1,5609.0,14349.0,1201.9
1786590837.518903,8342.9,397.1,5609.0,14349.0,1201.9
1786590837.618696,8342.9,397.1,5609.0,14349.0,1201.9
1786590837.718929,8342.9,794.2,5609.0,14746.1,1201.9
1786590837.818687,8342.9,397.1,5609.0,14349.0,1201.9
1786590837.918654,8342.9,397.1,5609.0,14349.0,1201.9
1786590838.018638,8342.9,397.1,5609.0,14349.0,1201.9
1786590838.118665,8342.9,397.1,5609.0,14349.0,1201.9
1786590838.218658,8342.9,397.1,5609.0,14349.0,1201.9
1786590838.318626,8342.9,397.1,5609.0,14349.0,1201.9
1786590838.418653,8342.9,397.1,5609.0,14349.0,1201.9
1786590838.518664,8342.9,397.1,5609.0,14349.0,1201.9
1786590838.618742,8342.9,397.1,5609.0,14349.0,1201.9
1786590838.718643,8342.9,397.1,5609.0,14349.0,1201.9
1786590838.818856,8342.9,397.1,5609.0,14349.0,1201.9
1786590838.918632,8342.9,397.1,5609.0,14349.0,1201.9
1786590839.018695,8342.9,397.1,5609.0,14349.0,1201.9
1786590839.118673,8342.9,397.1,5609.0,14349.0,1201.9
1786590839.218668,8342.9,397.1,5609.0,14349.0,1201.9
1786590839.318611,8342.9,397.1,5609.0,14349.0,1201.9
1786590839.418721,8342.9,397.1,5609.0,14349.0,1201.9
1786590839.519019,8342.9,793.9,5609.0,14745.8,1201.9
1786590839.618874,8339.5,793.9,5609.0,14742.4,1201.9
1786590839.719156,8339.5,1190.9,5609.0,15139.4,1302.1
1786590839.818930,8342.9,1190.9,5709.1,15242.9,1302.1
1786590839.918670,8342.9,1191.4,5709.1,15243.4,1302.1
1786590840.018670,8342.9,794.2,5709.1,14846.2,1302.1
1786590840.118726,8342.9,794.2,5609.0,14746.1,1201.9
1786590840.218691,8342.9,794.2,5609.0,14746.1,1201.9
1786590840.318607,8342.9,794.2,5609.0,14746.1,1201.9
1786590840.418622,8342.9,794.2,5609.0,14746.1,1201.9
1786590840.518682,8342.9,793.9,5609.0,14745.8,1201.9
1786590840.618715,8342.9,793.9,5609.0,14745.8,1201.9
1786590840.718645,8342.9,397.1,5609.0,14349.0,1201.9
1786590840.818801,8342.9,397.0,5609.0,14348.8,1201.9
1786590840.918648,8342.9,397.0,5609.0,14348.8,1201.9
1786590841.018667,8342.9,397.0,5609.0,14348.8,1201.9
1786590841.118702,8339.5,397.0,5609.0,14345.4,1201.9
1786590841.218652,8342.9,397.0,5609.0,14348.8,1201.9
1786590841.318700,8342.9,397.0,5609.0,14348.8,1201.9
1786590841.418644,8342.9,397.1,5609.0,14349.0,1201.9
1786590841.518764,8342.9,397.1,5609.0,14349.0,1201.9
1786590841.618738,8342.9,397.1,5609.0,14349.0,1201.9
1786590841.718663,8342.9,397.1,5609.0,14349.0,1201.9
1786590841.818725,8342.9,397.1,5609.0,14349.0,1201.9
1786590841.918678,8342.9,397.1,5609.0,14349.0,1201.9
1786590842.018961,8342.9,794.2,5609.0,14746.1,1201.9
1786590842.118638,8342.9,397.1,5609.0,14349.0,1201.9
1786590842.218653,8342.9,397.1,5609.0,14349.0,1201.9
1786590842.318635,8342.9,397.1,5609.0,14349.0,1201.9
1786590842.418719,8342.9,397.1,5609.0,14349.0,1201.9
1786590842.518678,8342.9,397.1,5609.0,14349.0,1201.9
1786590842.618809,8342.9,397.1,5609.0,14349.0,1201.9
1786590842.718621,8342.9,397.1,5609.0,14349.0,1201.9
1786590842.818804,8342.9,397.1,5609.0,14349.0,1201.9
1786590842.918638,8342.9,397.1,5609.0,14349.0,1201.9
1786590843.018672,8342.9,397.1,5609.0,14349.0,1201.9
1786590843.118695,8342.9,397.1,5609.0,14349.0,1201.9
1786590843.218693,8342.9,397.1,5609.0,14349.0,1201.9
1786590843.319109,8342.9,397.1,5609.0,14349.0,1201.9
1786590843.418679,8342.9,397.1,5609.0,14349.0,1201.9
1786590843.518781,8342.9,397.1,5609.0,14349.0,1201.9
1786590843.618744,8342.9,397.1,5609.0,14349.0,1201.9
1786590843.718688,8342.9,397.1,5609.0,14349.0,1201.9
1786590843.818698,8342.9,397.1,5609.0,14349.0,1201.9
1786590843.918679,8342.9,397.1,5609.0,14349.0,1201.9
1786590844.018660,8342.9,397.1,5609.0,14349.0,1201.9
1786590844.118626,8342.9,397.1,5609.0,14349.0,1201.9
1786590844.218945,8342.9,397.1,5609.0,14349.0,1201.9
1786590844.318663,8342.9,397.1,5609.0,14349.0,1201.9
1786590844.418659,8342.9,397.1,5609.0,14349.0,1201.9
1786590844.518673,8342.9,397.1,5609.0,14349.0,1201.9
1786590844.618759,8342.9,397.1,5609.0,14349.0,1201.9
1786590844.718655,8342.9,397.1,5609.0,14349.0,1201.9
1786590844.818907,8342.9,397.1,5609.0,14349.0,1201.9
1786590844.918683,8342.9,397.1,5609.0,14349.0,1201.9
1786590845.018950,8342.9,794.2,5609.0,14746.1,1201.9
1786590845.118872,8342.9,794.2,5609.0,14746.1,1201.9
1786590845.219165,8342.9,1191.4,5609.0,15143.2,1302.1
1786590845.318937,8342.9,1191.4,5709.1,15243.4,1302.1
1786590845.418639,8342.9,1191.4,5609.0,15143.2,1302.1
1786590845.518837,8342.9,794.2,5609.0,14746.1,1201.9
1786590845.618699,8342.9,794.2,5609.0,14746.1,1201.9
1786590845.718625,8342.9,794.2,5609.0,14746.1,1201.9
1786590845.819090,8342.9,794.2,5609.0,14746.1,1201.9
1786590845.918981,8342.9,794.2,5609.0,14746.1,1201.9
1786590846.018751,8342.9,794.2,5609.0,14746.1,1201.9
1786590846.118641,8342.9,794.2,5609.0,14746.1,1201.9
1786590846.218659,8342.9,794.2,5609.0,14746.1,1201.9
1786590846.318663,8342.9,793.9,5609.0,14745.8,1201.9
1786590846.418627,8342.9,793.9,5609.0,14745.8,1201.9
1786590846.518948,8342.9,794.2,5609.0,14746.1,1201.9
1786590846.618681,8342.9,794.2,5609.0,14746.1,1201.9
1786590846.718715,8342.9,794.2,5609.0,14746.1,1201.9
1786590846.818840,8342.9,794.2,5609.0,14746.1,1201.9
1786590846.918885,8342.9,794.2,5609.0,14746.1,1201.9
1786590847.018760,8342.9,794.2,5609.0,14746.1,1201.9
1786590847.118594,8342.9,794.2,5609.0,14746.1,1201.9
1786590847.218651,8342.9,397.1,5609.0,14349.0,1201.9
1786590847.318662,8342.9,397.1,5609.0,14349.0,1201.9
1786590847.418604,8342.9,397.1,5609.0,14349.0,1201.9
1786590847.518838,8342.9,397.1,5609.0,14349.0,1201.9
1786590847.618660,8342.9,397.1,5609.0,14349.0,1201.9
1786590847.718646,8342.9,397.1,5609.0,14349.0,1201.9
1786590847.818708,8342.9,397.1,5508.8,14248.8,1201.9
1786590847.918684,8342.9,397.1,5609.0,14349.0,1201.9
1786590848.018799,8342.9,397.1,5609.0,14349.0,1201.9
1786590848.118662,8342.9,397.1,5609.0,14349.0,1201.9
1786590848.218698,8342.9,397.1,5609.0,14349.0,1201.9
1786590848.318712,8342.9,397.1,5609.0,14349.0,1201.9
1786590848.418670,8342.9,397.1,5609.0,14349.0,1201.9
1786590848.518664,8342.9,397.1,5609.0,14349.0,1201.9
1786590848.618644,8342.9,397.1,5609.0,14349.0,1201.9
1786590848.719022,8342.9,794.2,5609.0,14746.1,1201.9
1786590848.818891,8342.9,794.2,5609.0,14746.1,1201.9
1786590848.918642,8342.9,397.1,5609.0,14349.0,1201.9
1786590849.018636,8342.9,397.1,5609.0,14349.0,1201.9
1786590849.118639,8342.9,397.1,5609.0,14349.0,1201.9
1786590849.218699,8342.9,397.1,5609.0,14349.0,1201.9
1786590849.318694,8342.9,397.1,5609.0,14349.0,1201.9
1786590849.418670,8342.9,397.1,5609.0,14349.0,1201.9
1786590849.518857,8342.9,397.1,5609.0,14349.0,1201.9
1786590849.618723,8342.9,397.1,5609.0,14349.0,1201.9
1786590849.718693,8342.9,397.1,5609.0,14349.0,1201.9
1786590849.818685,8342.9,397.1,5609.0,14349.0,1201.9
1786590849.918660,8342.9,397.1,5609.0,14349.0,1201.9
1786590850.018775,8342.9,397.1,5609.0,14349.0,1201.9
1786590850.118676,8342.9,397.1,5609.0,14349.0,1201.9
1786590850.218630,8342.9,397.1,5609.0,14349.0,1201.9
1786590850.318659,8342.9,397.1,5609.0,14349.0,1201.9
1786590850.418721,8342.9,397.1,5609.0,14349.0,1201.9
1786590850.518908,8342.9,794.2,5609.0,14746.1,1201.9
1786590850.618937,8342.9,794.2,5609.0,14746.1,1201.9
1786590850.719718,8342.9,1191.4,5709.1,15243.4,1302.1
1786590850.818902,8342.9,1191.4,5709.1,15243.4,1302.1
1786590850.918672,8342.9,1191.4,5709.1,15243.4,1302.1
1786590851.018663,8740.2,794.2,5709.1,15243.5,1302.1
1786590851.118619,8342.9,794.2,5609.0,14746.1,1201.9
1786590851.218639,8342.9,794.2,5609.0,14746.1,1201.9
1786590851.318694,8342.9,794.2,5609.0,14746.1,1201.9
1786590851.418709,8342.9,794.2,5609.0,14746.1,1201.9
1786590851.518723,8342.9,794.2,5609.0,14746.1,1201.9
1786590851.618647,8342.9,794.2,5609.0,14746.1,1201.9
1786590851.718653,8342.9,397.1,5609.0,14349.0,1201.9
1786590851.818747,8342.9,397.1,5609.0,14349.0,1201.9
1786590851.918675,8342.9,397.1,5609.0,14349.0,1201.9
1786590852.018651,8342.9,397.1,5609.0,14349.0,1201.9
1786590852.118874,8342.9,397.1,5609.0,14349.0,1201.9
1786590852.218754,8342.9,397.1,5609.0,14349.0,1201.9
1786590852.318627,8342.9,397.1,5609.0,14349.0,1201.9
1786590852.418713,8342.9,397.1,5609.0,14349.0,1201.9
1786590852.518663,8342.9,397.1,5609.0,14349.0,1201.9
1786590852.618665,8342.9,397.1,5609.0,14349.0,1201.9
1786590852.718640,8342.9,397.1,5609.0,14349.0,1201.9
1786590852.818808,8342.9,397.1,5609.0,14349.0,1201.9
1786590852.918695,8342.9,397.1,5609.0,14349.0,1201.9
1786590853.018879,8342.9,397.1,5609.0,14349.0,1201.9
1786590853.118604,8342.9,397.1,5609.0,14349.0,1201.9
1786590853.218642,8342.9,397.1,5609.0,14349.0,1201.9
1786590853.318576,8342.9,397.1,5609.0,14349.0,1201.9
1786590853.418859,8342.9,397.1,5609.0,14349.0,1201.9
1786590853.518810,8740.2,397.1,5609.0,14746.2,1201.9
1786590853.618695,8342.9,397.1,5609.0,14349.0,1201.9
1786590853.718678,8342.9,397.1,5609.0,14349.0,1201.9
1786590853.818678,8342.9,397.1,5609.0,14349.0,1201.9
1786590853.918716,8342.9,397.1,5609.0,14349.0,1201.9
1786590854.018667,8342.9,397.1,5609.0,14349.0,1201.9
1786590854.118674,8342.9,397.1,5609.0,14349.0,1201.9
1786590854.218682,8342.9,397.1,5609.0,14349.0,1201.9
1786590854.318637,8342.9,397.1,5609.0,14349.0,1201.9
1786590854.418677,8342.9,397.1,5609.0,14349.0,1201.9
1786590854.518705,8342.9,397.1,5609.0,14349.0,1201.9
1786590854.618681,8342.9,397.1,5609.0,14349.0,1201.9
1786590854.718672,8342.9,397.1,5609.0,14349.0,1201.9
1786590854.818992,8342.9,397.1,5609.0,14349.0,1201.9
1786590854.918703,8342.9,397.1,5609.0,14349.0,1201.9
1786590855.018655,8342.9,397.1,5609.0,14349.0,1201.9
1786590855.118667,8342.9,397.0,5609.0,14348.8,1201.9
1786590855.218911,8339.5,397.0,5609.0,14345.4,1201.9
1786590855.318658,8342.9,397.1,5609.0,14349.0,1201.9
1786590855.418651,8342.9,397.1,5609.0,14349.0,1201.9
1786590855.518836,8342.9,397.1,5609.0,14349.0,1201.9
1786590855.618746,8342.9,397.1,5609.0,14349.0,1201.9
1786590855.718684,8342.9,397.1,5609.0,14349.0,1201.9
1786590855.818682,8342.9,397.1,5609.0,14349.0,1201.9
1786590855.918706,8342.9,397.1,5609.0,14349.0,1201.9
1786590856.018905,8342.9,794.2,5609.0,14746.1,1201.9
1786590856.118907,8342.9,794.2,5609.0,14746.1,1201.9
1786590856.219309,8736.6,1190.9,5709.1,15636.6,1302.1
1786590856.318924,8740.2,1190.9,5709.1,15640.2,1302.1
1786590856.418707,8740.2,1190.9,5709.1,15640.2,1302.1
1786590856.518678,8342.9,793.9,5709.1,14845.9,1302.1
1786590856.618619,8736.6,793.9,5709.1,15239.7,1302.1
1786590856.718624,8339.5,793.9,5709.1,14842.6,1302.1
1786590856.818840,8736.6,793.9,5709.1,15239.7,1302.1
1786590856.918933,8736.6,793.9,5709.1,15239.7,1302.1
1786590857.018648,8736.6,793.9,5709.1,15239.7,1302.1
1786590857.118628,8339.5,793.9,5709.1,14842.6,1302.1
1786590857.218621,8736.6,793.9,5709.1,15239.7,1302.1
1786590857.318639,8339.5,793.9,5709.1,14842.6,1302.1
1786590857.418682,8736.6,397.0,5709.1,14842.7,1302.1
1786590857.518889,8339.5,793.9,5709.1,14842.6,1302.1
1786590857.618742,8736.6,793.9,5709.1,15239.7,1302.1
1786590857.718662,8339.5,397.0,5709.1,14445.6,1302.1
1786590857.818618,8736.6,397.0,5709.1,14842.7,1302.1
1786590857.918684,8339.5,397.0,5709.1,14445.6,1302.1
1786590858.018678,8339.5,397.0,5709.1,14445.6,1302.1
1786590858.118694,8339.5,397.0,5709.1,14445.6,1302.1
1786590858.218673,8736.6,397.0,5709.1,14842.7,1302.1
1786590858.318697,8736.6,397.0,5909.4,15043.0,1502.4
1786590858.418664,9133.8,397.0,6410.2,15941.0,1802.9
1786590858.518768,8740.2,397.0,6310.1,15447.2,1702.7
1786590858.618716,8740.2,397.0,6109.8,15246.9,1602.6
1786590858.718661,8342.9,397.0,6009.6,14749.4,1502.4
1786590858.818720,8342.9,397.0,5909.4,14649.3,1402.2
1786590858.918743,8342.9,397.0,5909.4,14649.3,1402.2
1786590859.018678,8342.9,397.0,5809.3,14549.1,1302.1
1786590859.118655,7945.6,397.0,5809.3,14151.8,1302.1
1786590859.218688,7945.6,397.0,5709.1,14051.7,1302.1
1786590859.318660,7945.6,397.1,5709.1,14051.8,1302.1
1786590859.418694,7945.6,397.1,5709.1,14051.8,1302.1
1786590859.518770,7945.6,397.1,5709.1,14051.8,1302.1
1786590859.618739,7945.6,397.1,5709.1,14051.8,1302.1
1786590859.718956,7945.6,794.2,5709.1,14449.0,1302.1
1786590859.818708,7945.6,794.2,5709.1,14449.0,1302.1
1786590859.918652,7945.6,397.1,5609.0,13951.7,1302.1
1786590860.018639,7945.6,397.1,5609.0,13951.7,1302.1
1786590860.118652,7945.6,397.1,5609.0,13951.7,1302.1
1786590860.218673,7945.6,397.1,5609.0,13951.7,1302.1
1786590860.318646,7945.6,397.0,5609.0,13951.5,1302.1
1786590860.418661,7945.6,397.0,5609.0,13951.5,1302.1
1786590860.518659,7945.6,397.0,5709.1,14051.7,1302.1
1786590860.618800,7945.6,397.0,5709.1,14051.7,1302.1
1786590860.718717,7945.6,397.0,5709.1,14051.7,1302.1
1786590860.818680,7945.6,397.0,5709.1,14051.7,1302.1
1786590860.918810,8342.9,397.0,5709.1,14449.0,1302.1
1786590861.018698,8342.9,397.0,5709.1,14449.0,1302.1
1786590861.118668,8342.9,397.0,5709.1,14449.0,1302.1
1786590861.218668,8342.9,397.0,5709.1,14449.0,1302.1
1786590861.318663,8342.9,397.0,5709.1,14449.0,1302.1
1786590861.418661,8342.9,397.0,5709.1,14449.0,1302.1
1786590861.519012,8339.5,793.9,5709.1,14842.6,1302.1
1786590861.618966,8339.5,793.9,5709.1,14842.6,1302.1
1786590861.719137,8339.5,1190.9,5809.3,15339.7,1302.1
1786590861.818932,8339.5,1190.9,5809.3,15339.7,1402.2
1786590861.918729,8342.9,1190.9,5809.3,15343.0,1302.1
1786590862.018676,8342.9,793.9,5809.3,14946.1,1302.1
1786590862.118693,8342.9,793.9,5709.1,14845.9,1302.1
1786590862.218685,8342.9,793.9,5709.1,14845.9,1302.1
1786590862.318649,8342.9,793.9,5709.1,14845.9,1302.1
1786590862.418671,8342.9,793.9,5709.1,14845.9,1302.1
1786590862.518701,8342.9,793.9,5709.1,14845.9,1302.1
1786590862.618726,8342.9,793.9,5709.1,14845.9,1302.1
1786590862.718658,8342.9,397.0,5709.1,14449.0,1302.1
1786590862.818664,8342.9,397.0,5709.1,14449.0,1302.1
1786590862.918758,8342.9,397.0,5709.1,14449.0,1302.1
1786590863.018692,8342.9,397.0,5709.1,14449.0,1302.1
1786590863.118657,8342.9,397.0,5709.1,14449.0,1302.1
1786590863.218691,8342.9,397.0,5709.1,14449.0,1302.1
1786590863.318669,8342.9,397.0,5709.1,14449.0,1302.1
1786590863.418671,8342.9,397.0,5709.1,14449.0,1302.1
1786590863.518796,8342.9,397.0,5709.1,14449.0,1302.1
1786590863.618687,8342.9,397.0,5809.3,14549.1,1302.1
1786590863.718758,8342.9,397.0,5809.3,14549.1,1302.1
1786590863.818655,8342.9,397.0,5809.3,14549.1,1302.1
1786590863.918693,8342.9,397.0,5809.3,14549.1,1302.1
1786590864.018935,8342.9,793.9,5809.3,14946.1,1302.1
1786590864.118797,8342.9,397.0,5809.3,14549.1,1302.1
1786590864.218645,8342.9,397.0,5809.3,14549.1,1302.1
1786590864.318620,8342.9,397.0,5809.3,14549.1,1302.1
1786590864.418629,8736.6,397.0,5809.3,14942.9,1302.1
1786590864.518633,8339.5,397.0,5809.3,14545.8,1302.1
1786590864.618987,8736.6,397.0,5809.3,14942.9,1302.1
1786590864.718716,8342.9,397.0,5809.3,14549.1,1302.1
1786590864.818702,8736.6,397.0,5809.3,14942.9,1302.1
1786590864.918787,8736.6,397.0,5809.3,14942.9,1302.1
1786590865.018709,8740.2,397.0,5809.3,14946.4,1402.2
1786590865.118654,8740.2,397.0,5809.3,14946.4,1302.1
1786590865.218668,8740.2,397.0,5809.3,14946.4,1302.1
1786590865.318657,8736.6,397.0,5809.3,14942.9,1402.2
1786590865.418664,8740.2,397.0,5809.3,14946.4,1302.1
1786590865.518788,8736.6,397.0,5809.3,14942.9,1402.2
1786590865.618668,8736.6,397.0,5809.3,14942.9,1302.1
1786590865.718775,8736.6,397.0,5809.3,14942.9,1402.2
1786590865.818662,8736.6,397.0,5809.3,14942.9,1402.2
1786590865.918998,8736.6,793.9,5909.4,15440.0,1402.2
1786590866.018961,8736.6,793.9,5909.4,15440.0,1402.2
1786590866.118669,8736.6,793.9,5909.4,15440.0,1402.2
1786590866.218916,8736.6,793.9,5909.4,15440.0,1402.2
1786590866.318673,8736.6,793.9,5909.4,15440.0,1402.2
1786590866.418657,8740.2,793.9,5909.4,15443.5,1402.2
1786590866.518659,8736.6,793.9,5909.4,15440.0,1402.2
1786590866.618717,8736.6,793.9,5909.4,15440.0,1402.2
1786590866.718902,8736.6,793.9,5909.4,15440.0,1402.2
1786590866.818958,8740.2,793.9,5909.4,15443.5,1402.2
1786590866.919162,8740.2,1190.9,5909.4,15840.5,1402.2
1786590867.019092,8736.6,1587.8,6009.6,16334.1,1502.4
1786590867.118996,8740.2,1587.8,6009.6,16337.6,1502.4
1786590867.219119,8740.2,1588.5,6009.6,16338.2,1502.4
1786590867.318961,8740.2,1588.5,6009.6,16338.2,1502.4
1786590867.418650,8740.2,1191.4,6009.6,15941.1,1402.2
1786590867.518797,8740.2,1191.4,6009.6,15941.1,1402.2
1786590867.618712,8740.2,1191.4,5909.4,15841.0,1402.2
1786590867.718627,8740.2,794.2,5909.4,15443.8,1402.2
1786590867.818696,8740.2,794.2,5909.4,15443.8,1402.2
1786590867.918671,8740.2,794.2,5909.4,15443.8,1402.2
1786590868.018673,8740.2,794.2,5909.4,15443.8,1402.2
1786590868.118758,8740.2,794.2,5909.4,15443.8,1402.2
1786590868.218665,8740.2,794.2,5909.4,15443.8,1402.2
1786590868.318665,8740.2,794.2,5909.4,15443.8,1402.2
1786590868.418682,8740.2,397.0,5909.4,15046.6,1402.2
1786590868.518909,8740.2,793.9,5909.4,15443.5,1402.2
1786590868.618624,8740.2,793.9,5909.4,15443.5,1402.2
1786590868.718619,8740.2,397.1,5909.4,15046.7,1402.2
1786590868.818720,8740.2,397.1,5909.4,15046.7,1402.2
1786590868.918768,8740.2,397.1,5909.4,15046.7,1402.2
1786590869.018713,8740.2,397.1,5909.4,15046.7,1402.2
1786590869.118743,8740.2,397.1,5909.4,15046.7,1402.2
1786590869.218699,8740.2,397.1,5909.4,15046.7,1402.2
1786590869.318674,8740.2,397.1,5909.4,15046.7,1402.2
1786590869.418686,8740.2,397.1,5909.4,15046.7,1402.2
1786590869.518792,8740.2,397.0,5909.4,15046.6,1402.2
1786590869.618692,8740.2,397.1,5909.4,15046.7,1402.2
1786590869.718671,8740.2,397.1,5909.4,15046.7,1402.2
1786590869.818696,8740.2,397.0,5909.4,15046.6,1402.2
1786590869.918724,8740.2,397.0,5909.4,15046.6,1402.2
1786590870.018726,8740.2,397.0,5909.4,15046.6,1402.2
1786590870.118753,9133.8,397.0,5909.4,15440.2,1402.2
1786590870.218670,9133.8,397.0,5909.4,15440.2,1402.2
1786590870.318671,9133.8,397.0,5909.4,15440.2,1402.2
1786590870.418713,9133.8,397.0,5909.4,15440.2,1402.2
1786590870.518691,9133.8,397.0,5909.4,15440.2,1402.2
1786590870.618689,9133.8,397.0,5909.4,15440.2,1402.2
1786590870.718940,9133.8,793.9,5909.4,15837.1,1402.2
1786590870.818724,9133.8,397.0,5909.4,15440.2,1402.2
1786590870.918779,9133.8,397.0,5909.4,15440.2,1402.2
1786590871.018647,9133.8,397.0,5909.4,15440.2,1402.2
1786590871.118887,9133.8,793.9,5909.4,15837.1,1402.2
1786590871.218838,9133.8,793.9,6009.6,15937.3,1402.2
1786590871.318725,9133.8,397.0,6009.6,15540.3,1402.2
1786590871.418698,9133.8,397.0,6009.6,15540.3,1402.2
1786590871.518955,9133.8,397.0,6209.9,15740.6,1602.6
1786590871.618669,9133.8,397.0,6610.6,16141.3,1903.0
1786590871.718745,9133.8,793.9,6610.6,16538.2,1900.0
1786590871.818660,9133.8,793.9,6911.0,16838.7,2100.0
1786590871.918840,9137.4,794.2,6810.9,16742.6,2000.0
1786590872.018708,9133.8,793.9,7111.4,17039.0,2200.0
1786590872.118852,8740.2,794.2,7011.2,16545.6,2100.0
1786590872.218665,9133.8,793.9,7211.5,17139.2,2200.0
1786590872.318775,9137.4,794.2,7111.4,17043.0,2100.0
1786590872.418774,9133.8,793.9,7211.5,17139.2,2200.0
1786590872.518914,9137.4,794.2,7211.5,17143.2,2200.0
1786590872.618992,9133.8,1190.9,7311.7,17636.3,2300.0
1786590872.719315,9137.4,1191.4,7411.8,17740.6,2300.0
1786590872.818942,9137.4,1190.9,7411.8,17740.2,2300.0
1786590872.918820,9534.7,1191.4,7512.0,18238.1,2400.0
1786590873.018687,9137.4,1191.4,7411.8,17740.6,2300.0
1786590873.118721,9534.7,794.2,7512.0,17841.0,2400.0
1786590873.218703,9137.4,794.2,7311.7,17243.4,2200.0
1786590873.318743,9137.4,794.2,7512.0,17443.7,2300.0
1786590873.418815,9137.4,794.2,7311.7,17243.4,2200.0
1786590873.518865,9137.4,794.2,7411.8,17343.5,2300.0
1786590873.618704,9137.4,794.2,7311.7,17243.4,2200.0
1786590873.718697,9137.4,794.2,7411.8,17343.5,2300.0
1786590873.818684,9137.4,794.2,7311.7,17243.4,2200.0
1786590873.918764,9137.4,794.2,7411.8,17343.5,2300.0
1786590874.018772,8740.2,794.2,7311.7,16846.1,2200.0
1786590874.118790,9137.4,794.2,7411.8,17343.5,2300.0
1786590874.218728,9137.4,794.2,7311.7,17243.4,2200.0
1786590874.318715,9137.4,793.9,7411.8,17343.2,2300.0
1786590874.418697,9137.4,794.2,7311.7,17243.4,2200.0
1786590874.518676,9137.4,794.2,7411.8,17343.5,2300.0
1786590874.618666,9137.4,794.2,7411.8,17343.5,2300.0
1786590874.718673,9137.4,793.9,7311.7,17243.0,2200.0
1786590874.818698,9534.7,793.9,7512.0,17840.6,2300.0
1786590874.918902,9137.4,793.9,7411.8,17343.2,2300.0
1786590875.018668,9133.8,793.9,7512.0,17439.7,2300.0
1786590875.118815,9137.4,793.9,7311.7,17243.0,2200.0
1786590875.218722,9133.8,793.9,7512.0,17439.7,2300.0
1786590875.318675,9137.4,794.2,7311.7,17243.4,2200.0
1786590875.418686,9133.8,793.9,7411.8,17339.5,2300.0
1786590875.518971,9137.4,794.2,7311.7,17243.4,2200.0
1786590875.618679,9137.4,793.9,7411.8,17343.2,2300.0
1786590875.718707,9137.4,794.2,7311.7,17243.4,2200.0
1786590875.818678,9137.4,794.2,7411.8,17343.5,2300.0
1786590875.918672,8740.2,794.2,7311.7,16846.1,2200.0
1786590876.018776,9137.4,794.2,7411.8,17343.5,2300.0
1786590876.118866,9137.4,794.2,7311.7,17243.4,2200.0
1786590876.218706,9137.4,794.2,7411.8,17343.5,2300.0
1786590876.318684,9137.4,794.2,7311.7,17243.4,2200.0
1786590876.418690,9137.4,794.2,7311.7,17243.4,2300.0
1786590876.518664,9137.4,794.2,7411.8,17343.5,2300.0
1786590876.618666,9137.4,794.2,7311.7,17243.4,2300.0
1786590876.718654,9534.7,793.9,7512.0,17840.6,2300.0
1786590876.818906,9137.4,794.2,7311.7,17243.4,2200.0
1786590876.918860,9530.9,793.9,7512.0,17836.8,2300.0
1786590877.018945,9137.4,794.2,7311.7,17243.4,2300.0
1786590877.118727,9133.8,793.9,7512.0,17439.7,2400.0
1786590877.218914,9137.4,794.2,7311.7,17243.4,2200.0
1786590877.318659,9133.8,793.9,7411.8,17339.5,2300.0
1786590877.418901,9137.4,794.2,7311.7,17243.4,2200.0
1786590877.518919,9133.8,793.9,7411.8,17339.5,2300.0
1786590877.619036,9137.4,794.2,7311.7,17243.4,2200.0
1786590877.718660,9133.8,793.9,7411.8,17339.5,2300.0
1786590877.818948,9137.4,794.2,7211.5,17143.2,2200.0
1786590877.918698,9133.8,793.9,7411.8,17339.5,2300.0
1786590878.018971,9137.4,794.2,7311.7,17243.4,2200.0
1786590878.118892,9133.8,1190.9,7411.8,17736.5,2300.0
1786590878.219024,9133.8,1190.9,7411.8,17736.5,2300.0
1786590878.318923,9133.8,1190.9,7411.8,17736.5,2300.0
1786590878.418672,9133.8,1190.9,7512.0,17836.6,2400.0
1786590878.518639,9133.8,1190.9,7411.8,17736.5,2300.0
1786590878.618638,9530.9,793.9,7512.0,17836.8,2400.0
1786590878.718742,9133.8,793.9,7411.8,17339.5,2300.0
1786590878.818751,9530.9,793.9,7512.0,17836.8,2400.0
1786590878.918905,9133.8,793.9,7311.7,17239.4,2200.0
1786590879.018758,9133.8,793.9,7512.0,17439.7,2300.0
1786590879.118790,9133.8,793.9,7311.7,17239.4,2200.0
1786590879.218982,9133.8,793.9,7512.0,17439.7,2300.0
1786590879.318726,9133.8,793.9,7311.7,17239.4,2200.0
1786590879.418652,9133.8,793.9,7411.8,17339.5,2300.0
1786590879.518928,9137.4,793.9,7311.7,17243.0,2200.0
1786590879.618676,9133.8,793.9,7411.8,17339.5,2300.0
1786590879.718736,9137.4,793.9,7311.7,17243.0,2200.0
1786590879.818664,9133.8,793.9,7411.8,17339.5,2300.0
1786590879.918660,9137.4,793.9,7311.7,17243.0,2200.0
1786590880.019066,9133.8,793.9,7411.8,17339.5,2300.0
1786590880.118964,9133.8,1190.9,7411.8,17736.5,2300.0
1786590880.219074,9133.8,1190.9,7411.8,17736.5,2300.0
1786590880.318980,9133.8,1190.9,7512.0,17836.6,2300.0
1786590880.418679,9133.8,1190.9,7411.8,17736.5,2300.0
1786590880.518662,9530.9,1190.9,7512.0,18233.8,2400.0
1786590880.618681,9133.8,793.9,7411.8,17339.5,2300.0
1786590880.718677,9530.9,793.9,7512.0,17836.8,2400.0
1786590880.818940,9133.8,793.9,7311.7,17239.4,2200.0
1786590880.918905,9133.8,793.9,7512.0,17439.7,2300.0
1786590881.018740,9133.8,793.9,7311.7,17239.4,2200.0
1786590881.118791,9133.8,793.9,7411.8,17339.5,2300.0
1786590881.218810,9133.8,793.9,7311.7,17239.4,2200.0
1786590881.318749,9133.8,793.9,7411.8,17339.5,2300.0
1786590881.418831,9133.8,793.9,7311.7,17239.4,2200.0
1786590881.518907,9133.8,793.9,7411.8,17339.5,2300.0
1786590881.618696,8740.2,794.2,7311.7,16846.1,2200.0
1786590881.718696,9133.8,793.9,7411.8,17339.5,2300.0
1786590881.818694,9137.4,794.2,7311.7,17243.4,2200.0
1786590881.918676,9133.8,793.9,7411.8,17339.5,2300.0
1786590882.018853,9137.4,794.2,7311.7,17243.4,2200.0
1786590882.118949,9133.8,793.9,7411.8,17339.5,2300.0
1786590882.218683,9133.8,793.9,7411.8,17339.5,2300.0
1786590882.318701,9133.8,793.9,7311.7,17239.4,2300.0
1786590882.418716,9530.9,793.9,7512.0,17836.8,2300.0
1786590882.518701,9133.8,793.9,7311.7,17239.4,2200.0
1786590882.618670,9530.9,793.9,7512.0,17836.8,2300.0
1786590882.718697,9133.8,793.9,7311.7,17239.4,2200.0
1786590882.818763,9133.8,793.9,7411.8,17339.5,2300.0
1786590882.919044,9137.4,793.9,7311.7,17243.0,2200.0
1786590883.018712,9133.8,793.9,7411.8,17339.5,2300.0
1786590883.118812,9137.4,794.2,7311.7,17243.4,2200.0
1786590883.218698,9137.4,793.9,7411.8,17343.2,2300.0
1786590883.318709,9137.4,794.2,7311.7,17243.4,2200.0
1786590883.418690,9137.4,793.9,7411.8,17343.2,2300.0
1786590883.518926,9137.4,794.2,7311.7,17243.4,2200.0
1786590883.618904,9137.4,1190.9,7411.8,17740.2,2300.0
1786590883.719167,9137.4,1191.4,7311.7,17640.5,2200.0
1786590883.819027,9133.8,1190.9,7411.8,17736.5,2300.0
1786590883.918617,9137.4,1191.4,7411.8,17740.6,2300.0
1786590884.018728,9137.4,1190.9,7411.8,17740.2,2300.0
1786590884.118832,9133.8,793.9,7411.8,17339.5,2300.0
1786590884.218727,9133.8,793.9,7411.8,17339.5,2300.0
1786590884.318817,9530.9,793.9,7512.0,17836.8,2400.0
1786590884.418683,9133.8,793.9,7311.7,17239.4,2300.0
1786590884.518663,9530.9,793.9,7411.8,17736.6,2300.0
1786590884.618667,9133.8,793.9,7311.7,17239.4,2200.0
1786590884.718667,9133.8,793.9,7411.8,17339.5,2300.0
1786590884.818663,9133.8,793.9,7311.7,17239.4,2200.0
1786590884.918973,9133.8,793.9,7411.8,17339.5,2300.0
1786590885.018883,9137.4,793.9,7311.7,17243.0,2200.0
1786590885.118706,9133.8,793.9,7411.8,17339.5,2300.0
1786590885.218898,9137.4,793.9,7211.5,17142.9,2200.0
1786590885.318707,9133.8,793.9,7411.8,17339.5,2300.0
1786590885.418769,8740.2,794.2,7211.5,16745.9,2200.0
1786590885.518995,9133.8,793.9,7411.8,17339.5,2300.0
1786590885.618766,9137.4,794.2,7311.7,17243.4,2200.0
1786590885.718716,9133.8,793.9,7411.8,17339.5,2300.0
1786590885.818700,9133.8,793.9,7311.7,17239.4,2200.0
1786590885.918698,9133.8,793.9,7411.8,17339.5,2300.0
1786590886.019031,9133.8,793.9,7411.8,17339.5,2300.0
1786590886.118935,9133.8,793.9,7411.8,17339.5,2300.0
1786590886.218712,9530.9,793.9,7512.0,17836.8,2400.0
1786590886.318685,9133.8,793.9,7411.8,17339.5,2300.0
1786590886.418662,9133.8,793.9,7512.0,17439.7,2300.0
1786590886.518669,9133.8,793.9,7311.7,17239.4,2200.0
1786590886.618661,9133.8,793.9,7512.0,17439.7,2300.0
1786590886.718673,9137.4,794.2,7311.7,17243.4,2200.0
1786590886.818662,9133.8,793.9,7411.8,17339.5,2300.0
1786590886.919022,9137.4,794.2,7311.7,17243.4,2200.0
1786590887.019217,9133.8,793.9,7411.8,17339.5,2300.0
1786590887.118923,9137.4,794.2,7311.7,17243.4,2200.0
1786590887.218741,9133.8,793.9,7411.8,17339.5,2300.0
1786590887.318698,9137.4,794.2,7311.7,17243.4,2200.0
1786590887.418681,9133.8,793.9,7411.8,17339.5,2300.0
1786590887.518899,9137.4,794.2,7311.7,17243.4,2200.0
1786590887.618677,9133.8,793.9,7411.8,17339.5,2300.0
1786590887.718697,9133.8,793.9,7411.8,17339.5,2300.0
1786590887.818680,9133.8,793.9,7411.8,17339.5,2300.0
1786590887.918662,9133.8,793.9,7411.8,17339.5,2300.0
1786590888.018721,9133.8,793.9,7311.7,17239.4,2200.0
1786590888.118732,9530.9,793.9,7512.0,17836.8,2300.0
1786590888.219017,9133.8,793.9,7311.7,17239.4,2200.0
1786590888.318763,9133.8,793.9,7512.0,17439.7,2300.0
1786590888.418661,9133.8,793.9,7311.7,17239.4,2200.0
1786590888.518652,9133.8,793.9,7411.8,17339.5,2300.0
1786590888.618759,9133.8,793.9,7311.7,17239.4,2200.0
1786590888.718650,9133.8,793.9,7411.8,17339.5,2300.0
1786590888.818631,9133.8,793.9,7311.7,17239.4,2200.0
1786590888.918956,9133.8,793.9,7411.8,17339.5,2300.0
1786590889.019000,9137.4,793.9,7311.7,17243.0,2200.0
1786590889.118886,9133.8,1190.9,7411.8,17736.5,2300.0
1786590889.219173,9137.4,1190.9,7311.7,17640.0,2200.0
1786590889.318927,9133.8,1190.9,7512.0,17836.6,2400.0
1786590889.418637,9137.4,1191.4,7411.8,17740.6,2300.0
1786590889.518918,9133.8,1190.9,7411.8,17736.5,2300.0
1786590889.618666,9137.4,793.9,7411.8,17343.2,2300.0
1786590889.718633,9133.8,793.9,7411.8,17339.5,2300.0
1786590889.818672,9530.9,793.9,7512.0,17836.8,2300.0
1786590889.918673,9133.8,793.9,7411.8,17339.5,2300.0
1786590890.018690,9530.9,793.9,7512.0,17836.8,2400.0
1786590890.118749,9133.8,793.9,7411.8,17339.5,2200.0
1786590890.218683,9133.8,793.9,7512.0,17439.7,2300.0
1786590890.318769,9133.8,793.9,7311.7,17239.4,2200.0
1786590890.418695,9133.8,793.9,7512.0,17439.7,2300.0
1786590890.518932,9137.4,793.9,7311.7,17243.0,2200.0
1786590890.618678,9133.8,793.9,7512.0,17439.7,2300.0
1786590890.718627,9137.4,794.2,7311.7,17243.4,2200.0
1786590890.818599,9133.8,793.9,7411.8,17339.5,2300.0
1786590890.918957,9137.4,794.2,7311.7,17243.4,2200.0
1786590891.018765,9133.8,793.9,7411.8,17339.5,2300.0
1786590891.118722,9137.4,794.2,7311.7,17243.4,2200.0
1786590891.218725,9133.8,793.9,7411.8,17339.5,2300.0
1786590891.318814,9137.4,794.2,7311.7,17243.4,2200.0
1786590891.418697,9133.8,793.9,7411.8,17339.5,2300.0
1786590891.518869,9137.4,793.9,7411.8,17343.2,2300.0
1786590891.618668,9133.8,793.9,7411.8,17339.5,2300.0
1786590891.718690,9530.9,793.9,7512.0,17836.8,2300.0
1786590891.818636,9133.8,793.9,7311.7,17239.4,2200.0
1786590891.918676,9133.8,793.9,7512.0,17439.7,2300.0
1786590892.018719,9133.8,793.9,7311.7,17239.4,2200.0
1786590892.118777,9133.8,793.9,7512.0,17439.7,2300.0
1786590892.218701,9137.4,794.2,7311.7,17243.4,2200.0
1786590892.318728,9133.8,793.9,7411.8,17339.5,2300.0
1786590892.418727,9137.4,794.2,7311.7,17243.4,2200.0
1786590892.518716,9133.8,793.9,7411.8,17339.5,2300.0
1786590892.618679,9137.4,794.2,7311.7,17243.4,2200.0
1786590892.718910,9133.8,793.9,7411.8,17339.5,2300.0
1786590892.818673,9137.4,794.2,7311.7,17243.4,2200.0
1786590892.918918,9133.8,793.9,7411.8,17339.5,2300.0
1786590893.018723,9137.4,794.2,7311.7,17243.4,2200.0
1786590893.118683,9133.8,793.9,7411.8,17339.5,2300.0
1786590893.218770,9137.4,794.2,7311.7,17243.4,2200.0
1786590893.318681,9133.8,793.9,7411.8,17339.5,2300.0
1786590893.418733,9133.8,793.9,7411.8,17339.5,2300.0
1786590893.518900,9133.8,793.9,7411.8,17339.5,2300.0
1786590893.618697,9530.9,793.9,7512.0,17836.8,2400.0
1786590893.718717,9133.8,793.9,7311.7,17239.4,2300.0
1786590893.818690,9530.9,793.9,7512.0,17836.8,2300.0
1786590893.918695,9133.8,793.9,7311.7,17239.4,2200.0
1786590894.018766,9530.9,793.9,7411.8,17736.6,2300.0
1786590894.118754,9133.8,793.9,7311.7,17239.4,2200.0
1786590894.218712,9133.8,793.9,7411.8,17339.5,2300.0
1786590894.318753,9137.4,793.9,7311.7,17243.0,2200.0
1786590894.418719,9133.8,793.9,7411.8,17339.5,2300.0
1786590894.518887,9137.4,793.9,7311.7,17243.0,2200.0
1786590894.618914,9133.8,1190.9,7411.8,17736.5,2300.0
1786590894.719140,9137.4,1190.9,7311.7,17640.0,2200.0
1786590894.818888,9133.8,1190.9,7512.0,17836.6,2400.0
1786590894.918920,9137.4,1191.4,7411.8,17740.6,2300.0
1786590895.018684,9133.8,1190.9,7411.8,17736.5,2300.0
1786590895.118688,9133.8,1190.9,7411.8,17736.5,2300.0
1786590895.218695,9133.8,793.9,7411.8,17339.5,2300.0
1786590895.318757,9530.9,793.9,7411.8,17736.6,2300.0
1786590895.418749,9133.8,793.9,7311.7,17239.4,2300.0
1786590895.518821,9530.9,793.9,7512.0,17836.8,2300.0
1786590895.618697,9133.8,793.9,7311.7,17239.4,2200.0
1786590895.718644,9133.8,793.9,7411.8,17339.5,2300.0
1786590895.818700,9137.4,794.2,7311.7,17243.4,2200.0
1786590895.918649,9133.8,793.9,7411.8,17339.5,2300.0
1786590896.018706,9137.4,793.9,7311.7,17243.0,2200.0
1786590896.118696,9133.8,793.9,7411.8,17339.5,2300.0
1786590896.218709,9133.8,793.9,7311.7,17239.4,2200.0
1786590896.318706,9133.8,793.9,7411.8,17339.5,2300.0
1786590896.418754,8736.6,793.9,7211.5,16742.1,2200.0
1786590896.518717,9133.8,793.9,7411.8,17339.5,2300.0
1786590896.618671,8740.2,794.2,7211.5,16745.9,2200.0
1786590896.718639,9133.8,793.9,7411.8,17339.5,2300.0
1786590896.818671,9137.4,794.2,7311.7,17243.4,2200.0
1786590896.918808,9133.8,793.9,7311.7,17239.4,2300.0
1786590897.018898,9133.8,793.9,7411.8,17339.5,2300.0
1786590897.118906,9133.8,793.9,7411.8,17339.5,2300.0
1786590897.218716,9530.9,793.9,7512.0,17836.8,2400.0
1786590897.318640,9133.8,793.9,7311.7,17239.4,2300.0
1786590897.418664,9530.9,793.9,7512.0,17836.8,2400.0
1786590897.518908,9133.8,793.9,7311.7,17239.4,2300.0
1786590897.618757,9133.8,793.9,7411.8,17339.5,2400.0
1786590897.718803,9133.8,793.9,7311.7,17239.4,2200.0
1786590897.818673,9133.8,793.9,7411.8,17339.5,2300.0
1786590897.918665,9133.8,794.2,7311.7,17239.7,2200.0
1786590898.018693,9133.8,793.9,7411.8,17339.5,2300.0
1786590898.118697,9137.4,794.2,7311.7,17243.4,2200.0
1786590898.218653,9133.8,793.9,7411.8,17339.5,2300.0
1786590898.318747,9137.4,794.2,7211.5,17143.2,2200.0
1786590898.418664,9133.8,793.9,7411.8,17339.5,2300.0
1786590898.518752,9137.4,794.2,7311.7,17243.4,2200.0
1786590898.618675,9133.8,793.9,7411.8,17339.5,2300.0
1786590898.718667,9137.4,794.2,7311.7,17243.4,2200.0
1786590898.818713,9133.8,793.9,7411.8,17339.5,2300.0
1786590898.918884,9137.4,793.9,7411.8,17343.2,2300.0
1786590899.018685,9133.8,793.9,7411.8,17339.5,2300.0
1786590899.118696,9530.9,793.9,7512.0,17836.8,2300.0
1786590899.218936,9133.8,793.9,7411.8,17339.5,2300.0
1786590899.318793,9530.9,793.9,7512.0,17836.8,2300.0
1786590899.418751,9137.4,793.9,7411.8,17343.2,2200.0
1786590899.518820,9133.8,793.9,7512.0,17439.7,2300.0
1786590899.618747,9137.4,793.9,7311.7,17243.0,2200.0
1786590899.718699,9133.8,793.9,7512.0,17439.7,2300.0
1786590899.818691,9137.4,794.2,7311.7,17243.4,2200.0
1786590899.918682,9137.4,793.9,7411.8,17343.2,2300.0
1786590900.018924,9137.4,794.2,7311.7,17243.4,2200.0
1786590900.118974,9137.4,1191.4,7512.0,17840.8,2300.0
1786590900.219058,9137.4,1191.4,7311.7,17640.5,2200.0
1786590900.318942,9137.4,1191.4,7512.0,17840.8,2400.0
1786590900.418932,9137.4,1191.4,7411.8,17740.6,2200.0
1786590900.518857,9137.4,1191.4,7411.8,17740.6,2300.0
1786590900.618829,9137.4,794.2,7411.8,17343.5,2300.0
1786590900.718888,9137.4,794.2,7411.8,17343.5,2300.0
1786590900.818806,9534.7,794.2,7512.0,17841.0,2300.0
1786590900.918960,9137.4,794.2,7411.8,17343.5,2300.0
1786590901.018650,9534.7,794.2,7512.0,17841.0,2400.0
1786590901.118885,9137.4,794.2,7411.8,17343.5,2300.0
1786590901.218663,9137.4,793.9,7512.0,17443.4,2300.0
1786590901.318912,9137.4,794.2,7311.7,17243.4,2200.0
1786590901.418655,9137.4,793.9,7512.0,17443.4,2300.0
1786590901.518920,9137.4,794.2,7311.7,17243.4,2200.0
1786590901.618721,9137.4,793.9,7512.0,17443.4,2300.0
1786590901.718928,9137.4,794.2,7311.7,17243.4,2200.0
1786590901.818651,9133.8,793.9,7411.8,17339.5,2300.0
1786590901.918963,8740.2,794.2,7311.7,16846.1,2200.0
1786590902.018763,9133.8,793.9,7411.8,17339.5,2300.0
1786590902.118926,8740.2,794.2,7311.7,16846.1,2200.0
1786590902.218761,9133.8,793.9,7411.8,17339.5,2300.0
1786590902.318815,9137.4,794.2,7311.7,17243.4,2200.0
1786590902.418786,9137.4,793.9,7411.8,17343.2,2300.0
1786590902.518855,9137.4,794.2,7411.8,17343.5,2300.0
1786590902.618863,9137.4,793.9,7411.8,17343.2,2300.0
1786590902.718699,9534.7,793.9,7512.0,17840.6,2400.0
1786590902.818948,9137.4,794.2,7411.8,17343.5,2300.0
1786590902.918831,9137.4,793.9,7512.0,17443.4,2400.0
1786590903.018892,9137.4,794.2,7311.7,17243.4,2200.0
1786590903.118669,9137.4,793.9,7512.0,17443.4,2300.0
1786590903.218905,9137.4,794.2,7311.7,17243.4,2200.0
1786590903.318677,9133.8,793.9,7411.8,17339.5,2300.0
1786590903.418920,9137.4,794.2,7311.7,17243.4,2200.0
1786590903.518834,9137.4,794.2,7411.8,17343.5,2300.0
1786590903.619027,9137.4,794.2,7311.7,17243.4,2200.0
1786590903.718734,9137.4,794.2,7411.8,17343.5,2300.0
1786590903.818934,8740.2,794.2,7311.7,16846.1,2200.0
1786590903.918685,9137.4,794.2,7411.8,17343.5,2300.0
1786590904.018901,9137.4,794.2,7311.7,17243.4,2200.0
1786590904.118891,9137.4,794.2,7411.8,17343.5,2300.0
1786590904.218866,9137.4,794.2,7411.8,17343.5,2300.0
1786590904.318914,9137.4,794.2,7311.7,17243.4,2300.0
1786590904.418739,9137.4,794.2,7512.0,17443.7,2300.0
1786590904.518897,9137.4,794.2,7311.7,17243.4,2300.0
1786590904.618716,9137.4,794.2,7512.0,17443.7,2300.0
1786590904.718889,9137.4,794.2,7311.7,17243.4,2200.0
1786590904.818696,9137.4,794.2,7512.0,17443.7,2300.0
1786590904.919131,9137.4,794.2,7311.7,17243.4,2200.0
1786590905.018656,9137.4,794.2,7512.0,17443.7,2300.0
1786590905.118838,9137.4,794.2,7311.7,17243.4,2200.0
1786590905.218692,9133.8,793.9,7411.8,17339.5,2300.0
1786590905.318892,9137.4,794.2,7311.7,17243.4,2200.0
1786590905.418755,9133.8,793.9,7411.8,17339.5,2300.0
1786590905.519017,8740.2,794.2,7311.7,16846.1,2200.0
1786590905.618886,9133.8,1190.9,7411.8,17736.5,2300.0
1786590905.719134,9137.4,1191.4,7411.8,17740.6,2300.0
1786590905.818911,9133.8,1190.9,7512.0,17836.6,2300.0
1786590905.918812,9137.4,1190.9,7512.0,17840.3,2300.0
1786590906.018914,9133.8,1190.9,7411.8,17736.5,2300.0
1786590906.119061,9530.9,1190.9,7512.0,18233.8,2400.0
1786590906.218936,9137.4,1190.9,7411.8,17740.2,2300.0
1786590906.318670,9530.9,793.9,7512.0,17836.8,2400.0
1786590906.418946,9133.8,793.9,7411.8,17339.5,2300.0
1786590906.518757,9133.8,793.9,7512.0,17439.7,2400.0
1786590906.618972,9133.8,793.9,7311.7,17239.4,2200.0
1786590906.718704,9133.8,793.9,7512.0,17439.7,2300.0
1786590906.819023,9137.4,794.2,7311.7,17243.4,2200.0
1786590906.918662,9133.8,793.9,7411.8,17339.5,2300.0
1786590907.018924,9137.4,794.2,7311.7,17243.4,2200.0
1786590907.119543,9133.8,793.9,7411.8,17339.5,2300.0
1786590907.218960,8740.2,794.2,7311.7,16846.1,2200.0
1786590907.318682,9137.4,793.9,7411.8,17343.2,2300.0
1786590907.418908,9137.4,794.2,7311.7,17243.4,2200.0
1786590907.518892,9137.4,793.9,7411.8,17343.2,2300.0
1786590907.618886,9137.4,794.2,7411.8,17343.5,2300.0
1786590907.718897,9137.4,794.2,7411.8,17343.5,2300.0
1786590907.818766,9534.7,793.9,7512.0,17840.6,2300.0
1786590907.918903,9137.4,794.2,7411.8,17343.5,2300.0
1786590908.018869,9534.7,793.9,7512.0,17840.6,2400.0
1786590908.118905,9137.4,794.2,7411.8,17343.5,2300.0
1786590908.218672,9137.4,793.9,7512.0,17443.4,2300.0
1786590908.318937,9137.4,794.2,7311.7,17243.4,2200.0
1786590908.418706,9137.4,794.2,7512.0,17443.7,2300.0
1786590908.518954,9137.4,794.2,7311.7,17243.4,2200.0
1786590908.618674,9137.4,794.2,7411.8,17343.5,2300.0
1786590908.718926,9137.4,794.2,7311.7,17243.4,2200.0
1786590908.818715,9137.4,794.2,7411.8,17343.5,2300.0
1786590908.918977,8740.2,794.2,7311.7,16846.1,2200.0
1786590909.018865,9137.4,794.2,7411.8,17343.5,2300.0
1786590909.118920,9137.4,794.2,7311.7,17243.4,2200.0
1786590909.218865,9137.4,794.2,7411.8,17343.5,2300.0
1786590909.318841,9137.4,794.2,7411.8,17343.5,2200.0
1786590909.418891,9137.4,794.2,7411.8,17343.5,2300.0
1786590909.519020,9137.4,794.2,7411.8,17343.5,2300.0
1786590909.618920,9137.4,794.2,7411.8,17343.5,2300.0
1786590909.718695,9534.7,794.2,7512.0,17841.0,2400.0
1786590909.818896,9137.4,794.2,7411.8,17343.5,2300.0
1786590909.918646,9137.4,794.2,7512.0,17443.7,2400.0
1786590910.018896,9137.4,794.2,7311.7,17243.4,2200.0
1786590910.118699,9137.4,794.2,7512.0,17443.7,2300.0
1786590910.218983,9137.4,794.2,7311.7,17243.4,2200.0
1786590910.318750,9137.4,794.2,7512.0,17443.7,2300.0
1786590910.418953,9137.4,794.2,7311.7,17243.4,2200.0
1786590910.518759,9137.4,794.2,7411.8,17343.5,2300.0
1786590910.618933,8740.2,794.2,7311.7,16846.1,2200.0
1786590910.718708,9137.4,794.2,7411.8,17343.5,2300.0
1786590910.818954,8740.2,794.2,7311.7,16846.1,2200.0
1786590910.918782,9137.4,794.2,7411.8,17343.5,2300.0
1786590911.018963,9137.4,794.2,7411.8,17343.5,2200.0
1786590911.118944,9137.4,1191.4,7411.8,17740.6,2300.0
1786590911.219324,9137.4,1191.4,7512.0,17840.8,2300.0
1786590911.319037,9137.4,1191.4,7411.8,17740.6,2300.0
1786590911.418725,9534.7,1191.4,7612.2,18338.2,2400.0
1786590911.519066,9137.4,1191.4,7411.8,17740.6,2300.0
1786590911.618671,9534.7,794.2,7512.0,17841.0,2400.0
1786590911.718970,9137.4,794.2,7411.8,17343.5,2300.0
1786590911.818707,9137.4,794.2,7512.0,17443.7,2400.0
1786590911.918970,9137.4,794.2,7311.7,17243.4,2200.0
1786590912.018722,9137.4,794.2,7512.0,17443.7,2300.0
1786590912.119095,9137.4,794.2,7311.7,17243.4,2200.0
1786590912.219120,7948.8,1191.8,6911.0,16051.7,2000.0
1786590912.319196,7153.9,1588.5,6710.7,15453.1,1800.0
1786590912.418919,6756.5,1985.6,6410.2,15152.3,1602.6
1786590912.519036,5961.6,1985.6,6310.1,14257.3,1602.6
1786590912.618998,5564.2,2382.7,6109.8,14056.6,1502.4
1786590912.719258,5564.2,1985.6,6009.6,13559.4,1402.2
1786590912.819039,5166.7,1985.6,5909.4,13061.8,1302.1
1786590912.918775,5166.7,1986.4,5709.1,12862.2,1302.1
1786590913.018881,4769.3,1588.5,5609.0,11966.7,1201.9
1786590913.118696,4769.3,1588.5,5508.8,11866.6,1101.8
1786590913.218792,4769.3,1588.5,5508.8,11866.6,1101.8
1786590913.318696,4371.8,1588.5,5408.6,11369.0,1101.8
1786590913.418825,4371.8,1191.4,5408.6,10971.8,1101.8
1786590913.518977,4371.8,1191.4,5308.5,10871.7,1101.8
1786590913.618901,4371.8,1191.4,5308.5,10871.7,1001.6
1786590913.718790,4371.8,1191.4,5208.3,10771.5,901.4
1786590913.818693,3974.4,1191.4,5008.0,10173.8,801.3
1786590913.918739,3974.4,794.2,4907.8,9676.5,701.1
1786590914.018711,3972.8,794.2,4807.7,9574.7,601.0
1786590914.118654,3972.8,794.2,4707.5,9474.6,500.8
1786590914.218671,3972.8,794.2,4607.4,9374.4,500.8
1786590914.318652,3972.8,794.2,4607.4,9374.4,500.8
1786590914.418677,3972.8,794.2,4507.2,9274.2,500.8
1786590914.518687,3972.8,794.2,4507.2,9274.2,400.6
1786590914.618747,3972.8,397.1,4507.2,8877.1,400.6
1786590914.719018,3972.8,794.2,4507.2,9274.2,400.6
1786590914.818712,3972.8,794.2,4507.2,9274.2,400.6
1786590914.918828,3972.8,794.2,4507.2,9274.2,400.6
1786590915.018822,3972.8,794.2,4507.2,9274.2,400.6
1786590915.118663,3972.8,794.2,4407.0,9174.1,400.6
1786590915.218768,3972.8,397.1,4407.0,8777.0,400.6
1786590915.318658,3972.8,397.1,4407.0,8777.0,400.6
1786590915.418728,3972.8,397.1,4407.0,8777.0,400.0
1786590915.518836,3972.8,397.1,4407.0,8777.0,400.6
1786590915.618763,3972.8,397.1,4407.0,8777.0,400.6
1786590915.718781,3972.8,397.1,4407.0,8777.0,400.6
1786590915.818780,3972.8,397.1,4407.0,8777.0,400.6
1786590915.918703,3972.8,397.1,4407.0,8777.0,400.6
1786590916.018733,3972.8,397.1,4407.0,8777.0,400.6
1786590916.118709,3972.8,397.1,4407.0,8777.0,400.0
1786590916.218744,3972.8,397.1,4407.0,8777.0,400.6
1786590916.318743,3972.8,397.1,4407.0,8777.0,400.6
1786590916.418786,3972.8,397.1,4407.0,8777.0,400.6
1786590916.518994,3972.8,794.2,4507.2,9274.2,500.8
1786590916.618990,3972.8,794.2,4507.2,9274.2,500.8
1786590916.719224,3972.8,1191.4,4607.4,9771.5,601.0
1786590916.818991,3972.8,1191.4,4707.5,9871.7,601.0
1786590916.918712,3972.8,1191.4,4607.4,9771.5,601.0
1786590917.018836,3972.8,794.2,4607.4,9374.4,500.8
1786590917.118690,3972.8,794.2,4507.2,9274.2,500.8
1786590917.219103,3972.8,794.2,4507.2,9274.2,500.8
1786590917.318686,3972.8,794.2,4507.2,9274.2,500.8
1786590917.418685,3972.8,794.2,4507.2,9274.2,400.6
1786590917.519233,3972.8,794.2,4607.4,9374.4,500.8
1786590917.618989,3972.8,1191.4,4607.4,9771.5,601.0
1786590917.718904,3972.8,1191.4,4607.4,9771.5,601.0
1786590917.818793,3972.8,794.2,4607.4,9374.4,500.8
1786590917.918634,3972.8,794.2,4507.2,9274.2,500.8
1786590918.018636,3972.8,794.2,4507.2,9274.2,500.8
1786590918.118624,3972.8,794.2,4507.2,9274.2,500.8
1786590918.218675,3972.8,794.2,4507.2,9274.2,400.6
1786590918.318667,3972.8,794.2,4407.0,9174.1,400.6
1786590918.418693,3972.8,794.2,4407.0,9174.1,400.6
1786590918.518690,3972.8,397.1,4407.0,8777.0,400.6
1786590918.618758,3972.8,397.1,4407.0,8777.0,400.6
1786590918.718710,3972.8,397.1,4407.0,8777.0,400.6
1786590918.818827,3972.8,397.1,4407.0,8777.0,400.6
1786590918.918690,3972.8,397.1,4407.0,8777.0,400.6
1786590919.018905,3972.8,794.2,4407.0,9174.1,400.6
1786590919.118658,3972.8,794.2,4407.0,9174.1,400.6
1786590919.218680,3972.8,397.1,4407.0,8777.0,400.6
1786590919.318658,3972.8,397.1,4407.0,8777.0,400.6
1786590919.418747,3972.8,397.1,4407.0,8777.0,400.6
1786590919.518889,3972.8,397.1,4407.0,8777.0,400.6
1786590919.618796,3972.8,397.1,4407.0,8777.0,400.6
1786590919.718709,3972.8,397.1,4407.0,8777.0,400.6
1786590919.818671,3972.8,397.1,4407.0,8777.0,400.6
1786590919.918674,3972.8,397.1,4407.0,8777.0,400.6
1786590920.018689,3972.8,397.1,4507.2,8877.1,400.6
1786590920.118688,3972.8,397.1,4407.0,8777.0,400.6
1786590920.218667,3972.8,397.1,4407.0,8777.0,400.6
1786590920.318690,3575.5,397.1,4407.0,8379.7,400.6
1786590920.418892,3972.8,397.1,4407.0,8777.0,400.6
1786590920.518772,3972.8,397.1,4407.0,8777.0,400.6
1786590920.618786,3972.8,397.1,4407.0,8777.0,400.6
1786590920.718752,3972.8,397.1,4407.0,8777.0,400.6
1786590920.818715,3972.8,397.1,4407.0,8777.0,400.6
1786590920.918693,3972.8,397.1,4407.0,8777.0,400.6
1786590921.018800,3972.8,397.1,4407.0,8777.0,400.6
1786590921.118713,3972.8,397.1,4407.0,8777.0,400.6
1786590921.218955,3972.8,794.2,4407.0,9174.1,400.6
1786590921.318654,3972.8,397.1,4407.0,8777.0,400.6
1786590921.418648,3972.8,397.1,4407.0,8777.0,400.6
1786590921.518749,3972.8,397.1,4407.0,8777.0,400.6
1786590921.618727,3972.8,397.1,4407.0,8777.0,400.6
1786590921.718709,3972.8,397.1,4407.0,8777.0,400.0
1786590921.818672,3575.5,397.1,4407.0,8379.7,400.6
1786590921.918671,3972.8,397.1,4407.0,8777.0,400.6
1786590922.018992,3972.8,794.2,4507.2,9274.2,500.8
1786590922.118919,3972.8,794.2,4507.2,9274.2,500.8
1786590922.219175,3972.8,1191.4,4607.4,9771.5,601.0
1786590922.318997,3972.8,1191.4,4607.4,9771.5,601.0
1786590922.418703,3972.8,1191.4,4607.4,9771.5,601.0
1786590922.518646,3972.8,794.2,4507.2,9274.2,500.8
1786590922.618832,3972.8,794.2,4507.2,9274.2,500.8
1786590922.718665,3972.8,794.2,4507.2,9274.2,500.8
1786590922.818711,3972.8,794.2,4507.2,9274.2,400.0
1786590922.918702,3972.8,794.2,4407.0,9174.1,400.0
1786590923.018906,3972.8,794.2,4407.0,9174.1,400.6
1786590923.118656,3972.8,794.2,4407.0,9174.1,400.6
1786590923.218623,3972.8,794.2,4407.0,9174.1,400.6
1786590923.318646,3972.8,397.1,4407.0,8777.0,400.6
1786590923.418657,3972.8,397.1,4407.0,8777.0,400.6
1786590923.518909,3972.8,794.2,4407.0,9174.1,400.6
1786590923.618680,3972.8,794.2,4407.0,9174.1,400.6
1786590923.718639,3972.8,397.1,4407.0,8777.0,400.6
1786590923.818617,3972.8,397.1,4407.0,8777.0,400.6
1786590923.918661,3972.8,397.1,4407.0,8777.0,400.0
1786590924.018666,3972.8,397.1,4407.0,8777.0,400.6
1786590924.118663,3972.8,397.1,4407.0,8777.0,400.6
1786590924.218666,3972.8,397.1,4407.0,8777.0,400.6
1786590924.318682,3974.4,397.1,4407.0,8778.6,400.6
1786590924.418680,3974.4,397.1,4407.0,8778.6,400.6
1786590924.518703,3974.4,397.1,4407.0,8778.6,400.6
1786590924.618763,3974.4,397.1,4407.0,8778.6,400.6
1786590924.718663,3974.4,397.1,4407.0,8778.6,400.6
1786590924.818675,3974.4,397.1,4407.0,8778.6,400.6
1786590924.918629,3974.4,397.1,4407.0,8778.6,400.6
1786590925.018812,3972.8,397.1,4407.0,8777.0,400.6
1786590925.118632,3972.8,397.1,4407.0,8777.0,400.6
1786590925.218619,3972.8,397.1,4407.0,8777.0,400.6
1786590925.318625,3972.8,397.1,4407.0,8777.0,400.6
1786590925.418667,3972.8,397.1,4407.0,8777.0,400.6
1786590925.519015,3972.8,794.2,4507.2,9274.2,500.8
1786590925.618964,3972.8,794.2,4507.2,9274.2,500.8
1786590925.719088,3972.8,1191.4,4607.4,9771.5,601.0
1786590925.818974,3972.8,1191.4,4607.4,9771.5,601.0
1786590925.918652,3972.8,1191.4,4607.4,9771.5,601.0
1786590926.018646,3972.8,794.2,4507.2,9274.2,500.8
1786590926.118629,3972.8,794.2,4507.2,9274.2,500.8
1786590926.218992,3972.8,794.2,4507.2,9274.2,500.8
1786590926.318892,3972.8,794.2,4507.2,9274.2,500.8
1786590926.418652,3972.8,794.2,4507.2,9274.2,500.8
1786590926.518685,3972.8,794.2,4507.2,9274.2,400.6
1786590926.618877,3972.8,794.2,4407.0,9174.1,400.6
1786590926.718691,3972.8,794.2,4407.0,9174.1,400.6
1786590926.818746,3972.8,794.2,4407.0,9174.1,400.6
1786590926.918627,3972.8,794.2,4407.0,9174.1,400.6
1786590927.018711,3972.8,397.1,4407.0,8777.0,400.6
1786590927.118710,3972.8,397.1,4407.0,8777.0,400.6
1786590927.218966,3972.8,794.2,4507.2,9274.2,400.6
1786590927.318664,3972.8,794.2,4407.0,9174.1,400.6
1786590927.418758,3972.8,794.2,4407.0,9174.1,400.0
1786590927.518912,3972.8,794.2,4507.2,9274.2,500.8
1786590927.618901,3972.8,794.2,4507.2,9274.2,500.8
1786590927.719038,3972.8,1191.4,4607.4,9771.5,601.0
1786590927.818905,3972.8,1191.4,4707.5,9871.7,601.0
1786590927.918652,3972.8,1191.4,4607.4,9771.5,601.0
1786590928.018650,3972.8,794.2,4607.4,9374.4,500.8
1786590928.118711,3972.8,794.2,4507.2,9274.2,500.8
1786590928.218677,3972.8,794.2,4507.2,9274.2,500.8
1786590928.318676,3972.8,794.2,4507.2,9274.2,400.6
1786590928.418662,3972.8,794.2,4407.0,9174.1,400.6
1786590928.518688,3972.8,794.2,4407.0,9174.1,400.6
1786590928.618682,3972.8,794.2,4407.0,9174.1,400.6
1786590928.718730,3972.8,397.1,4407.0,8777.0,400.6
1786590928.818787,3972.8,397.1,4407.0,8777.0,400.6
1786590928.918699,3972.8,397.1,4407.0,8777.0,400.6
1786590929.018720,3972.8,397.1,4407.0,8777.0,400.6
1786590929.118728,3972.8,397.1,4407.0,8777.0,400.6
1786590929.218673,3972.8,397.1,4407.0,8777.0,400.6
1786590929.318667,3972.8,397.1,4407.0,8777.0,400.6
1786590929.418664,3972.8,397.1,4407.0,8777.0,400.6
1786590929.518768,3972.8,397.1,4407.0,8777.0,400.6
1786590929.618711,3972.8,397.1,4407.0,8777.0,400.6
1786590929.718732,3575.5,397.1,4407.0,8379.7,400.6
1786590929.818690,3972.8,397.1,4407.0,8777.0,400.6
1786590929.918697,3972.8,397.1,4407.0,8777.0,400.6
1786590930.018840,3972.8,397.1,4407.0,8777.0,400.0
1786590930.118689,3972.8,397.1,4407.0,8777.0,400.6
1786590930.218666,3972.8,397.1,4407.0,8777.0,400.6
1786590930.318630,3972.8,397.1,4407.0,8777.0,400.6
1786590930.418706,3972.8,397.1,4407.0,8777.0,400.0
1786590930.518839,3972.8,397.1,4407.0,8777.0,400.6
1786590930.618712,3972.8,397.1,4407.0,8777.0,400.6
1786590930.718664,3972.8,397.1,4407.0,8777.0,400.6
1786590930.818736,3575.5,397.1,4407.0,8379.7,400.6
1786590930.918650,3972.8,397.1,4407.0,8777.0,400.6
1786590931.018719,3972.8,397.1,4407.0,8777.0,400.6
1786590931.118693,3972.8,397.1,4407.0,8777.0,400.6
1786590931.218687,3972.8,397.1,4407.0,8777.0,400.6
1786590931.318687,3972.8,397.1,4407.0,8777.0,400.6
1786590931.418689,3972.8,397.1,4407.0,8777.0,400.6
1786590931.518765,3972.8,397.1,4407.0,8777.0,400.6
1786590931.618682,3972.8,397.1,4407.0,8777.0,400.6
1786590931.718719,3972.8,397.1,4407.0,8777.0,400.6
1786590931.818709,3972.8,397.1,4407.0,8777.0,400.6
1786590931.918659,3972.8,397.1,4407.0,8777.0,400.6
1786590932.018676,3972.8,397.1,4407.0,8777.0,400.6
1786590932.118664,3972.8,397.1,4407.0,8777.0,400.6
1786590932.218947,3972.8,794.2,4407.0,9174.1,400.6
1786590932.318769,3972.8,397.1,4407.0,8777.0,400.6
1786590932.418697,3972.8,397.1,4407.0,8777.0,400.6
1786590932.518657,3972.8,397.1,4407.0,8777.0,400.6
1786590932.618620,3972.8,397.1,4407.0,8777.0,400.6
1786590932.718823,3972.8,397.1,4407.0,8777.0,400.6
1786590932.818762,3972.8,397.1,4407.0,8777.0,400.6
1786590932.918677,3575.5,397.1,4407.0,8379.7,400.6
1786590933.018955,3972.8,794.2,4507.2,9274.2,500.8
1786590933.118961,3972.8,794.2,4507.2,9274.2,500.8
1786590933.219359,3972.8,1191.4,4607.4,9771.5,601.0
1786590933.318979,3972.8,1191.4,4607.4,9771.5,601.0
1786590933.418694,3972.8,1191.4,4607.4,9771.5,601.0
1786590933.518928,3972.8,794.2,4507.2,9274.2,500.8
1786590933.618667,3972.8,794.2,4507.2,9274.2,500.8
1786590933.718712,3972.8,794.2,4507.2,9274.2,500.8
1786590933.818682,3972.8,794.2,4507.2,9274.2,400.6
1786590933.918630,3972.8,794.2,4407.0,9174.1,400.6
1786590934.018676,3972.8,794.2,4407.0,9174.1,400.6
1786590934.118684,3972.8,794.2,4407.0,9174.1,400.6
1786590934.218692,3972.8,397.1,4407.0,8777.0,400.0
1786590934.318680,3972.8,397.1,4407.0,8777.0,400.6
1786590934.418668,3575.5,397.1,4407.0,8379.7,400.6
1786590934.518895,3972.8,794.2,4407.0,9174.1,400.6
1786590934.618702,3972.8,397.1,4407.0,8777.0,400.6
1786590934.718738,3972.8,397.1,4407.0,8777.0,400.6
1786590934.818730,3972.8,397.1,4407.0,8777.0,400.6
1786590934.918695,3972.8,397.1,4407.0,8777.0,400.6
1786590935.018818,3972.8,397.1,4407.0,8777.0,400.6
1786590935.118685,3972.8,397.1,4407.0,8777.0,400.6
1786590935.218682,3575.5,397.1,4407.0,8379.7,400.6
1786590935.318672,3575.5,397.1,4407.0,8379.7,400.6
1786590935.418689,3575.5,397.1,4407.0,8379.7,400.6
1786590935.518765,3972.8,397.1,4407.0,8777.0,400.6
1786590935.618704,3972.8,397.1,4407.0,8777.0,400.6
1786590935.718745,3972.8,397.1,4407.0,8777.0,400.6
1786590935.818832,3972.8,397.1,4407.0,8777.0,400.6
1786590935.918683,3972.8,397.1,4407.0,8777.0,400.6
1786590936.018679,3972.8,397.1,4407.0,8777.0,400.6
1786590936.118678,3972.8,397.1,4407.0,8777.0,400.6
1786590936.218663,3575.5,397.1,4407.0,8379.7,400.6
1786590936.318627,3972.8,397.1,4407.0,8777.0,400.6
1786590936.418673,3972.8,397.1,4407.0,8777.0,400.6
1786590936.518684,3972.8,397.1,4407.0,8777.0,400.6
1786590936.618674,3972.8,397.1,4407.0,8777.0,400.6
1786590936.718912,3972.8,794.2,4407.0,9174.1,400.6
1786590936.818755,3972.8,397.1,4407.0,8777.0,400.6
1786590936.918675,3972.8,397.1,4407.0,8777.0,400.6
1786590937.018872,3972.8,397.1,4407.0,8777.0,400.6
1786590937.118711,3972.8,397.1,4407.0,8777.0,400.6
1786590937.219002,3972.8,794.2,4407.0,9174.1,400.6
1786590937.318948,3972.8,794.2,4407.0,9174.1,400.6
1786590937.418634,3972.8,794.2,4407.0,9174.1,400.6
1786590937.518750,3972.8,794.2,4407.0,9174.1,400.6
1786590937.618831,3972.8,794.2,4407.0,9174.1,400.6
1786590937.718688,3972.8,397.1,4407.0,8777.0,400.6
1786590937.818714,3972.8,397.1,4407.0,8777.0,400.6
1786590937.918736,3972.8,397.1,4407.0,8777.0,400.0
1786590938.018687,3575.5,397.1,4407.0,8379.7,400.6
1786590938.118650,3972.8,397.1,4407.0,8777.0,400.6
1786590938.218639,3575.5,397.1,4407.0,8379.7,400.6
1786590938.318674,3972.8,397.1,4407.0,8777.0,400.6
1786590938.418664,3972.8,397.1,4407.0,8777.0,400.0
1786590938.519033,3972.8,794.2,4407.0,9174.1,500.8
1786590938.618933,3972.8,794.2,4507.2,9274.2,500.8
1786590938.719386,3972.8,1191.4,4607.4,9771.5,601.0
1786590938.818926,3972.8,1191.4,4607.4,9771.5,601.0
1786590938.918679,3972.8,1191.4,4607.4,9771.5,601.0
1786590939.018888,3972.8,794.2,4507.2,9274.2,500.8
1786590939.118631,3972.8,794.2,4507.2,9274.2,500.8
1786590939.218678,3972.8,794.2,4507.2,9274.2,500.8
1786590939.318722,3972.8,794.2,4507.2,9274.2,400.6
1786590939.418655,3972.8,794.2,4407.0,9174.1,400.6
1786590939.518767,3972.8,794.2,4407.0,9174.1,400.6
1786590939.618665,3972.8,794.2,4407.0,9174.1,400.6
1786590939.718694,3972.8,397.1,4407.0,8777.0,400.6
1786590939.818739,3972.8,397.1,4407.0,8777.0,400.6
1786590939.918688,3575.5,397.1,4407.0,8379.7,400.6
1786590940.018691,3972.8,397.1,4407.0,8777.0,400.6
1786590940.118704,3972.8,397.1,4407.0,8777.0,400.6
1786590940.218667,3972.8,397.1,4407.0,8777.0,400.6
1786590940.318663,3575.5,397.1,4407.0,8379.7,400.6
1786590940.418680,3972.8,397.1,4407.0,8777.0,400.6
1786590940.518696,3972.8,397.1,4407.0,8777.0,400.6
1786590940.618693,3575.5,397.1,4407.0,8379.7,400.6
1786590940.718743,3972.8,397.1,4407.0,8777.0,400.6
1786590940.818758,3972.8,397.1,4407.0,8777.0,400.6
1786590940.918698,3972.8,397.1,4407.0,8777.0,400.6
1786590941.018998,3972.8,794.2,4407.0,9174.1,400.6
1786590941.118649,3972.8,397.1,4407.0,8777.0,400.0
1786590941.218653,3972.8,397.1,4407.0,8777.0,400.6
1786590941.318638,3972.8,397.1,4407.0,8777.0,400.6
1786590941.418655,3972.8,397.1,4407.0,8777.0,400.6
1786590941.518803,3972.8,397.1,4407.0,8777.0,400.6
1786590941.618673,3972.8,397.1,4407.0,8777.0,400.6
1786590941.718712,3575.5,397.1,4407.0,8379.7,400.6
1786590941.818703,3972.8,397.1,4407.0,8777.0,400.6
1786590941.918643,3972.8,397.1,4407.0,8777.0,400.6
1786590942.018712,3972.8,397.1,4407.0,8777.0,400.6
1786590942.118804,3972.8,397.1,4407.0,8777.0,400.6
1786590942.218643,3972.8,397.1,4407.0,8777.0,400.6
1786590942.318624,3972.8,397.1,4407.0,8777.0,400.6
1786590942.418720,3972.8,397.1,4407.0,8777.0,400.6
1786590942.518705,3575.5,397.1,4407.0,8379.7,400.6
1786590942.618710,3972.8,397.1,4407.0,8777.0,400.6
1786590942.718825,3972.8,397.1,4407.0,8777.0,400.0
1786590942.818723,3972.8,397.1,4407.0,8777.0,400.6
1786590942.918693,3972.8,397.1,4407.0,8777.0,400.6
1786590943.018851,3972.8,397.1,4407.0,8777.0,400.6
1786590943.118692,3972.8,397.1,4407.0,8777.0,400.6
1786590943.218917,3972.8,794.2,4407.0,9174.1,400.6
1786590943.318683,3972.8,397.1,4407.0,8777.0,400.6
1786590943.418679,3972.8,397.1,4407.0,8777.0,400.6
1786590943.518836,3972.8,397.1,4407.0,8777.0,400.6
1786590943.618685,3575.5,397.1,4407.0,8379.7,400.6
1786590943.718691,3972.8,397.1,4407.0,8777.0,400.6
1786590943.818692,3972.8,397.1,4407.0,8777.0,400.6
1786590943.918657,3972.8,397.1,4407.0,8777.0,400.6
1786590944.018924,3972.8,794.2,4507.2,9274.2,500.8
1786590944.118947,3972.8,794.2,4507.2,9274.2,500.8
1786590944.219243,3972.8,1191.4,4607.4,9771.5,601.0
1786590944.318993,3972.8,1191.4,4607.4,9771.5,601.0
1786590944.418698,3972.8,794.2,4607.4,9374.4,500.8
1786590944.518667,3972.8,794.2,4507.2,9274.2,500.8
1786590944.618657,3972.8,794.2,4507.2,9274.2,500.8
1786590944.718720,3972.8,794.2,4507.2,9274.2,500.8
1786590944.818707,3972.8,794.2,4507.2,9274.2,400.6
1786590944.918699,3972.8,794.2,4407.0,9174.1,400.0
1786590945.018854,3972.8,794.2,4407.0,9174.1,400.6
1786590945.118690,3972.8,794.2,4407.0,9174.1,400.6
1786590945.218713,3972.8,397.1,4407.0,8777.0,400.6
1786590945.318687,3972.8,397.1,4407.0,8777.0,400.6
1786590945.418687,3972.8,397.1,4407.0,8777.0,400.0
1786590945.518971,3972.8,794.2,4407.0,9174.1,400.6
1786590945.618719,3972.8,397.1,4407.0,8777.0,400.6
1786590945.718734,3972.8,397.1,4407.0,8777.0,400.6
1786590945.818733,3972.8,397.1,4407.0,8777.0,400.6
1786590945.918712,3575.5,397.1,4407.0,8379.7,400.6
1786590946.018736,3972.8,397.1,4407.0,8777.0,400.6
1786590946.118706,3575.5,397.1,4407.0,8379.7,400.6
1786590946.218703,3575.5,397.1,4407.0,8379.7,400.0
1786590946.319103,3972.8,794.2,4507.2,9274.2,500.8
1786590946.418691,3972.8,794.2,4407.0,9174.1,400.6
1786590946.518657,3972.8,794.2,4407.0,9174.1,400.6
1786590946.618615,3575.5,794.2,4407.0,8776.8,400.6
1786590946.718674,3972.8,397.1,4407.0,8777.0,400.6
1786590946.818681,3972.8,397.1,4407.0,8777.0,400.6
1786590946.918716,3972.8,397.1,4407.0,8777.0,400.6
1786590947.018773,3972.8,397.1,4407.0,8777.0,400.6
1786590947.118639,3972.8,397.1,4407.0,8777.0,400.6
1786590947.218676,3972.8,397.1,4407.0,8777.0,400.6
1786590947.318933,3972.8,794.2,4407.0,9174.1,400.6
1786590947.418659,3972.8,794.2,4407.0,9174.1,400.6
1786590947.518764,3972.8,397.1,4407.0,8777.0,400.6
1786590947.618688,3972.8,397.1,4407.0,8777.0,400.6
1786590947.718920,3972.8,794.2,4407.0,9174.1,400.6
1786590947.818673,3972.8,794.2,4407.0,9174.1,400.6
1786590947.918668,3972.8,397.1,4407.0,8777.0,400.6
1786590948.018652,3972.8,397.1,4407.0,8777.0,400.6
1786590948.118679,3972.8,397.1,4407.0,8777.0,400.6
1786590948.218678,3972.8,397.1,4407.0,8777.0,400.6
1786590948.318683,3972.8,397.1,4407.0,8777.0,400.6
1786590948.418654,3972.8,397.1,4407.0,8777.0,400.6
1786590948.518769,3972.8,397.1,4407.0,8777.0,400.6
1786590948.618653,3575.5,397.1,4407.0,8379.7,400.6
1786590948.718747,3972.8,397.1,4407.0,8777.0,400.6
1786590948.818737,3972.8,397.1,4407.0,8777.0,400.6
1786590948.918710,3972.8,397.1,4407.0,8777.0,400.6
1786590949.018821,3972.8,397.1,4407.0,8777.0,400.6
1786590949.118700,3972.8,397.1,4407.0,8777.0,400.6
1786590949.218676,3972.8,397.1,4407.0,8777.0,400.6
1786590949.318669,3972.8,397.1,4407.0,8777.0,400.0
1786590949.418652,3972.8,397.1,4407.0,8777.0,400.0
1786590949.518975,3972.8,794.2,4407.0,9174.1,500.8
1786590949.618924,3972.8,794.2,4507.2,9274.2,500.8
1786590949.719576,3972.8,1191.4,4607.4,9771.5,601.0
1786590949.818977,3972.8,1190.9,4607.4,9771.0,601.0
1786590949.918709,3972.8,1191.4,4607.4,9771.5,601.0
1786590950.018636,3972.8,794.2,4507.2,9274.2,500.8
1786590950.118654,3972.8,794.2,4507.2,9274.2,500.8
1786590950.218677,3972.8,794.2,4507.2,9274.2,500.8
1786590950.318655,3972.8,794.2,4507.2,9274.2,400.6
1786590950.418676,3972.8,794.2,4407.0,9174.1,400.6
1786590950.518698,3972.8,794.2,4407.0,9174.1,400.6
1786590950.618659,3575.5,794.2,4407.0,8776.8,400.6
1786590950.718745,3972.8,397.1,4407.0,8777.0,400.6
1786590950.818710,3972.8,397.1,4407.0,8777.0,400.6
1786590950.918873,3972.8,397.1,4407.0,8777.0,400.6
1786590951.018782,3972.8,397.1,4407.0,8777.0,400.6
1786590951.118651,3972.8,397.1,4407.0,8777.0,400.6
1786590951.218637,3575.5,397.1,4407.0,8379.7,400.6
1786590951.318646,3972.8,397.1,4407.0,8777.0,400.6
1786590951.418672,3972.8,397.1,4407.0,8777.0,400.6
1786590951.518749,3972.8,397.1,4407.0,8777.0,400.6
1786590951.618704,3972.8,397.1,4407.0,8777.0,400.6
1786590951.718752,3972.8,397.1,4407.0,8777.0,400.6
1786590951.818683,3972.8,397.1,4407.0,8777.0,400.6
1786590951.918718,3575.5,397.1,4407.0,8379.7,400.6
1786590952.018963,3972.8,397.1,4407.0,8777.0,400.6
1786590952.118714,3972.8,397.1,4407.0,8777.0,400.6
1786590952.218660,3972.8,397.1,4407.0,8777.0,400.6
1786590952.318662,3972.8,397.1,4407.0,8777.0,400.6
1786590952.418696,3972.8,397.1,4407.0,8777.0,400.6
1786590952.518711,3972.8,397.1,4407.0,8777.0,400.6
1786590952.618718,3972.8,397.1,4407.0,8777.0,400.6
1786590952.718951,3972.8,397.1,4407.0,8777.0,400.6
1786590952.818708,3575.5,397.1,4407.0,8379.7,400.6
1786590952.918792,3972.8,397.1,4407.0,8777.0,400.6
1786590953.018839,3972.8,397.1,4407.0,8777.0,400.6
1786590953.118686,3575.5,397.1,4407.0,8379.7,400.0
1786590953.218672,3972.8,397.1,4407.0,8777.0,400.6
1786590953.318659,3972.8,397.1,4407.0,8777.0,400.0
1786590953.418676,3972.8,397.1,4407.0,8777.0,400.6
1786590953.518817,3972.8,794.2,4407.0,9174.1,400.6
1786590953.618665,3972.8,397.1,4407.0,8777.0,400.0
1786590953.718705,3972.8,397.1,4407.0,8777.0,400.6
1786590953.818740,3972.8,397.1,4407.0,8777.0,400.6
1786590953.918687,3972.8,397.1,4407.0,8777.0,400.6
1786590954.018636,3972.8,397.1,4407.0,8777.0,400.0
1786590954.118633,3972.8,397.1,4407.0,8777.0,400.6
1786590954.218925,3972.8,794.2,4407.0,9174.1,400.6
1786590954.318643,3972.8,397.1,4407.0,8777.0,400.6
1786590954.418637,3972.8,397.1,4407.0,8777.0,400.6
1786590954.518651,3972.8,397.1,4407.0,8777.0,400.6
1786590954.618669,3972.8,397.1,4407.0,8777.0,400.6
1786590954.718704,3972.8,397.1,4407.0,8777.0,400.6
1786590954.818656,3972.8,397.1,4407.0,8777.0,400.6
1786590954.918745,3972.8,397.1,4407.0,8777.0,400.6
1786590955.019119,3972.8,794.2,4507.2,9274.2,500.8
1786590955.118895,3972.8,794.2,4507.2,9274.2,500.8
1786590955.219212,3972.8,1191.4,4607.4,9771.5,601.0
1786590955.318944,3972.8,1191.4,4607.4,9771.5,601.0
1786590955.418662,3972.8,1191.4,4607.4,9771.5,500.8
1786590955.518805,3972.8,794.2,4507.2,9274.2,500.8
1786590955.618646,3972.8,794.2,4507.2,9274.2,500.8
1786590955.718644,3972.8,794.2,4507.2,9274.2,500.8
1786590955.818652,3972.8,794.2,4507.2,9274.2,400.6
1786590955.918795,3972.8,794.2,4407.0,9174.1,400.6
1786590956.018685,3972.8,794.2,4407.0,9174.1,400.6
1786590956.118665,3972.8,794.2,4407.0,9174.1,400.6
1786590956.218669,3972.8,397.1,4407.0,8777.0,400.6
1786590956.318657,3972.8,397.1,4407.0,8777.0,400.6
1786590956.418653,3972.8,397.1,4407.0,8777.0,400.6
1786590956.518885,3972.8,794.2,4407.0,9174.1,400.6
1786590956.618617,3972.8,397.1,4407.0,8777.0,400.6
1786590956.718679,3575.5,397.1,4407.0,8379.7,400.6
1786590956.818644,3972.8,397.1,4407.0,8777.0,400.6
1786590956.918731,3972.8,397.1,4407.0,8777.0,400.6
1786590957.018681,3972.8,397.1,4407.0,8777.0,400.6
1786590957.118786,3972.8,397.1,4407.0,8777.0,400.6
1786590957.218687,3972.8,397.1,4407.0,8777.0,400.6
1786590957.318975,3972.8,794.2,4407.0,9174.1,400.6
1786590957.418907,3972.8,794.2,4407.0,9174.1,400.6
1786590957.518812,3972.8,794.2,4407.0,9174.1,400.6
1786590957.618636,3575.5,397.1,4407.0,8379.7,400.6
1786590957.718882,3972.8,794.2,4407.0,9174.1,400.6
1786590957.818903,3972.8,794.2,4507.2,9274.2,500.8
1786590957.919106,3972.8,1191.4,4607.4,9771.5,601.0
1786590958.019008,3972.8,1191.4,4607.4,9771.5,601.0
1786590958.118870,3972.8,1191.4,4607.4,9771.5,601.0
1786590958.218617,3972.8,794.2,4607.4,9374.4,500.8
1786590958.318634,3972.8,794.2,4507.2,9274.2,500.8
1786590958.418700,3972.8,794.2,4507.2,9274.2,500.8
1786590958.518677,3972.8,794.2,4507.2,9274.2,400.6
1786590958.618669,3972.8,793.9,4407.0,9173.8,400.6
1786590958.718932,3972.8,793.9,4507.2,9273.9,400.6
1786590958.818662,3972.8,793.9,4407.0,9173.8,400.6
1786590958.918727,3972.8,793.9,4407.0,9173.8,400.6
1786590959.018655,3972.8,793.9,4407.0,9173.8,400.6
1786590959.118774,3972.8,794.2,4407.0,9174.1,400.6
1786590959.218697,3575.5,397.1,4407.0,8379.7,400.0
1786590959.318682,3972.8,397.1,4407.0,8777.0,400.6
1786590959.418683,3972.8,397.1,4407.0,8777.0,400.6
1786590959.518708,3972.8,397.1,4407.0,8777.0,400.6
1786590959.618683,3972.8,397.1,4407.0,8777.0,400.0
1786590959.718679,3972.8,397.1,4407.0,8777.0,400.6
1786590959.818700,3575.5,397.1,4407.0,8379.7,400.6
1786590959.918724,3972.8,397.1,4407.0,8777.0,400.6
1786590960.018706,3972.8,397.1,4407.0,8777.0,400.6
1786590960.118757,3972.8,397.1,4407.0,8777.0,400.6
1786590960.218688,3575.5,397.1,4407.0,8379.7,400.6
1786590960.318686,3972.8,397.1,4407.0,8777.0,400.6
1786590960.418685,3972.8,397.1,4407.0,8777.0,400.6
1786590960.518987,3972.8,794.2,4407.0,9174.1,500.8
1786590960.619022,3972.8,794.2,4507.2,9274.2,500.8
1786590960.719224,3972.8,1191.4,4607.4,9771.5,601.0
1786590960.818906,3972.8,1191.4,4607.4,9771.5,601.0
1786590960.918777,3972.8,1191.4,4607.4,9771.5,601.0
1786590961.018687,3972.8,794.2,4607.4,9374.4,500.8
1786590961.118699,3972.8,794.2,4507.2,9274.2,500.8
1786590961.218620,3972.8,794.2,4507.2,9274.2,500.8
1786590961.318668,3972.8,794.2,4507.2,9274.2,400.6
1786590961.418658,3972.8,794.2,4407.0,9174.1,400.6
1786590961.518689,3972.8,794.2,4407.0,9174.1,400.6
1786590961.618659,3972.8,794.2,4407.0,9174.1,400.6
1786590961.718657,3972.8,397.1,4407.0,8777.0,400.6
1786590961.818714,3972.8,397.1,4407.0,8777.0,400.6
1786590961.918730,3972.8,397.1,4407.0,8777.0,400.0
1786590962.018701,3972.8,397.1,4407.0,8777.0,400.6
1786590962.118732,3972.8,397.1,4407.0,8777.0,400.0
1786590962.218671,3972.8,397.1,4407.0,8777.0,400.6
1786590962.318789,3972.8,397.1,4407.0,8777.0,400.6
1786590962.418729,3972.8,397.1,4407.0,8777.0,400.6
1786590962.518662,3972.8,397.1,4407.0,8777.0,400.6
1786590962.618651,3972.8,397.1,4407.0,8777.0,400.0
1786590962.718649,3575.5,397.1,4407.0,8379.7,400.6
1786590962.818651,3972.8,397.1,4407.0,8777.0,400.6
1786590962.918812,3972.8,397.1,4407.0,8777.0,400.0
1786590963.018902,3972.8,397.1,4407.0,8777.0,400.6
1786590963.118856,3972.8,397.1,4407.0,8777.0,400.0
1786590963.218665,3575.5,397.1,4407.0,8379.7,400.6
1786590963.318657,3972.8,397.1,4407.0,8777.0,400.6
1786590963.418622,3972.8,397.1,4407.0,8777.0,400.6
1786590963.518668,3972.8,397.1,4407.0,8777.0,400.6
1786590963.618703,3972.8,397.1,4407.0,8777.0,400.6
1786590963.718645,3972.8,397.1,4407.0,8777.0,400.6
1786590963.818681,3972.8,397.1,4407.0,8777.0,400.6
1786590963.918721,3972.8,397.1,4407.0,8777.0,400.6
1786590964.018714,3972.8,397.1,4407.0,8777.0,400.0
1786590964.118715,3972.8,397.1,4407.0,8777.0,400.0
1786590964.218665,3972.8,397.1,4407.0,8777.0,400.6
1786590964.318651,3575.5,397.1,4407.0,8379.7,400.6
1786590964.418661,3972.8,397.1,4407.0,8777.0,400.6
1786590964.518681,3575.5,397.1,4407.0,8379.7,400.6
1786590964.618659,3575.5,397.1,4407.0,8379.7,400.6
1786590964.718647,3575.5,397.1,4407.0,8379.7,400.6
1786590964.818652,3972.8,397.1,4407.0,8777.0,400.6
1786590964.918741,3972.8,397.1,4407.0,8777.0,400.6
1786590965.018695,3972.8,397.1,4407.0,8777.0,400.6
1786590965.118734,3575.5,397.1,4407.0,8379.7,400.0
1786590965.218941,3972.8,794.2,4407.0,9174.1,400.6
1786590965.318712,3575.5,397.1,4407.0,8379.7,400.6
1786590965.418630,3972.8,397.1,4407.0,8777.0,400.6
1786590965.518676,3972.8,397.1,4407.0,8777.0,400.6
1786590965.618642,3972.8,397.1,4407.0,8777.0,400.6
1786590965.718723,3972.8,397.1,4407.0,8777.0,400.6
1786590965.818674,3972.8,397.1,4407.0,8777.0,400.6
1786590965.918906,3972.8,793.9,4407.0,9173.8,400.6
1786590966.018922,3972.8,793.9,4507.2,9273.9,500.8
1786590966.119082,3972.8,1190.9,4607.4,9771.0,601.0
1786590966.219082,3972.8,1190.9,4607.4,9771.0,601.0
1786590966.318990,3972.8,1191.4,4607.4,9771.5,601.0
1786590966.418936,3972.8,1191.4,4607.4,9771.5,601.0
1786590966.518630,3972.8,794.2,4607.4,9374.4,500.8
1786590966.618654,3972.8,794.2,4507.2,9274.2,500.8
1786590966.718619,3972.8,794.2,4507.2,9274.2,500.8
1786590966.818634,3972.8,794.2,4507.2,9274.2,400.6
1786590966.918684,3972.8,794.2,4407.0,9174.1,400.6
1786590967.018714,3972.8,794.2,4407.0,9174.1,400.6
1786590967.118781,3972.8,794.2,4407.0,9174.1,400.0
1786590967.218655,3972.8,397.1,4407.0,8777.0,400.0
1786590967.318658,3972.8,397.1,4407.0,8777.0,400.6
1786590967.418957,3972.8,794.2,4407.0,9174.1,400.6
1786590967.518881,3972.8,794.2,4407.0,9174.1,400.6
1786590967.618650,3972.8,794.2,4407.0,9174.1,400.6
1786590967.718662,3972.8,794.2,4407.0,9174.1,400.6
1786590967.818614,3575.5,397.1,4407.0,8379.7,400.0
1786590967.918655,3972.8,397.1,4407.0,8777.0,400.6
1786590968.018785,3972.8,397.1,4407.0,8777.0,400.6
1786590968.118737,3575.5,397.1,4407.0,8379.7,400.6
1786590968.218682,3972.8,397.1,4407.0,8777.0,400.6
1786590968.318666,3972.8,397.1,4407.0,8777.0,400.6
1786590968.418668,3972.8,397.1,4407.0,8777.0,400.0
1786590968.518692,3575.5,397.1,4407.0,8379.7,400.6
1786590968.618690,3972.8,397.1,4407.0,8777.0,400.6
1786590968.718680,3972.8,397.1,4407.0,8777.0,400.6
1786590968.818697,3972.8,397.1,4407.0,8777.0,400.6
1786590968.918669,3972.8,397.1,4407.0,8777.0,400.6
1786590969.018817,3972.8,397.1,4407.0,8777.0,400.6
1786590969.118700,3972.8,397.1,4407.0,8777.0,400.6
1786590969.218621,3972.8,397.1,4407.0,8777.0,400.0
1786590969.318664,3575.5,397.1,4407.0,8379.7,400.6
1786590969.418665,3972.8,397.1,4407.0,8777.0,400.6
1786590969.518663,3972.8,397.1,4407.0,8777.0,400.6
1786590969.618687,3972.8,397.1,4407.0,8777.0,400.6
1786590969.718906,3972.8,397.1,4407.0,8777.0,400.6
1786590969.818637,3972.8,397.1,4407.0,8777.0,400.6
1786590969.918618,3972.8,397.1,4407.0,8777.0,400.6
1786590970.018697,3972.8,397.1,4407.0,8777.0,400.6
1786590970.118710,3972.8,397.1,4407.0,8777.0,400.6
1786590970.218667,3972.8,397.1,4407.0,8777.0,400.6
1786590970.318685,3972.8,397.1,4407.0,8777.0,400.6
1786590970.418667,3972.8,397.1,4407.0,8777.0,400.6
1786590970.518689,3575.5,397.1,4407.0,8379.7,400.6
1786590970.618654,3972.8,397.1,4407.0,8777.0,400.6
1786590970.718657,3972.8,397.1,4407.0,8777.0,400.6
1786590970.818670,3972.8,397.1,4407.0,8777.0,400.6
1786590970.918647,3972.8,397.1,4407.0,8777.0,400.6
1786590971.018956,3972.8,794.2,4507.2,9274.2,500.8
1786590971.118958,3972.8,794.2,4507.2,9274.2,500.8
1786590971.219260,3972.8,1191.4,4607.4,9771.5,601.0
1786590971.318982,3972.8,1191.4,4607.4,9771.5,601.0
1786590971.418657,3972.8,794.2,4607.4,9374.4,500.8
1786590971.519055,3972.8,1191.4,4607.4,9771.5,601.0
1786590971.618839,3972.8,1191.4,4607.4,9771.5,601.0
1786590971.719144,3972.8,1191.4,4707.5,9871.7,601.0
1786590971.818957,3972.8,1191.4,4707.5,9871.7,701.1
1786590971.918646,3972.8,1191.4,4607.4,9771.5,601.0
1786590972.018623,3972.8,1191.4,4607.4,9771.5,500.8
1786590972.118839,3972.8,794.2,4607.4,9374.4,500.8
1786590972.218670,3972.8,794.2,4507.2,9274.2,500.8
1786590972.318727,3972.8,794.2,4507.2,9274.2,500.8
1786590972.418707,3972.8,794.2,4507.2,9274.2,400.6
1786590972.518677,3972.8,794.2,4407.0,9174.1,400.6
1786590972.618659,3972.8,794.2,4407.0,9174.1,400.6
1786590972.718674,3972.8,794.2,4407.0,9174.1,400.6
1786590972.818645,3972.8,397.1,4407.0,8777.0,400.6
